  0
SECTION
  2
HEADER
  9
$ACADVER
  1
AC1032
  9
$ACADMAINTVER
 90
4
  9
$DWGCODEPAGE
  3
ANSI_1252
  9
$LASTSAVEDBY
  1
ezdxf
  9
$REQUIREDVERSIONS
160
0
  9
$INSBASE
 10
0.0
 20
0.0
 30
0.0
  9
$EXTMIN
 10
1e+20
 20
1e+20
 30
1e+20
  9
$EXTMAX
 10
-1e+20
 20
-1e+20
 30
-1e+20
  9
$LIMMIN
 10
0.0
 20
0.0
  9
$LIMMAX
 10
420.0
 20
297.0
  9
$ORTHOMODE
 70
0
  9
$REGENMODE
 70
1
  9
$FILLMODE
 70
1
  9
$QTEXTMODE
 70
0
  9
$MIRRTEXT
 70
1
  9
$LTSCALE
 40
8.0
  9
$ATTMODE
 70
1
  9
$TEXTSIZE
 40
2.5
  9
$TRACEWID
 40
1.0
  9
$TEXTSTYLE
  7
OpenSans
  9
$CLAYER
  8
0
  9
$CELTYPE
  6
ByLayer
  9
$CECOLOR
 62
256
  9
$CELTSCALE
 40
1.0
  9
$DISPSILH
 70
0
  9
$DIMSCALE
 40
1.0
  9
$DIMASZ
 40
0.175
  9
$DIMEXO
 40
0.125
  9
$DIMDLI
 40
3.75
  9
$DIMRND
 40
0.0
  9
$DIMDLE
 40
0.0
  9
$DIMEXE
 40
0.375
  9
$DIMTP
 40
0.0
  9
$DIMTM
 40
0.0
  9
$DIMTXT
 40
0.25
  9
$DIMCEN
 40
2.5
  9
$DIMTSZ
 40
0.0
  9
$DIMTOL
 70
0
  9
$DIMLIM
 70
0
  9
$DIMTIH
 70
0
  9
$DIMTOH
 70
0
  9
$DIMSE1
 70
0
  9
$DIMSE2
 70
0
  9
$DIMTAD
 70
1
  9
$DIMZIN
 70
12
  9
$DIMBLK
  1
ARCHTICK
  9
$DIMASO
 70
1
  9
$DIMSHO
 70
1
  9
$DIMPOST
  1

  9
$DIMAPOST
  1

  9
$DIMALT
 70
0
  9
$DIMALTD
 70
3
  9
$DIMALTF
 40
0.03937007874
  9
$DIMLFAC
 40
100.0
  9
$DIMTOFL
 70
1
  9
$DIMTVP
 40
0.0
  9
$DIMTIX
 70
0
  9
$DIMSOXD
 70
0
  9
$DIMSAH
 70
0
  9
$DIMBLK1
  1

  9
$DIMBLK2
  1

  9
$DIMSTYLE
  2
EZDXF
  9
$DIMCLRD
 70
0
  9
$DIMCLRE
 70
0
  9
$DIMCLRT
 70
0
  9
$DIMTFAC
 40
0.5
  9
$DIMGAP
 40
0.1
  9
$DIMJUST
 70
0
  9
$DIMSD1
 70
0
  9
$DIMSD2
 70
0
  9
$DIMTOLJ
 70
0
  9
$DIMTZIN
 70
8
  9
$DIMALTZ
 70
0
  9
$DIMALTTZ
 70
0
  9
$DIMUPT
 70
1
  9
$DIMDEC
 70
2
  9
$DIMTDEC
 70
2
  9
$DIMALTU
 70
2
  9
$DIMALTTD
 70
3
  9
$DIMTXSTY
  7
OpenSansCondensed-Light
  9
$DIMAUNIT
 70
0
  9
$DIMADEC
 70
2
  9
$DIMALTRND
 40
0.0
  9
$DIMAZIN
 70
3
  9
$DIMDSEP
 70
46
  9
$DIMATFIT
 70
3
  9
$DIMFRAC
 70
0
  9
$DIMLDRBLK
  1

  9
$DIMLUNIT
 70
2
  9
$DIMLWD
 70
-2
  9
$DIMLWE
 70
-2
  9
$DIMTMOVE
 70
2
  9
$DIMFXL
 40
1.0
  9
$DIMFXLON
 70
0
  9
$DIMJOGANG
 40
0.785398163397
  9
$DIMTFILL
 70
0
  9
$DIMTFILLCLR
 70
0
  9
$DIMARCSYM
 70
0
  9
$DIMLTYPE
  6

  9
$DIMLTEX1
  6

  9
$DIMLTEX2
  6

  9
$DIMTXTDIRECTION
 70
0
  9
$LUNITS
 70
2
  9
$LUPREC
 70
4
  9
$SKETCHINC
 40
1.0
  9
$FILLETRAD
 40
10.0
  9
$AUNITS
 70
0
  9
$AUPREC
 70
2
  9
$MENU
  1
.
  9
$ELEVATION
 40
0.0
  9
$PELEVATION
 40
0.0
  9
$THICKNESS
 40
0.0
  9
$LIMCHECK
 70
0
  9
$CHAMFERA
 40
0.0
  9
$CHAMFERB
 40
0.0
  9
$CHAMFERC
 40
0.0
  9
$CHAMFERD
 40
0.0
  9
$SKPOLY
 70
0
  9
$TDCREATE
 40
2461308.7074074075
  9
$TDUCREATE
 40
2458532.153996898
  9
$TDUPDATE
 40
2461308.7074074075
  9
$TDUUPDATE
 40
2458532.1544311
  9
$TDINDWG
 40
0.0
  9
$TDUSRTIMER
 40
0.0
  9
$USRTIMER
 70
1
  9
$ANGBASE
 50
0.0
  9
$ANGDIR
 70
0
  9
$PDMODE
 70
0
  9
$PDSIZE
 40
0.0
  9
$PLINEWID
 40
0.0
  9
$SPLFRAME
 70
0
  9
$SPLINETYPE
 70
6
  9
$SPLINESEGS
 70
8
  9
$HANDSEED
  5
208
  9
$SURFTAB1
 70
6
  9
$SURFTAB2
 70
6
  9
$SURFTYPE
 70
6
  9
$SURFU
 70
6
  9
$SURFV
 70
6
  9
$UCSBASE
  2

  9
$UCSNAME
  2

  9
$UCSORG
 10
0.0
 20
0.0
 30
0.0
  9
$UCSXDIR
 10
1.0
 20
0.0
 30
0.0
  9
$UCSYDIR
 10
0.0
 20
1.0
 30
0.0
  9
$UCSORTHOREF
  2

  9
$UCSORTHOVIEW
 70
0
  9
$UCSORGTOP
 10
0.0
 20
0.0
 30
0.0
  9
$UCSORGBOTTOM
 10
0.0
 20
0.0
 30
0.0
  9
$UCSORGLEFT
 10
0.0
 20
0.0
 30
0.0
  9
$UCSORGRIGHT
 10
0.0
 20
0.0
 30
0.0
  9
$UCSORGFRONT
 10
0.0
 20
0.0
 30
0.0
  9
$UCSORGBACK
 10
0.0
 20
0.0
 30
0.0
  9
$PUCSBASE
  2

  9
$PUCSNAME
  2

  9
$PUCSORG
 10
0.0
 20
0.0
 30
0.0
  9
$PUCSXDIR
 10
1.0
 20
0.0
 30
0.0
  9
$PUCSYDIR
 10
0.0
 20
1.0
 30
0.0
  9
$PUCSORTHOREF
  2

  9
$PUCSORTHOVIEW
 70
0
  9
$PUCSORGTOP
 10
0.0
 20
0.0
 30
0.0
  9
$PUCSORGBOTTOM
 10
0.0
 20
0.0
 30
0.0
  9
$PUCSORGLEFT
 10
0.0
 20
0.0
 30
0.0
  9
$PUCSORGRIGHT
 10
0.0
 20
0.0
 30
0.0
  9
$PUCSORGFRONT
 10
0.0
 20
0.0
 30
0.0
  9
$PUCSORGBACK
 10
0.0
 20
0.0
 30
0.0
  9
$USERI1
 70
0
  9
$USERI2
 70
0
  9
$USERI3
 70
0
  9
$USERI4
 70
0
  9
$USERI5
 70
0
  9
$USERR1
 40
0.0
  9
$USERR2
 40
0.0
  9
$USERR3
 40
0.0
  9
$USERR4
 40
0.0
  9
$USERR5
 40
0.0
  9
$WORLDVIEW
 70
1
  9
$SHADEDGE
 70
3
  9
$SHADEDIF
 70
70
  9
$TILEMODE
 70
1
  9
$MAXACTVP
 70
64
  9
$PINSBASE
 10
0.0
 20
0.0
 30
0.0
  9
$PLIMCHECK
 70
0
  9
$PEXTMIN
 10
1e+20
 20
1e+20
 30
1e+20
  9
$PEXTMAX
 10
-1e+20
 20
-1e+20
 30
-1e+20
  9
$PLIMMIN
 10
0.0
 20
0.0
  9
$PLIMMAX
 10
420.0
 20
297.0
  9
$UNITMODE
 70
0
  9
$VISRETAIN
 70
1
  9
$PLINEGEN
 70
0
  9
$PSLTSCALE
 70
1
  9
$TREEDEPTH
 70
3020
  9
$CMLSTYLE
  2
Standard
  9
$CMLJUST
 70
0
  9
$CMLSCALE
 40
20.0
  9
$PROXYGRAPHICS
 70
1
  9
$MEASUREMENT
 70
1
  9
$CELWEIGHT
370
-1
  9
$ENDCAPS
280
0
  9
$JOINSTYLE
280
0
  9
$LWDISPLAY
290
0
  9
$INSUNITS
 70
4
  9
$HYPERLINKBASE
  1

  9
$STYLESHEET
  1

  9
$XEDIT
290
1
  9
$CEPSNTYPE
380
0
  9
$PSTYLEMODE
290
1
  9
$FINGERPRINTGUID
  2
{FE905ECE-8D58-4F87-BDA0-79E180BDCED6}
  9
$VERSIONGUID
  2
{170AEC83-9F6D-4BB8-BD5D-57A3B4BA50F9}
  9
$EXTNAMES
290
1
  9
$PSVPSCALE
 40
0.0
  9
$OLESTARTUP
290
0
  9
$SORTENTS
280
127
  9
$INDEXCTL
280
0
  9
$HIDETEXT
280
1
  9
$XCLIPFRAME
280
1
  9
$HALOGAP
280
0
  9
$OBSCOLOR
 70
257
  9
$OBSLTYPE
280
0
  9
$INTERSECTIONDISPLAY
280
0
  9
$INTERSECTIONCOLOR
 70
257
  9
$DIMASSOC
280
2
  9
$PROJECTNAME
  1

  9
$CAMERADISPLAY
290
0
  9
$LENSLENGTH
 40
50.0
  9
$CAMERAHEIGHT
 40
0.0
  9
$STEPSPERSEC
 40
24.0
  9
$STEPSIZE
 40
100.0
  9
$3DDWFPREC
 40
2.0
  9
$PSOLWIDTH
 40
0.005
  9
$PSOLHEIGHT
 40
0.08
  9
$LOFTANG1
 40
1.570796326795
  9
$LOFTANG2
 40
1.570796326795
  9
$LOFTMAG1
 40
0.0
  9
$LOFTMAG2
 40
0.0
  9
$LOFTPARAM
 70
7
  9
$LOFTNORMALS
280
1
  9
$LATITUDE
 40
37.795
  9
$LONGITUDE
 40
-122.394
  9
$NORTHDIRECTION
 40
0.0
  9
$TIMEZONE
 70
-8000
  9
$LIGHTGLYPHDISPLAY
280
1
  9
$TILEMODELIGHTSYNCH
280
1
  9
$CMATERIAL
347
20
  9
$SOLIDHIST
280
0
  9
$SHOWHIST
280
1
  9
$DWFFRAME
280
2
  9
$DGNFRAME
280
2
  9
$REALWORLDSCALE
290
1
  9
$INTERFERECOLOR
 62
256
  9
$CSHADOW
280
0
  9
$SHADOWPLANELOCATION
 40
0.0
  0
ENDSEC
  0
SECTION
  2
CLASSES
  0
CLASS
  1
ACDBDICTIONARYWDFLT
  2
AcDbDictionaryWithDefault
  3
ObjectDBX Classes
 90
0
 91
0
280
0
281
0
  0
CLASS
  1
SUN
  2
AcDbSun
  3
SCENEOE
 90
1153
 91
0
280
0
281
0
  0
CLASS
  1
VISUALSTYLE
  2
AcDbVisualStyle
  3
ObjectDBX Classes
 90
4095
 91
0
280
0
281
0
  0
CLASS
  1
MATERIAL
  2
AcDbMaterial
  3
ObjectDBX Classes
 90
1153
 91
0
280
0
281
0
  0
CLASS
  1
SCALE
  2
AcDbScale
  3
ObjectDBX Classes
 90
1153
 91
0
280
0
281
0
  0
CLASS
  1
TABLESTYLE
  2
AcDbTableStyle
  3
ObjectDBX Classes
 90
4095
 91
0
280
0
281
0
  0
CLASS
  1
MLEADERSTYLE
  2
AcDbMLeaderStyle
  3
ACDB_MLEADERSTYLE_CLASS
 90
4095
 91
0
280
0
281
0
  0
CLASS
  1
DICTIONARYVAR
  2
AcDbDictionaryVar
  3
ObjectDBX Classes
 90
0
 91
0
280
0
281
0
  0
CLASS
  1
CELLSTYLEMAP
  2
AcDbCellStyleMap
  3
ObjectDBX Classes
 90
1152
 91
0
280
0
281
0
  0
CLASS
  1
MENTALRAYRENDERSETTINGS
  2
AcDbMentalRayRenderSettings
  3
SCENEOE
 90
1024
 91
0
280
0
281
0
  0
CLASS
  1
ACDBDETAILVIEWSTYLE
  2
AcDbDetailViewStyle
  3
ObjectDBX Classes
 90
1025
 91
0
280
0
281
0
  0
CLASS
  1
ACDBSECTIONVIEWSTYLE
  2
AcDbSectionViewStyle
  3
ObjectDBX Classes
 90
1025
 91
0
280
0
281
0
  0
CLASS
  1
RASTERVARIABLES
  2
AcDbRasterVariables
  3
ISM
 90
0
 91
0
280
0
281
0
  0
CLASS
  1
ACDBPLACEHOLDER
  2
AcDbPlaceHolder
  3
ObjectDBX Classes
 90
0
 91
0
280
0
281
0
  0
CLASS
  1
LAYOUT
  2
AcDbLayout
  3
ObjectDBX Classes
 90
0
 91
0
280
0
281
0
  0
ENDSEC
  0
SECTION
  2
TABLES
  0
TABLE
  2
VPORT
  5
8
330
0
100
AcDbSymbolTable
 70
1
  0
VPORT
  5
23
330
8
100
AcDbSymbolTableRecord
100
AcDbViewportTableRecord
  2
*Active
 70
0
 10
0.0
 20
0.0
 11
1.0
 21
1.0
 12
0.0
 22
0.0
 13
0.0
 23
0.0
 14
0.5
 24
0.5
 15
0.5
 25
0.5
 16
0.0
 26
0.0
 36
1.0
 17
0.0
 27
0.0
 37
0.0
 40
1000.0
 41
1.34
 42
50.0
 43
0.0
 44
0.0
 50
0.0
 51
0.0
 71
0
 72
1000
 73
1
 74
3
 75
0
 76
0
 77
0
 78
0
281
0
 65
0
146
0.0
  0
ENDTAB
  0
TABLE
  2
LTYPE
  5
2
330
0
100
AcDbSymbolTable
 70
21
  0
LTYPE
  5
24
330
2
100
AcDbSymbolTableRecord
100
AcDbLinetypeTableRecord
  2
ByBlock
 70
0
  3

 72
65
 73
0
 40
0.0
  0
LTYPE
  5
25
330
2
100
AcDbSymbolTableRecord
100
AcDbLinetypeTableRecord
  2
ByLayer
 70
0
  3

 72
65
 73
0
 40
0.0
  0
LTYPE
  5
26
330
2
100
AcDbSymbolTableRecord
100
AcDbLinetypeTableRecord
  2
Continuous
 70
0
  3

 72
65
 73
0
 40
0.0
  0
LTYPE
  5
2F
330
2
100
AcDbSymbolTableRecord
100
AcDbLinetypeTableRecord
  2
CENTER
 70
0
  3
Center ____ _ ____ _ ____ _ ____ _ ____ _ ____
 72
65
 73
4
 40
5.08
 49
3.175
 74
0
 49
-0.635
 74
0
 49
0.635
 74
0
 49
-0.635
 74
0
  0
LTYPE
  5
30
330
2
100
AcDbSymbolTableRecord
100
AcDbLinetypeTableRecord
  2
CENTERX2
 70
0
  3
Center (2x) ________  __  ________  __  ________
 72
65
 73
4
 40
8.89
 49
6.35
 74
0
 49
-0.635
 74
0
 49
1.27
 74
0
 49
-0.635
 74
0
  0
LTYPE
  5
31
330
2
100
AcDbSymbolTableRecord
100
AcDbLinetypeTableRecord
  2
CENTER2
 70
0
  3
Center (.5x) ____ _ ____ _ ____ _ ____ _ ____
 72
65
 73
4
 40
2.54
 49
1.587
 74
0
 49
-0.318
 74
0
 49
0.318
 74
0
 49
-0.318
 74
0
  0
LTYPE
  5
32
330
2
100
AcDbSymbolTableRecord
100
AcDbLinetypeTableRecord
  2
DASHED
 70
0
  3
Dashed __ __ __ __ __ __ __ __ __ __ __ __ __ _
 72
65
 73
2
 40
1.524
 49
1.27
 74
0
 49
-0.254
 74
0
  0
LTYPE
  5
33
330
2
100
AcDbSymbolTableRecord
100
AcDbLinetypeTableRecord
  2
DASHEDX2
 70
0
  3
Dashed (2x) ____  ____  ____  ____  ____  ____
 72
65
 73
2
 40
3.048
 49
2.54
 74
0
 49
-0.508
 74
0
  0
LTYPE
  5
34
330
2
100
AcDbSymbolTableRecord
100
AcDbLinetypeTableRecord
  2
DASHED2
 70
0
  3
Dashed (.5x) _ _ _ _ _ _ _ _ _ _ _ _ _ _
 72
65
 73
2
 40
0.762
 49
0.635
 74
0
 49
-0.127
 74
0
  0
LTYPE
  5
35
330
2
100
AcDbSymbolTableRecord
100
AcDbLinetypeTableRecord
  2
PHANTOM
 70
0
  3
Phantom ______  __  __  ______  __  __  ______
 72
65
 73
6
 40
6.35
 49
3.175
 74
0
 49
-0.635
 74
0
 49
0.635
 74
0
 49
-0.635
 74
0
 49
0.635
 74
0
 49
-0.635
 74
0
  0
LTYPE
  5
36
330
2
100
AcDbSymbolTableRecord
100
AcDbLinetypeTableRecord
  2
PHANTOMX2
 70
0
  3
Phantom (2x)____________    ____    ____    ____________
 72
65
 73
6
 40
10.795
 49
6.35
 74
0
 49
-0.635
 74
0
 49
1.27
 74
0
 49
-0.635
 74
0
 49
1.27
 74
0
 49
-0.635
 74
0
  0
LTYPE
  5
37
330
2
100
AcDbSymbolTableRecord
100
AcDbLinetypeTableRecord
  2
PHANTOM2
 70
0
  3
Phantom (.5x) ___ _ _ ___ _ _ ___ _ _ ___ _ _ ___
 72
65
 73
6
 40
3.175
 49
1.587
 74
0
 49
-0.318
 74
0
 49
0.318
 74
0
 49
-0.318
 74
0
 49
0.318
 74
0
 49
-0.318
 74
0
  0
LTYPE
  5
38
330
2
100
AcDbSymbolTableRecord
100
AcDbLinetypeTableRecord
  2
DASHDOT
 70
0
  3
Dash dot __ . __ . __ . __ . __ . __ . __ . __
 72
65
 73
4
 40
3.556
 49
2.54
 74
0
 49
-0.508
 74
0
 49
0.0
 74
0
 49
-0.508
 74
0
  0
LTYPE
  5
39
330
2
100
AcDbSymbolTableRecord
100
AcDbLinetypeTableRecord
  2
DASHDOTX2
 70
0
  3
Dash dot (2x) ____  .  ____  .  ____  .  ____
 72
65
 73
4
 40
6.096
 49
5.08
 74
0
 49
-0.508
 74
0
 49
0.0
 74
0
 49
-0.508
 74
0
  0
LTYPE
  5
3A
330
2
100
AcDbSymbolTableRecord
100
AcDbLinetypeTableRecord
  2
DASHDOT2
 70
0
  3
Dash dot (.5x) _ . _ . _ . _ . _ . _ . _ . _
 72
65
 73
4
 40
1.778
 49
1.27
 74
0
 49
-0.254
 74
0
 49
0.0
 74
0
 49
-0.254
 74
0
  0
LTYPE
  5
3B
330
2
100
AcDbSymbolTableRecord
100
AcDbLinetypeTableRecord
  2
DOT
 70
0
  3
Dot .  .  .  .  .  .  .  .  .  .  .  .  .  .  .  .
 72
65
 73
2
 40
0.508
 49
0.0
 74
0
 49
-0.508
 74
0
  0
LTYPE
  5
3C
330
2
100
AcDbSymbolTableRecord
100
AcDbLinetypeTableRecord
  2
DOTX2
 70
0
  3
Dot (2x) .    .    .    .    .    .    .    . 
 72
65
 73
2
 40
1.016
 49
0.0
 74
0
 49
-1.016
 74
0
  0
LTYPE
  5
3D
330
2
100
AcDbSymbolTableRecord
100
AcDbLinetypeTableRecord
  2
DOT2
 70
0
  3
Dot (.5) . . . . . . . . . . . . . . . . . . . 
 72
65
 73
2
 40
0.254
 49
0.0
 74
0
 49
-0.254
 74
0
  0
LTYPE
  5
3E
330
2
100
AcDbSymbolTableRecord
100
AcDbLinetypeTableRecord
  2
DIVIDE
 70
0
  3
Divide __ . . __ . . __ . . __ . . __ . . __
 72
65
 73
6
 40
4.064
 49
2.54
 74
0
 49
-0.508
 74
0
 49
0.0
 74
0
 49
-0.508
 74
0
 49
0.0
 74
0
 49
-0.508
 74
0
  0
LTYPE
  5
3F
330
2
100
AcDbSymbolTableRecord
100
AcDbLinetypeTableRecord
  2
DIVIDEX2
 70
0
  3
Divide (2x) ____  . .  ____  . .  ____  . .  ____
 72
65
 73
6
 40
6.604
 49
5.08
 74
0
 49
-0.508
 74
0
 49
0.0
 74
0
 49
-0.508
 74
0
 49
0.0
 74
0
 49
-0.508
 74
0
  0
LTYPE
  5
40
330
2
100
AcDbSymbolTableRecord
100
AcDbLinetypeTableRecord
  2
DIVIDE2
 70
0
  3
Divide(.5x) _ . _ . _ . _ . _ . _ . _ . _
 72
65
 73
6
 40
2.032
 49
1.27
 74
0
 49
-0.254
 74
0
 49
0.0
 74
0
 49
-0.254
 74
0
 49
0.0
 74
0
 49
-0.254
 74
0
  0
ENDTAB
  0
TABLE
  2
LAYER
  5
1
330
0
100
AcDbSymbolTable
 70
10
  0
LAYER
  5
27
330
1
100
AcDbSymbolTableRecord
100
AcDbLayerTableRecord
  2
0
 70
0
 62
7
  6
Continuous
370
-3
390
13
347
21
  0
LAYER
  5
28
330
1
100
AcDbSymbolTableRecord
100
AcDbLayerTableRecord
  2
Defpoints
 70
0
 62
7
  6
Continuous
290
0
370
-3
390
13
347
21
  0
LAYER
  5
8A
330
1
100
AcDbSymbolTableRecord
100
AcDbLayerTableRecord
  2
SHEET
 70
0
 62
8
  6
Continuous
370
13
390
13
347
21
  0
LAYER
  5
8B
330
1
100
AcDbSymbolTableRecord
100
AcDbLayerTableRecord
  2
FRAME
 70
0
 62
7
  6
Continuous
370
50
390
13
347
21
  0
LAYER
  5
8C
330
1
100
AcDbSymbolTableRecord
100
AcDbLayerTableRecord
  2
TITLE
 70
0
 62
7
  6
Continuous
370
25
390
13
347
21
  0
LAYER
  5
8D
330
1
100
AcDbSymbolTableRecord
100
AcDbLayerTableRecord
  2
VISIBLE
 70
0
 62
7
  6
Continuous
370
50
390
13
347
21
  0
LAYER
  5
8E
330
1
100
AcDbSymbolTableRecord
100
AcDbLayerTableRecord
  2
HIDDEN
 70
0
 62
8
  6
DASHED
370
25
390
13
347
21
  0
LAYER
  5
8F
330
1
100
AcDbSymbolTableRecord
100
AcDbLayerTableRecord
  2
CENTER
 70
0
 62
1
  6
CENTER
370
18
390
13
347
21
  0
LAYER
  5
90
330
1
100
AcDbSymbolTableRecord
100
AcDbLayerTableRecord
  2
DIM
 70
0
 62
5
  6
Continuous
370
18
390
13
347
21
  0
LAYER
  5
91
330
1
100
AcDbSymbolTableRecord
100
AcDbLayerTableRecord
  2
NOTES
 70
0
 62
7
  6
Continuous
370
18
390
13
347
21
  0
ENDTAB
  0
TABLE
  2
STYLE
  5
5
330
0
100
AcDbSymbolTable
 70
26
  0
STYLE
  5
29
330
5
100
AcDbSymbolTableRecord
100
AcDbTextStyleTableRecord
  2
Standard
 70
0
 40
0.0
 41
1.0
 50
0.0
 71
0
 42
2.5
  3
txt
  4

  0
STYLE
  5
41
330
5
100
AcDbSymbolTableRecord
100
AcDbTextStyleTableRecord
  2
OpenSans-Light
 70
0
 40
0.0
 41
1.0
 50
0.0
 71
0
 42
2.5
  3
OpenSans-Light.ttf
  4

  0
STYLE
  5
42
330
5
100
AcDbSymbolTableRecord
100
AcDbTextStyleTableRecord
  2
OpenSans-Light-Italic
 70
0
 40
0.0
 41
1.0
 50
0.0
 71
0
 42
2.5
  3
OpenSans-LightItalic.ttf
  4

  0
STYLE
  5
43
330
5
100
AcDbSymbolTableRecord
100
AcDbTextStyleTableRecord
  2
OpenSans
 70
0
 40
0.0
 41
1.0
 50
0.0
 71
0
 42
2.5
  3
OpenSans-Regular.ttf
  4

  0
STYLE
  5
44
330
5
100
AcDbSymbolTableRecord
100
AcDbTextStyleTableRecord
  2
OpenSans-Italic
 70
0
 40
0.0
 41
1.0
 50
0.0
 71
0
 42
2.5
  3
OpenSans-Italic.ttf
  4

  0
STYLE
  5
45
330
5
100
AcDbSymbolTableRecord
100
AcDbTextStyleTableRecord
  2
OpenSans-SemiBold
 70
0
 40
0.0
 41
1.0
 50
0.0
 71
0
 42
2.5
  3
OpenSans-SemiBold.ttf
  4

  0
STYLE
  5
46
330
5
100
AcDbSymbolTableRecord
100
AcDbTextStyleTableRecord
  2
OpenSans-SemiBoldItalic
 70
0
 40
0.0
 41
1.0
 50
0.0
 71
0
 42
2.5
  3
OpenSans-SemiBoldItalic.ttf
  4

  0
STYLE
  5
47
330
5
100
AcDbSymbolTableRecord
100
AcDbTextStyleTableRecord
  2
OpenSans-Bold
 70
0
 40
0.0
 41
1.0
 50
0.0
 71
0
 42
2.5
  3
OpenSans-Bold.ttf
  4

  0
STYLE
  5
48
330
5
100
AcDbSymbolTableRecord
100
AcDbTextStyleTableRecord
  2
OpenSans-BoldItalic
 70
0
 40
0.0
 41
1.0
 50
0.0
 71
0
 42
2.5
  3
OpenSans-BoldItalic.ttf
  4

  0
STYLE
  5
49
330
5
100
AcDbSymbolTableRecord
100
AcDbTextStyleTableRecord
  2
OpenSans-ExtraBold
 70
0
 40
0.0
 41
1.0
 50
0.0
 71
0
 42
2.5
  3
OpenSans-ExtraBold.ttf
  4

  0
STYLE
  5
4A
330
5
100
AcDbSymbolTableRecord
100
AcDbTextStyleTableRecord
  2
OpenSans-ExtraBoldItalic
 70
0
 40
0.0
 41
1.0
 50
0.0
 71
0
 42
2.5
  3
OpenSans-ExtraBoldItalic.ttf
  4

  0
STYLE
  5
4B
330
5
100
AcDbSymbolTableRecord
100
AcDbTextStyleTableRecord
  2
OpenSansCondensed-Bold
 70
0
 40
0.0
 41
1.0
 50
0.0
 71
0
 42
2.5
  3
OpenSansCondensed-Bold.ttf
  4

  0
STYLE
  5
4C
330
5
100
AcDbSymbolTableRecord
100
AcDbTextStyleTableRecord
  2
OpenSansCondensed-Light
 70
0
 40
0.0
 41
1.0
 50
0.0
 71
0
 42
2.5
  3
OpenSansCondensed-Light.ttf
  4

  0
STYLE
  5
4D
330
5
100
AcDbSymbolTableRecord
100
AcDbTextStyleTableRecord
  2
OpenSansCondensed-Italic
 70
0
 40
0.0
 41
1.0
 50
0.0
 71
0
 42
2.5
  3
OpenSansCondensed-LightItalic.ttf
  4

  0
STYLE
  5
4E
330
5
100
AcDbSymbolTableRecord
100
AcDbTextStyleTableRecord
  2
LiberationSans
 70
0
 40
0.0
 41
1.0
 50
0.0
 71
0
 42
2.5
  3
LiberationSans-Regular.ttf
  4

  0
STYLE
  5
4F
330
5
100
AcDbSymbolTableRecord
100
AcDbTextStyleTableRecord
  2
LiberationSans-Bold
 70
0
 40
0.0
 41
1.0
 50
0.0
 71
0
 42
2.5
  3
LiberationSans-Bold.ttf
  4

  0
STYLE
  5
50
330
5
100
AcDbSymbolTableRecord
100
AcDbTextStyleTableRecord
  2
LiberationSans-BoldItalic
 70
0
 40
0.0
 41
1.0
 50
0.0
 71
0
 42
2.5
  3
LiberationSans-BoldItalic.ttf
  4

  0
STYLE
  5
51
330
5
100
AcDbSymbolTableRecord
100
AcDbTextStyleTableRecord
  2
LiberationSans-Italic
 70
0
 40
0.0
 41
1.0
 50
0.0
 71
0
 42
2.5
  3
LiberationSans-Italic.ttf
  4

  0
STYLE
  5
52
330
5
100
AcDbSymbolTableRecord
100
AcDbTextStyleTableRecord
  2
LiberationSerif
 70
0
 40
0.0
 41
1.0
 50
0.0
 71
0
 42
2.5
  3
LiberationSerif-Regular.ttf
  4

  0
STYLE
  5
53
330
5
100
AcDbSymbolTableRecord
100
AcDbTextStyleTableRecord
  2
LiberationSerif-Bold
 70
0
 40
0.0
 41
1.0
 50
0.0
 71
0
 42
2.5
  3
LiberationSerif-Bold.ttf
  4

  0
STYLE
  5
54
330
5
100
AcDbSymbolTableRecord
100
AcDbTextStyleTableRecord
  2
LiberationSerif-BoldItalic
 70
0
 40
0.0
 41
1.0
 50
0.0
 71
0
 42
2.5
  3
LiberationSerif-BoldItalic.ttf
  4

  0
STYLE
  5
55
330
5
100
AcDbSymbolTableRecord
100
AcDbTextStyleTableRecord
  2
LiberationSerif-Italic
 70
0
 40
0.0
 41
1.0
 50
0.0
 71
0
 42
2.5
  3
LiberationSerif-Italic.ttf
  4

  0
STYLE
  5
56
330
5
100
AcDbSymbolTableRecord
100
AcDbTextStyleTableRecord
  2
LiberationMono
 70
0
 40
0.0
 41
1.0
 50
0.0
 71
0
 42
2.5
  3
LiberationMono-Regular.ttf
  4

  0
STYLE
  5
57
330
5
100
AcDbSymbolTableRecord
100
AcDbTextStyleTableRecord
  2
LiberationMono-Bold
 70
0
 40
0.0
 41
1.0
 50
0.0
 71
0
 42
2.5
  3
LiberationMono-Bold.ttf
  4

  0
STYLE
  5
58
330
5
100
AcDbSymbolTableRecord
100
AcDbTextStyleTableRecord
  2
LiberationMono-BoldItalic
 70
0
 40
0.0
 41
1.0
 50
0.0
 71
0
 42
2.5
  3
LiberationMono-BoldItalic.ttf
  4

  0
STYLE
  5
59
330
5
100
AcDbSymbolTableRecord
100
AcDbTextStyleTableRecord
  2
LiberationMono-Italic
 70
0
 40
0.0
 41
1.0
 50
0.0
 71
0
 42
2.5
  3
LiberationMono-Italic.ttf
  4

  0
ENDTAB
  0
TABLE
  2
VIEW
  5
7
330
0
100
AcDbSymbolTable
 70
0
  0
ENDTAB
  0
TABLE
  2
UCS
  5
6
330
0
100
AcDbSymbolTable
 70
0
  0
ENDTAB
  0
TABLE
  2
APPID
  5
3
330
0
100
AcDbSymbolTable
 70
3
  0
APPID
  5
2A
330
3
100
AcDbSymbolTableRecord
100
AcDbRegAppTableRecord
  2
ACAD
 70
0
  0
APPID
  5
205
330
3
100
AcDbSymbolTableRecord
100
AcDbRegAppTableRecord
  2
HATCHBACKGROUNDCOLOR
 70
0
  0
APPID
  5
206
330
3
100
AcDbSymbolTableRecord
100
AcDbRegAppTableRecord
  2
EZDXF
 70
0
  0
ENDTAB
  0
TABLE
  2
DIMSTYLE
  5
4
330
0
100
AcDbSymbolTable
 70
12
100
AcDbDimStyleTable
  0
DIMSTYLE
105
2B
330
4
100
AcDbSymbolTableRecord
100
AcDbDimStyleTableRecord
  2
Standard
 70
0
 40
1.0
 41
2.5
 42
0.625
 43
3.75
 44
1.25
 45
0.0
 46
0.0
 47
0.0
 48
0.0
 49
2.5
140
2.5
141
2.5
142
0.0
143
0.03937007874
144
1.0
145
0.0
146
1.0
147
0.625
148
0.0
 69
0
 70
0
 71
0
 72
0
 73
0
 74
0
 75
0
 76
0
 77
1
 78
8
 79
3
170
0
171
3
172
1
173
0
174
0
175
0
176
0
177
0
178
0
179
2
271
2
272
2
273
2
274
3
275
0
276
0
277
2
278
44
279
0
280
0
281
0
282
0
283
0
284
8
285
0
286
0
288
0
289
3
290
0
371
-2
372
-2
  0
DIMSTYLE
105
73
330
4
100
AcDbSymbolTableRecord
100
AcDbDimStyleTableRecord
  2
EZDXF
 70
0
 40
1.0
 41
3.0
 42
1.0
 43
3.75
 44
2.0
 45
0.0
 46
0.0
 47
0.0
 48
0.0
 49
2.5
140
3.5
141
2.5
142
0.0
143
0.03937007874
144
100.0
145
0.0
146
0.5
147
1.0
148
0.0
 69
0
 70
0
 71
0
 72
0
 73
0
 74
0
 75
0
 76
0
 77
1
 78
12
 79
3
170
0
171
3
172
1
173
0
174
0
175
0
176
256
177
256
178
256
179
2
271
2
272
2
273
2
274
3
275
0
276
0
277
2
278
46
279
2
280
0
281
0
282
0
283
0
284
8
285
0
286
0
288
1
289
3
290
0
340
4C
342
74
371
-2
372
-2
  0
DIMSTYLE
105
7C
330
4
100
AcDbSymbolTableRecord
100
AcDbDimStyleTableRecord
  2
EZ_M_100_H25_CM
 70
0
 40
1.0
 41
0.25
 42
0.125
 43
3.75
 44
0.375
 45
0.0
 46
0.0
 47
0.0
 48
0.0
 49
2.5
140
0.25
141
2.5
142
0.125
143
0.03937007874
144
100.0
145
0.0
146
0.5
147
0.1
148
0.0
 69
0
 70
0
 71
0
 72
0
 73
0
 74
0
 75
0
 76
0
 77
1
 78
12
 79
3
170
0
171
3
172
1
173
0
174
0
175
0
176
0
177
0
178
0
179
2
271
2
272
2
273
2
274
3
275
0
276
0
277
2
278
46
279
2
280
0
281
0
282
0
283
0
284
8
285
0
286
0
288
1
289
3
290
0
340
4C
371
-2
372
-2
  0
DIMSTYLE
105
7D
330
4
100
AcDbSymbolTableRecord
100
AcDbDimStyleTableRecord
  2
EZ_M_50_H25_CM
 70
0
 40
1.0
 41
0.125
 42
0.0625
 43
3.75
 44
0.1875
 45
0.0
 46
0.0
 47
0.0
 48
0.0
 49
2.5
140
0.125
141
2.5
142
0.0625
143
0.03937007874
144
100.0
145
0.0
146
0.5
147
0.05
148
0.0
 69
0
 70
0
 71
0
 72
0
 73
0
 74
0
 75
0
 76
0
 77
1
 78
12
 79
3
170
0
171
3
172
1
173
0
174
0
175
0
176
0
177
0
178
0
179
2
271
2
272
2
273
2
274
3
275
0
276
0
277
2
278
46
279
2
280
0
281
0
282
0
283
0
284
8
285
0
286
0
288
1
289
3
290
0
340
4C
371
-2
372
-2
  0
DIMSTYLE
105
7E
330
4
100
AcDbSymbolTableRecord
100
AcDbDimStyleTableRecord
  2
EZ_M_25_H25_CM
 70
0
 40
1.0
 41
0.0625
 42
0.03125
 43
3.75
 44
0.09375
 45
0.0
 46
0.0
 47
0.0
 48
0.0
 49
2.5
140
0.0625
141
2.5
142
0.03125
143
0.03937007874
144
100.0
145
0.0
146
0.5
147
0.025
148
0.0
 69
0
 70
0
 71
0
 72
0
 73
0
 74
0
 75
0
 76
0
 77
1
 78
12
 79
3
170
0
171
3
172
1
173
0
174
0
175
0
176
0
177
0
178
0
179
2
271
2
272
2
273
2
274
3
275
0
276
0
277
2
278
46
279
2
280
0
281
0
282
0
283
0
284
8
285
0
286
0
288
1
289
3
290
0
340
4C
371
-2
372
-2
  0
DIMSTYLE
105
7F
330
4
100
AcDbSymbolTableRecord
100
AcDbDimStyleTableRecord
  2
EZ_M_20_H25_CM
 70
0
 40
1.0
 41
0.05
 42
0.025
 43
3.75
 44
0.07500000000000001
 45
0.0
 46
0.0
 47
0.0
 48
0.0
 49
2.5
140
0.05
141
2.5
142
0.025
143
0.03937007874
144
100.0
145
0.0
146
0.5
147
0.020000000000000004
148
0.0
 69
0
 70
0
 71
0
 72
0
 73
0
 74
0
 75
0
 76
0
 77
1
 78
12
 79
3
170
0
171
3
172
1
173
0
174
0
175
0
176
0
177
0
178
0
179
2
271
2
272
2
273
2
274
3
275
0
276
0
277
2
278
46
279
2
280
0
281
0
282
0
283
0
284
8
285
0
286
0
288
1
289
3
290
0
340
4C
371
-2
372
-2
  0
DIMSTYLE
105
80
330
4
100
AcDbSymbolTableRecord
100
AcDbDimStyleTableRecord
  2
EZ_M_10_H25_CM
 70
0
 40
1.0
 41
0.025
 42
0.0125
 43
3.75
 44
0.037500000000000006
 45
0.0
 46
0.0
 47
0.0
 48
0.0
 49
2.5
140
0.025
141
2.5
142
0.0125
143
0.03937007874
144
100.0
145
0.0
146
0.5
147
0.010000000000000002
148
0.0
 69
0
 70
0
 71
0
 72
0
 73
0
 74
0
 75
0
 76
0
 77
1
 78
12
 79
3
170
0
171
3
172
1
173
0
174
0
175
0
176
0
177
0
178
0
179
2
271
2
272
2
273
2
274
3
275
0
276
0
277
2
278
46
279
2
280
0
281
0
282
0
283
0
284
8
285
0
286
0
288
1
289
3
290
0
340
4C
371
-2
372
-2
  0
DIMSTYLE
105
81
330
4
100
AcDbSymbolTableRecord
100
AcDbDimStyleTableRecord
  2
EZ_M_5_H25_CM
 70
0
 40
1.0
 41
0.0125
 42
0.00625
 43
3.75
 44
0.018750000000000003
 45
0.0
 46
0.0
 47
0.0
 48
0.0
 49
2.5
140
0.0125
141
2.5
142
0.00625
143
0.03937007874
144
100.0
145
0.0
146
0.5
147
0.005000000000000001
148
0.0
 69
0
 70
0
 71
0
 72
0
 73
0
 74
0
 75
0
 76
0
 77
1
 78
12
 79
3
170
0
171
3
172
1
173
0
174
0
175
0
176
0
177
0
178
0
179
2
271
2
272
2
273
2
274
3
275
0
276
0
277
2
278
46
279
2
280
0
281
0
282
0
283
0
284
8
285
0
286
0
288
1
289
3
290
0
340
4C
371
-2
372
-2
  0
DIMSTYLE
105
82
330
4
100
AcDbSymbolTableRecord
100
AcDbDimStyleTableRecord
  2
EZ_M_1_H25_CM
 70
0
 40
1.0
 41
0.0025
 42
0.00125
 43
3.75
 44
0.00375
 45
0.0
 46
0.0
 47
0.0
 48
0.0
 49
2.5
140
0.0025
141
2.5
142
0.00125
143
0.03937007874
144
100.0
145
0.0
146
0.5
147
0.001
148
0.0
 69
0
 70
0
 71
0
 72
0
 73
0
 74
0
 75
0
 76
0
 77
1
 78
12
 79
3
170
0
171
3
172
1
173
0
174
0
175
0
176
0
177
0
178
0
179
2
271
2
272
2
273
2
274
3
275
0
276
0
277
2
278
46
279
2
280
0
281
0
282
0
283
0
284
8
285
0
286
0
288
1
289
3
290
0
340
4C
371
-2
372
-2
  0
DIMSTYLE
105
83
330
4
100
AcDbSymbolTableRecord
100
AcDbDimStyleTableRecord
  2
EZ_RADIUS
 70
0
 40
1.0
 41
0.25
 42
0.125
 43
3.75
 44
0.375
 45
0.0
 46
0.0
 47
0.0
 48
0.0
 49
2.5
140
0.25
141
0.0
142
0.0
143
0.03937007874
144
100.0
145
0.0
146
0.5
147
0.1
148
0.0
 69
0
 70
0
 71
0
 72
0
 73
0
 74
0
 75
0
 76
0
 77
1
 78
12
 79
3
170
0
171
3
172
0
173
0
174
0
175
0
176
0
177
0
178
0
179
2
271
2
272
2
273
2
274
3
275
0
276
0
277
2
278
46
279
1
280
0
281
0
282
0
283
0
284
8
285
0
286
0
288
1
289
3
290
0
340
4C
342
84
371
-2
372
-2
  0
DIMSTYLE
105
88
330
4
100
AcDbSymbolTableRecord
100
AcDbDimStyleTableRecord
  2
EZ_RADIUS_INSIDE
 70
0
 40
1.0
 41
0.25
 42
0.125
 43
3.75
 44
0.375
 45
0.0
 46
0.0
 47
0.0
 48
0.0
 49
2.5
140
0.25
141
0.0
142
0.0
143
0.03937007874
144
100.0
145
0.0
146
0.5
147
0.1
148
0.0
 69
0
 70
0
 71
0
 72
0
 73
0
 74
0
 75
0
 76
0
 77
0
 78
12
 79
3
170
0
171
3
172
0
173
0
174
1
175
0
176
0
177
0
178
0
179
2
271
2
272
2
273
2
274
3
275
0
276
0
277
2
278
46
279
0
280
0
281
0
282
0
283
0
284
8
285
0
286
0
288
1
289
0
290
0
340
4C
342
84
371
-2
372
-2
  0
DIMSTYLE
105
89
330
4
100
AcDbSymbolTableRecord
100
AcDbDimStyleTableRecord
  2
EZ_CURVED
 70
0
 40
1.0
 41
0.25
 42
0.125
 43
3.75
 44
0.375
 45
0.0
 46
0.0
 47
0.0
 48
0.0
 49
2.5
140
0.25
141
2.5
142
0.0
143
0.03937007874
144
100.0
145
0.0
146
0.5
147
0.1
148
0.0
 69
0
 70
0
 71
0
 72
0
 73
0
 74
0
 75
0
 76
0
 77
1
 78
12
 79
2
 90
2
170
0
171
3
172
1
173
0
174
0
175
0
176
0
177
0
178
0
179
2
271
2
272
2
273
2
274
3
275
0
276
0
277
2
278
46
279
2
280
0
281
0
282
0
283
0
284
8
285
0
286
0
288
1
289
3
290
0
340
4C
371
-2
372
-2
  0
ENDTAB
  0
TABLE
  2
BLOCK_RECORD
  5
9
330
0
100
AcDbSymbolTable
 70
9
  0
BLOCK_RECORD
  5
17
330
9
100
AcDbSymbolTableRecord
100
AcDbBlockTableRecord
  2
*Model_Space
340
1A
 70
0
280
1
281
0
  0
BLOCK_RECORD
  5
1B
330
9
100
AcDbSymbolTableRecord
100
AcDbBlockTableRecord
  2
*Paper_Space
340
1E
 70
0
280
1
281
0
  0
BLOCK_RECORD
  5
74
330
9
100
AcDbSymbolTableRecord
100
AcDbBlockTableRecord
  2
_ARCHTICK
340
0
 70
0
280
1
281
0
  0
BLOCK_RECORD
  5
78
330
9
100
AcDbSymbolTableRecord
100
AcDbBlockTableRecord
  2
_CLOSEDFILLED
340
0
 70
0
280
1
281
0
  0
BLOCK_RECORD
  5
84
330
9
100
AcDbSymbolTableRecord
100
AcDbBlockTableRecord
  2
_CLOSEDBLANK
340
0
 70
0
280
1
281
0
  0
BLOCK_RECORD
  5
196
330
9
100
AcDbSymbolTableRecord
100
AcDbBlockTableRecord
  2
*D1
340
0
 70
0
280
1
281
0
  0
BLOCK_RECORD
  5
1A5
330
9
100
AcDbSymbolTableRecord
100
AcDbBlockTableRecord
  2
*D2
340
0
 70
0
280
1
281
0
  0
BLOCK_RECORD
  5
1B4
330
9
100
AcDbSymbolTableRecord
100
AcDbBlockTableRecord
  2
*D3
340
0
 70
0
280
1
281
0
  0
BLOCK_RECORD
  5
1C3
330
9
100
AcDbSymbolTableRecord
100
AcDbBlockTableRecord
  2
*D4
340
0
 70
0
280
1
281
0
  0
ENDTAB
  0
ENDSEC
  0
SECTION
  2
BLOCKS
  0
BLOCK
  5
18
330
17
100
AcDbEntity
  8
0
100
AcDbBlockBegin
  2
*Model_Space
 70
0
 10
0.0
 20
0.0
 30
0.0
  3
*Model_Space
  1

  0
ENDBLK
  5
19
330
17
100
AcDbEntity
  8
0
100
AcDbBlockEnd
  0
BLOCK
  5
1C
330
1B
100
AcDbEntity
  8
0
100
AcDbBlockBegin
  2
*Paper_Space
 70
0
 10
0.0
 20
0.0
 30
0.0
  3
*Paper_Space
  1

  0
ENDBLK
  5
1D
330
1B
100
AcDbEntity
  8
0
100
AcDbBlockEnd
  0
BLOCK
  5
75
330
74
100
AcDbEntity
  8
0
100
AcDbBlockBegin
  2
_ARCHTICK
 70
0
 10
0.0
 20
0.0
 30
0.0
  3
_ARCHTICK
  1

  0
LWPOLYLINE
  5
77
330
74
100
AcDbEntity
  8
0
  6
BYBLOCK
 62
0
100
AcDbPolyline
 90
2
 70
0
 43
0.15
 10
-0.5
 20
-0.5
 10
0.5
 20
0.5
  0
ENDBLK
  5
76
330
74
100
AcDbEntity
  8
0
100
AcDbBlockEnd
  0
BLOCK
  5
79
330
78
100
AcDbEntity
  8
0
100
AcDbBlockBegin
  2
_CLOSEDFILLED
 70
0
 10
0.0
 20
0.0
 30
0.0
  3
_CLOSEDFILLED
  1

  0
SOLID
  5
7B
330
78
100
AcDbEntity
  8
0
  6
BYBLOCK
 62
0
100
AcDbTrace
 10
-1.0
 20
0.16439898372402537
 30
0.0
 11
0.0
 21
0.0
 31
0.0
 12
-1.0
 22
-0.16439898372402537
 32
0.0
 13
-1.0
 23
-0.16439898372402537
 33
0.0
  0
ENDBLK
  5
7A
330
78
100
AcDbEntity
  8
0
100
AcDbBlockEnd
  0
BLOCK
  5
85
330
84
100
AcDbEntity
  8
0
100
AcDbBlockBegin
  2
_CLOSEDBLANK
 70
0
 10
0.0
 20
0.0
 30
0.0
  3
_CLOSEDBLANK
  1

  0
LWPOLYLINE
  5
87
330
84
100
AcDbEntity
  8
0
  6
BYBLOCK
 62
0
100
AcDbPolyline
 90
3
 70
1
 10
-1.0
 20
0.16439898372402537
 10
0.0
 20
0.0
 10
-1.0
 20
-0.16439898372402537
  0
ENDBLK
  5
86
330
84
100
AcDbEntity
  8
0
100
AcDbBlockEnd
  0
BLOCK
  5
197
330
196
100
AcDbEntity
  8
0
100
AcDbBlockBegin
  2
*D1
 70
1
 10
0.0
 20
0.0
 30
0.0
  3
*D1
  1

  0
LINE
  5
199
330
196
100
AcDbEntity
  8
0
100
AcDbLine
 10
231.60067811865474
 20
213.6548
 30
0.0
 11
212.6007
 21
213.6548
 31
0.0
  0
LINE
  5
19A
330
196
100
AcDbEntity
  8
0
100
AcDbLine
 10
231.6007
 20
253.6548
 30
0.0
 11
212.6007
 21
253.6548
 31
0.0
  0
INSERT
  5
19B
330
196
100
AcDbEntity
  8
DIM
100
AcDbBlockReference
  2
_ARCHTICK
 10
214.6007
 20
213.6548
 30
0.0
 41
3.0
 42
3.0
 50
270.0
  0
INSERT
  5
19D
330
196
100
AcDbEntity
  8
DIM
100
AcDbBlockReference
  2
_ARCHTICK
 10
214.6007
 20
253.6548
 30
0.0
 41
3.0
 42
3.0
 50
90.0
  0
LINE
  5
19F
330
196
100
AcDbEntity
  8
0
100
AcDbLine
 10
214.6007
 20
213.6548
 30
0.0
 11
214.6007
 21
253.6548
 31
0.0
  0
MTEXT
  5
1A0
330
196
100
AcDbEntity
  8
DIM
100
AcDbMText
 10
211.8507
 20
233.6548
 30
0.0
 40
3.5
 71
5
  1
40
  7
OpenSansCondensed-Light
 50
90.0
  0
POINT
  5
1A1
330
196
100
AcDbEntity
  8
Defpoints
100
AcDbPoint
 10
214.6007
 20
213.6548
 30
0.0
  0
POINT
  5
1A2
330
196
100
AcDbEntity
  8
Defpoints
100
AcDbPoint
 10
232.60067811865474
 20
213.6548
 30
0.0
  0
POINT
  5
1A3
330
196
100
AcDbEntity
  8
Defpoints
100
AcDbPoint
 10
232.6007
 20
253.6548
 30
0.0
  0
ENDBLK
  5
198
330
196
100
AcDbEntity
  8
0
100
AcDbBlockEnd
  0
BLOCK
  5
1A6
330
1A5
100
AcDbEntity
  8
0
100
AcDbBlockBegin
  2
*D2
 70
1
 10
0.0
 20
0.0
 30
0.0
  3
*D2
  1

  0
LINE
  5
1A8
330
1A5
100
AcDbEntity
  8
0
100
AcDbLine
 10
260.1007
 20
254.6547606649408
 30
0.0
 11
260.1007
 21
265.6548
 31
0.0
  0
LINE
  5
1A9
330
1A5
100
AcDbEntity
  8
0
100
AcDbLine
 10
305.1007
 20
254.6547606649408
 30
0.0
 11
305.1007
 21
265.6548
 31
0.0
  0
INSERT
  5
1AA
330
1A5
100
AcDbEntity
  8
DIM
100
AcDbBlockReference
  2
_ARCHTICK
 10
260.1007
 20
263.6548
 30
0.0
 41
3.0
 42
3.0
 50
180.0
  0
INSERT
  5
1AC
330
1A5
100
AcDbEntity
  8
DIM
100
AcDbBlockReference
  2
_ARCHTICK
 10
305.1007
 20
263.6548
 30
0.0
 41
3.0
 42
3.0
  0
LINE
  5
1AE
330
1A5
100
AcDbEntity
  8
0
100
AcDbLine
 10
260.1007
 20
263.6548
 30
0.0
 11
305.1007
 21
263.6548
 31
0.0
  0
MTEXT
  5
1AF
330
1A5
100
AcDbEntity
  8
DIM
100
AcDbMText
 10
282.6007
 20
266.4048
 30
0.0
 40
3.5
 71
5
  1
Ø45
  7
OpenSansCondensed-Light
  0
POINT
  5
1B0
330
1A5
100
AcDbEntity
  8
Defpoints
100
AcDbPoint
 10
260.1007
 20
263.6548
 30
0.0
  0
POINT
  5
1B1
330
1A5
100
AcDbEntity
  8
Defpoints
100
AcDbPoint
 10
260.1007
 20
253.6547606649408
 30
0.0
  0
POINT
  5
1B2
330
1A5
100
AcDbEntity
  8
Defpoints
100
AcDbPoint
 10
305.1007
 20
253.6547606649408
 30
0.0
  0
ENDBLK
  5
1A7
330
1A5
100
AcDbEntity
  8
0
100
AcDbBlockEnd
  0
BLOCK
  5
1B5
330
1B4
100
AcDbEntity
  8
0
100
AcDbBlockBegin
  2
*D3
 70
1
 10
0.0
 20
0.0
 30
0.0
  3
*D3
  1

  0
LINE
  5
1B7
330
1B4
100
AcDbEntity
  8
0
100
AcDbLine
 10
232.6007
 20
212.6547606649408
 30
0.0
 11
232.6007
 21
201.6548
 31
0.0
  0
LINE
  5
1B8
330
1B4
100
AcDbEntity
  8
0
100
AcDbLine
 10
332.6007
 20
212.6547606649408
 30
0.0
 11
332.6007
 21
201.6548
 31
0.0
  0
INSERT
  5
1B9
330
1B4
100
AcDbEntity
  8
DIM
100
AcDbBlockReference
  2
_ARCHTICK
 10
232.6007
 20
203.6548
 30
0.0
 41
3.0
 42
3.0
 50
180.0
  0
INSERT
  5
1BB
330
1B4
100
AcDbEntity
  8
DIM
100
AcDbBlockReference
  2
_ARCHTICK
 10
332.6007
 20
203.6548
 30
0.0
 41
3.0
 42
3.0
  0
LINE
  5
1BD
330
1B4
100
AcDbEntity
  8
0
100
AcDbLine
 10
232.6007
 20
203.6548
 30
0.0
 11
332.6007
 21
203.6548
 31
0.0
  0
MTEXT
  5
1BE
330
1B4
100
AcDbEntity
  8
DIM
100
AcDbMText
 10
282.6007
 20
206.4048
 30
0.0
 40
3.5
 71
5
  1
Ø100
  7
OpenSansCondensed-Light
  0
POINT
  5
1BF
330
1B4
100
AcDbEntity
  8
Defpoints
100
AcDbPoint
 10
232.6007
 20
203.6548
 30
0.0
  0
POINT
  5
1C0
330
1B4
100
AcDbEntity
  8
Defpoints
100
AcDbPoint
 10
232.6007
 20
213.6547606649408
 30
0.0
  0
POINT
  5
1C1
330
1B4
100
AcDbEntity
  8
Defpoints
100
AcDbPoint
 10
332.6007
 20
213.6547606649408
 30
0.0
  0
ENDBLK
  5
1B6
330
1B4
100
AcDbEntity
  8
0
100
AcDbBlockEnd
  0
BLOCK
  5
1C4
330
1C3
100
AcDbEntity
  8
0
100
AcDbBlockBegin
  2
*D4
 70
1
 10
0.0
 20
0.0
 30
0.0
  3
*D4
  1

  0
LINE
  5
1C6
330
1C3
100
AcDbEntity
  8
0
100
AcDbLine
 10
231.60067811865474
 20
223.6548
 30
0.0
 11
220.6007
 21
223.6548
 31
0.0
  0
LINE
  5
1C7
330
1C3
100
AcDbEntity
  8
0
100
AcDbLine
 10
259.10067811865474
 20
253.6548
 30
0.0
 11
220.6007
 21
253.6548
 31
0.0
  0
INSERT
  5
1C8
330
1C3
100
AcDbEntity
  8
DIM
100
AcDbBlockReference
  2
_ARCHTICK
 10
222.6007
 20
223.6548
 30
0.0
 41
3.0
 42
3.0
 50
270.0
  0
INSERT
  5
1CA
330
1C3
100
AcDbEntity
  8
DIM
100
AcDbBlockReference
  2
_ARCHTICK
 10
222.6007
 20
253.6548
 30
0.0
 41
3.0
 42
3.0
 50
90.0
  0
LINE
  5
1CC
330
1C3
100
AcDbEntity
  8
0
100
AcDbLine
 10
222.6007
 20
223.6548
 30
0.0
 11
222.6007
 21
253.6548
 31
0.0
  0
MTEXT
  5
1CD
330
1C3
100
AcDbEntity
  8
DIM
100
AcDbMText
 10
219.8507
 20
238.6548
 30
0.0
 40
3.5
 71
5
  1
30
  7
OpenSansCondensed-Light
 50
90.0
  0
POINT
  5
1CE
330
1C3
100
AcDbEntity
  8
Defpoints
100
AcDbPoint
 10
222.6007
 20
223.6548
 30
0.0
  0
POINT
  5
1CF
330
1C3
100
AcDbEntity
  8
Defpoints
100
AcDbPoint
 10
232.60067811865474
 20
223.6548
 30
0.0
  0
POINT
  5
1D0
330
1C3
100
AcDbEntity
  8
Defpoints
100
AcDbPoint
 10
260.10067811865474
 20
253.6548
 30
0.0
  0
ENDBLK
  5
1C5
330
1C3
100
AcDbEntity
  8
0
100
AcDbBlockEnd
  0
ENDSEC
  0
SECTION
  2
ENTITIES
  0
LWPOLYLINE
  5
92
330
17
100
AcDbEntity
  8
SHEET
100
AcDbPolyline
 90
4
 70
1
 10
0.0
 20
0.0
 10
420.0
 20
0.0
 10
420.0
 20
297.0
 10
0.0
 20
297.0
  0
LWPOLYLINE
  5
93
330
17
100
AcDbEntity
  8
FRAME
100
AcDbPolyline
 90
4
 70
1
 10
20.0
 20
10.0
 10
410.0
 20
10.0
 10
410.0
 20
287.0
 10
20.0
 20
287.0
  0
LWPOLYLINE
  5
94
330
17
100
AcDbEntity
  8
VISIBLE
100
AcDbPolyline
 90
54
 70
0
 10
159.74533905932736
 20
98.42261966752955
 10
160.26536285221653
 20
98.7273379840311
 10
160.77750863781608
 20
99.03647182597126
 10
161.28166395208635
 20
99.34995330947467
 10
161.77771808564552
 20
99.66771359595087
 10
162.26556210808099
 20
99.98968290721072
 10
162.74508889186953
 20
100.31579054078941
 10
163.2161931359021
 20
100.64596488547213
 10
163.67877138860706
 20
100.98013343701953
 10
164.13272207066765
 20
101.31822281408927
 10
164.57794549732816
 20
101.66015877434991
 10
165.01434390028405
 20
102.00586623078429
 10
165.4418214491513
 20
102.35526926817803
 10
165.86028427251006
 20
102.70829115979008
 10
166.26964047851848
 20
103.06485438420142
 10
166.66980017509127
 20
103.42488064233834
 10
167.06067548963972
 20
103.78829087466636
 10
167.44218058836776
 20
104.15500527855124
 10
167.81423169512067
 20
104.5249433257832
 10
168.17674710978181
 20
104.8980237802603
 10
168.52964722621334
 20
105.27416471582748
 10
168.87285454973735
 20
105.65328353426702
 10
169.20629371415313
 20
106.03529698343654
 10
169.52989149828716
 20
106.42012117555072
 10
169.84357684207208
 20
106.80767160560251
 10
170.14728086215092
 20
107.19786316991991
 10
170.44093686700353
 20
107.59061018485423
 10
170.72448037159165
 20
107.98582640559562
 10
170.99784911151937
 20
108.38342504511198
 10
171.26098305670604
 20
108.7833187932068
 10
171.5138244245684
 20
109.18541983569193
 10
171.75631769270956
 20
109.58963987367113
 10
171.98840961111097
 20
109.99589014292978
 10
172.2100492138261
 20
110.40408143342715
 10
172.4211878301722
 20
110.81412410888626
 10
172.62177909541793
 20
111.22592812647737
 10
172.81177896096492
 20
111.63940305659106
 10
172.99114570402054
 20
112.05445810269582
 10
173.15983993675988
 20
112.47100212127647
 10
173.31782461497517
 20
112.88894364184868
 10
173.4650650462105
 20
113.30819088704538
 10
173.6015288973798
 20
113.72865179277048
 10
173.72718620186743
 20
114.1502340284155
 10
173.8420093661082
 20
114.57284501713491
 10
173.945973175647
 20
114.99639195617536
 10
174.03905480067584
 20
115.42078183725464
 10
174.1212338010468
 20
115.84592146698566
 10
174.19249213076083
 20
116.2717174873412
 10
174.2528141419305
 20
116.69807639615469
 10
174.30218658821605
 20
117.12490456765279
 10
174.34059862773438
 20
117.55210827301495
 10
174.36804182543972
 20
117.97959370095575
 10
174.38451015497594
 20
118.40726697832517
 10
174.39
 20
118.83503419072271
  0
LWPOLYLINE
  5
95
330
17
100
AcDbEntity
  8
VISIBLE
100
AcDbPolyline
 90
82
 70
0
 10
174.39
 20
118.83503419072271
 10
174.38533374228302
 20
119.22941302624969
 10
174.37133584009058
 20
119.62371825084529
 10
174.34800890613545
 20
120.0178762673176
 10
174.31535729439702
 20
120.41181350595122
 10
174.2733870993087
 20
120.8054564382389
 10
174.2221061546204
 20
121.19873159060589
 10
174.1615240319362
 20
121.59156555812355
 10
174.0916520389281
 20
121.98388501821061
 10
174.01250321722506
 20
122.37561674431873
 10
173.92409233997915
 20
122.76668761960033
 10
173.82643590910791
 20
123.15702465055581
 10
173.71955215221425
 20
123.54655498065785
 10
173.6034610191844
 20
123.9352059039501
 10
173.47818417846423
 20
124.32290487861779
 10
173.34374501301465
 20
124.70957954052757
 10
173.20016861594746
 20
125.09515771673448
 10
173.04748178584143
 20
125.47956743895288
 10
172.88571302174057
 20
125.8627369569895
 10
172.7148925178346
 20
126.24459475213547
 10
172.53505215782337
 20
126.62506955051549
 10
172.34622550896552
 20
127.00409033639099
 10
172.1484478158134
 20
127.3815863654153
 10
171.94175599363444
 20
127.75748717783806
 10
171.72618862152106
 20
128.13172261165658
 10
171.50178593518982
 20
128.5042228157117
 10
171.2685898194714
 20
128.87491826272526
 10
171.02664380049276
 20
129.2437397622777
 10
170.77599303755304
 20
129.61061847372224
 10
170.5166843146945
 20
129.9754859190342
 10
170.24876603197032
 20
130.33827399559223
 10
169.97228819641066
 20
130.6989149888899
 10
169.68730241268887
 20
131.05734158517447
 10
169.39386187348944
 20
131.4134868840111
 10
169.09202134957962
 20
131.76728441076983
 10
168.78183717958638
 20
132.11866812903307
 10
168.46336725948072
 20
132.46757245292136
 10
168.13667103177164
 20
132.81393225933493
 10
167.8018094744108
 20
133.15768290010902
 10
167.45884508941126
 20
133.49876021408042
 10
167.10784189118135
 20
133.8371005390632
 10
166.7488653945764
 20
134.1726407237312
 10
166.3819826026703
 20
134.50531813940546
 10
166.00726199424938
 20
134.83507069174362
 10
165.62477351103087
 20
135.16183683233
 10
165.23458854460827
 20
135.4855555701636
 10
164.83677992312596
 20
135.80616648304206
 10
164.43142189768596
 20
136.12360972883954
 10
164.01859012848882
 20
136.43782605667622
 10
163.59836167071174
 20
136.7487568179775
 10
163.17081496012605
 20
137.05634397742085
 10
162.73602979845722
 20
137.36053012376797
 10
162.29408733848993
 20
137.66125848058078
 10
161.84507006892073
 20
137.95847291681864
 10
161.38906179896162
 20
138.25211795731528
 10
160.92614764269692
 20
138.54213879313326
 10
160.45641400319678
 20
138.82848129179402
 10
159.97994855639
 20
139.11109200738184
 10
159.4968402346994
 20
139.38991819051938
 10
159.0071792104422
 20
139.66490779821353
 10
158.5110568789998
 20
139.9360095035691
 10
158.00856584175853
 20
140.20317270536913
 10
157.49979988882555
 20
140.4663475375195
 10
156.98485398152306
 20
140.72548487835658
 10
156.46382423466358
 20
140.9805363598157
 10
155.9368078986102
 20
141.2314543764591
 10
155.40390334112476
 20
141.4781920943616
 10
154.86521002900733
 20
141.72070345985188
 10
154.32082850953097
 20
141.9589432081088
 10
153.77086039167432
 20
142.19286687160974
 10
153.21540832715633
 20
142.42243078843074
 10
152.65457599127626
 20
142.6475921103959
 10
152.08846806356277
 20
142.86830881107488
 10
151.51719020823532
 20
143.08453969362745
 10
150.9408490544819
 20
143.2962443984926
 10
150.3595521765568
 20
143.50338341092183
 10
149.77340807370172
 20
143.7059180683545
 10
149.18252614989436
 20
143.9038105676343
 10
148.58701669342818
 20
144.0970239720652
 10
147.9869908563271
 20
144.28552221830557
 10
147.3825606335988
 20
144.46927012309956
 10
146.77383884233095
 20
144.64823338984405
  0
LWPOLYLINE
  5
96
330
17
100
AcDbEntity
  8
VISIBLE
100
AcDbPolyline
 90
82
 70
0
 10
102.00616115766903
 20
144.64823338984405
 10
101.39743936640116
 20
144.46927012309956
 10
100.79300914367286
 20
144.28552221830557
 10
100.19298330657179
 20
144.0970239720652
 10
99.59747385010563
 20
143.9038105676343
 10
99.00659192629827
 20
143.7059180683545
 10
98.42044782344317
 20
143.50338341092183
 10
97.83915094551807
 20
143.2962443984926
 10
97.26280979176467
 20
143.08453969362745
 10
96.6915319364372
 20
142.86830881107488
 10
96.12542400872371
 20
142.6475921103959
 10
95.56459167284366
 20
142.42243078843074
 10
95.00913960832565
 20
142.19286687160974
 10
94.459171490469
 20
141.9589432081088
 10
93.91478997099264
 20
141.72070345985188
 10
93.37609665887523
 20
141.4781920943616
 10
92.84319210138977
 20
141.2314543764591
 10
92.3161757653364
 20
140.9805363598157
 10
91.79514601847691
 20
140.72548487835658
 10
91.28020011117442
 20
140.4663475375195
 10
90.77143415824145
 20
140.20317270536913
 10
90.26894312100016
 20
139.9360095035691
 10
89.77282078955778
 20
139.66490779821353
 10
89.2831597653006
 20
139.38991819051938
 10
88.80005144360995
 20
139.11109200738184
 10
88.32358599680319
 20
138.82848129179402
 10
87.85385235730305
 20
138.54213879313326
 10
87.39093820103835
 20
138.25211795731528
 10
86.93492993107922
 20
137.95847291681864
 10
86.48591266151004
 20
137.66125848058078
 10
86.04397020154275
 20
137.36053012376797
 10
85.60918503987392
 20
137.05634397742085
 10
85.18163832928823
 20
136.74875681797752
 10
84.76140987151113
 20
136.43782605667622
 10
84.34857810231401
 20
136.1236097288395
 10
83.94322007687401
 20
135.80616648304206
 10
83.5454114553917
 20
135.4855555701636
 10
83.15522648896908
 20
135.16183683233
 10
82.7727380057506
 20
134.83507069174362
 10
82.39801739732967
 20
134.50531813940546
 10
82.03113460542355
 20
134.1726407237312
 10
81.67215810881859
 20
133.8371005390632
 10
81.32115491058872
 20
133.49876021408042
 10
80.97819052558918
 20
133.15768290010902
 10
80.64332896822835
 20
132.81393225933493
 10
80.31663274051922
 20
132.46757245292136
 10
79.9981628204136
 20
132.11866812903307
 10
79.68797865042033
 20
131.7672844107698
 10
79.38613812651052
 20
131.4134868840111
 10
79.09269758731111
 20
131.05734158517447
 10
78.80771180358931
 20
130.6989149888899
 10
78.53123396802965
 20
130.33827399559223
 10
78.26331568530547
 20
129.97548591903418
 10
78.00400696244694
 20
129.61061847372224
 10
77.75335619950721
 20
129.2437397622777
 10
77.51141018052857
 20
128.87491826272526
 10
77.27821406481014
 20
128.5042228157117
 10
77.05381137847891
 20
128.13172261165658
 10
76.83824400636553
 20
127.75748717783804
 10
76.63155218418657
 20
127.38158636541529
 10
76.43377449103443
 20
127.00409033639099
 10
76.2449478421766
 20
126.62506955051549
 10
76.06510748216536
 20
126.24459475213547
 10
75.8942869782594
 20
125.8627369569895
 10
75.73251821415855
 20
125.47956743895288
 10
75.57983138405253
 20
125.09515771673448
 10
75.43625498698532
 20
124.70957954052757
 10
75.30181582153575
 20
124.32290487861778
 10
75.17653898081556
 20
123.9352059039501
 10
75.06044784778572
 20
123.54655498065785
 10
74.95356409089206
 20
123.15702465055581
 10
74.8559076600208
 20
122.76668761960033
 10
74.7674967827749
 20
122.37561674431873
 10
74.68834796107188
 20
121.9838850182106
 10
74.61847596806376
 20
121.59156555812355
 10
74.55789384537958
 20
121.19873159060589
 10
74.50661290069127
 20
120.8054564382389
 10
74.46464270560296
 20
120.41181350595122
 10
74.43199109386453
 20
120.0178762673176
 10
74.40866415990938
 20
119.62371825084529
 10
74.39466625771695
 20
119.22941302624969
 10
74.38999999999999
 20
118.83503419072271
  0
LWPOLYLINE
  5
97
330
17
100
AcDbEntity
  8
VISIBLE
100
AcDbPolyline
 90
201
 70
0
 10
74.38999999999999
 20
118.83503419072271
 10
74.39346974266613
 20
118.49495467673648
 10
74.40387848909995
 20
118.15492236228626
 10
74.42122479467463
 20
117.81498444035718
 10
74.44550625190149
 20
117.47518809083371
 10
74.4767194907642
 20
117.13558047395153
 10
74.51486017918648
 20
116.79620872375216
 10
74.55992302363339
 20
116.45711994154125
 10
74.61190176984599
 20
116.11836118935142
 10
74.67078920370929
 20
115.7799794834105
 10
74.73657715225367
 20
115.4420217876162
 10
74.80925648478902
 20
115.10453500701794
 10
74.88881711417211
 20
114.76756598130704
 10
74.97524799820651
 20
114.43116147831574
 10
75.0685371411752
 20
114.09536818752628
 10
75.1686715955054
 20
113.760232713591
 10
75.27563746356554
 20
113.42580156986402
 10
75.3894198995942
 20
113.09212117194565
 10
75.51000311176045
 20
112.75923783124045
 10
75.63737036435563
 20
112.42719774852964
 10
75.77150398011615
 20
112.09604700755887
 10
75.91238534267681
 20
111.76583156864231
 10
76.05999489915462
 20
111.43659726228391
 10
76.21431216286254
 20
111.10838978281643
 10
76.37531571615284
 20
110.78125468205968
 10
76.54298321338953
 20
110.45523736299835
 10
76.71729138404993
 20
110.13038307348046
 10
76.8982160359541
 20
109.80673689993758
 10
77.08573205862271
 20
109.4843437611272
 10
77.27981342676199
 20
109.16324840189849
 10
77.48043320387578
 20
108.84349538698213
 10
77.68756354600406
 20
108.5251290948053
 10
77.9011757055874
 20
108.20819371133224
 10
78.12124003545688
 20
107.8927332239319
 10
78.34772599294868
 20
107.57879141527278
 10
78.58060214414319
 20
107.26641185724637
 10
78.81983616822771
 20
106.95563790491994
 10
79.06539486198224
 20
106.6465126905191
 10
79.3172441443877
 20
106.33907911744174
 10
79.57534906135604
 20
106.03337985430326
 10
79.8396737905816
 20
105.7294573290147
 10
80.1101816465127
 20
105.4273537228942
 10
80.38683508544338
 20
105.12711096481263
 10
80.66959571072405
 20
104.8287707253743
 10
80.95842427809043
 20
104.5323744111335
 10
81.25328070111038
 20
104.23796315884779
 10
81.5541240567475
 20
103.94557782976845
 10
81.86091259104066
 20
103.65525900396958
 10
82.17360372489924
 20
103.3670469747158
 10
82.49215406001244
 20
103.08098174287014
 10
82.81651938487272
 20
102.79710301134219
 10
83.14665468091181
 20
102.51545017957783
 10
83.48251412874882
 20
102.23606233809093
 10
83.82405111454948
 20
101.95897826303809
 10
84.17121823649575
 20
101.68423641083679
 10
84.52396731136463
 20
101.41187491282807
 10
84.88224938121546
 20
101.1419315699844
 10
85.2460147201849
 20
100.87444384766309
 10
85.61521284138826
 20
100.60944887040665
 10
85.9897925039266
 20
100.3469834167903
 10
86.36970171999843
 20
100.08708391431728
 10
86.75488776211513
 20
99.82978643436334
 10
87.14529717041887
 20
99.57512668717021
 10
87.54087576010244
 20
99.32314001688954
 10
87.94156862892942
 20
99.07386139667733
 10
88.34732016485404
 20
98.8273254238402
 10
88.7580740537397
 20
98.58356631503344
 10
89.17377328717468
 20
98.34261790151228
 10
89.59436017038426
 20
98.1045136244364
 10
90.01977633023836
 20
97.86928653022849
 10
90.44996272335291
 20
97.63696926598797
 10
90.8848596442846
 20
97.40759407495983
 10
91.3244067338174
 20
97.1811927920595
 10
91.76854298733966
 20
96.95779683945466
 10
92.21720676331103
 20
96.737437222204
 10
92.67033579181769
 20
96.52014452395417
 10
93.12786718321473
 20
96.30594890269501
 10
93.58973743685449
 20
96.09488008657397
 10
94.05588244989998
 20
95.88696736977012
 10
94.52623752622164
 20
95.6822396084284
 10
95.00073738537633
 20
95.48072521665482
 10
95.47931617166782
 20
95.28245216257264
 10
95.96190746328679
 20
95.08744796444088
 10
96.44844428152939
 20
94.89573968683501
 10
96.93885910009338
 20
94.70735393689063
 10
97.43308385444999
 20
94.52231686061072
 10
97.93104995129045
 20
94.34065413923679
 10
98.43268827804633
 20
94.16239098568468
 10
98.93792921248144
 20
93.98755214104516
 10
99.44670263235462
 20
93.8161618711502
 10
99.95893792515221
 20
93.64824396320506
 10
100.47456399788827
 20
93.48382172248694
 10
100.99350928697132
 20
93.32291796911039
 10
101.51570176813695
 20
93.16555503486015
 10
102.0410689664439
 20
93.01175476009169
 10
102.56953796633289
 20
92.86153849070001
 10
103.10103542174633
 20
92.7149270751571
 10
103.6354875663084
 20
92.57194086161832
 10
104.17282022356274
 20
92.43259969509828
 10
104.7129588172674
 20
92.29692291471662
 10
105.25582838174547
 20
92.16492935101387
 10
105.80135357228937
 20
92.03663732333801
 10
106.34945867561788
 20
91.91206463730197
 10
106.90006762038452
 20
91.79122858231224
 10
107.45310398773542
 20
91.6741459291695
 10
108.00849102191529
 20
91.5608329277408
 10
108.56615164092065
 20
91.45130530470439
 10
109.12600844719782
 20
91.34557826136691
 10
109.68798373838477
 20
91.24366647155372
 10
110.25199951809579
 20
91.14558407957222
 10
110.81797750674627
 20
91.0513446982488
 10
111.38583915241715
 20
90.96096140703958
 10
111.95550564175723
 20
90.87444675021501
 10
112.5268979109216
 20
90.79181273511895
 10
113.0999366565448
 20
90.71307083050212
 10
113.67454234674743
 20
90.63823196493033
 10
114.25063523217437
 20
90.56730652526778
 10
114.82813535706296
 20
90.50030435523547
 10
115.40696257034034
 20
90.43723475404491
 10
115.9870365367474
 20
90.37810647510753
 10
116.56827674798843
 20
90.32292772481983
 10
117.15060253390507
 20
90.27170616142438
 10
117.73393307367238
 20
90.22444889394693
 10
118.31818740701574
 20
90.18116248120977
 10
118.9032844454477
 20
90.14185293092143
 10
119.48914298352196
 20
90.10652569884286
 10
120.07568171010381
 20
90.07518568803025
 10
120.66281921965549
 20
90.04783724815447
 10
121.25047402353432
 20
90.02448417489751
 10
121.8385645613024
 20
90.00512970942552
 10
122.42700921204654
 20
89.98977653793912
 10
123.01572630570632
 20
89.97842679130046
 10
123.60463413440895
 20
89.97108204473754
 10
124.19365096380967
 20
89.9677433176256
 10
124.78269504443557
 20
89.96841107334558
 10
125.3716846230314
 20
89.97308521921985
 10
125.96053795390638
 20
89.9817651065251
 10
126.54917331027951
 20
89.9944495305823
 10
127.13750899562227
 20
90.01113673092398
 10
127.72546335499752
 20
90.03182439153846
 10
128.31295478639225
 20
90.05650964119144
 10
128.89990175204295
 20
90.08518905382431
 10
129.48622278975247
 20
90.11785864902984
 10
130.07183652419604
 20
90.1545138926045
 10
130.6566616782152
 20
90.19514969717775
 10
131.24061708409837
 20
90.23976042291824
 10
131.82362169484614
 20
90.2883398783164
 10
132.40559459541953
 20
90.34088132104387
 10
132.98645501397044
 20
90.39737745888922
 10
133.56612233305177
 20
90.45782045077009
 10
134.1445161008064
 20
90.52220190782133
 10
134.72155604213287
 20
90.5905128945594
 10
135.2971620698271
 20
90.66274393012252
 10
135.87125429569733
 20
90.73888498958644
 10
136.44375304165192
 20
90.81892550535584
 10
137.01457885075786
 20
90.90285436863103
 10
137.58365249826863
 20
90.9906599309497
 10
138.15089500261956
 20
91.0823300058036
 10
138.71622763638987
 20
91.17785187032995
 10
139.27957193722926
 20
91.27721226707718
 10
139.84084971874734
 20
91.38039740584497
 10
140.39998308136555
 20
91.4873929655982
 10
140.95689442312855
 20
91.59818409645452
 10
141.51150645047449
 20
91.71275542174536
 10
142.0637421889628
 20
91.83109104015008
 10
142.61352499395747
 20
91.95317452790296
 10
143.16077856126412
 20
92.07898894107251
 10
143.70542693772077
 20
92.20851681791325
 10
144.24739453173902
 20
92.34174018128917
 10
144.78660612379542
 20
92.47864054116872
 10
145.32298687687143
 20
92.61919889719113
 10
145.85646234683946
 20
92.76339574130336
 10
146.38695849279574
 20
92.91121106046779
 10
146.91440168733573
 20
93.06262433943958
 10
147.43871872677306
 20
93.21761456361415
 10
147.95983684129988
 20
93.37616022194382
 10
148.47768370508578
 20
93.53823930992311
 10
148.9921874463164
 20
93.70382933264298
 10
149.5032766571686
 20
93.87290730791275
 10
150.01088040372065
 20
94.04544976944985
 10
150.5149282357974
 20
94.2214327701366
 10
151.01535019674824
 20
94.40083188534403
 10
151.51207683315596
 20
94.58362221632154
 10
152.0050392044763
 20
94.76977839365269
 10
152.49416889260652
 20
94.95927458077628
 10
152.97939801138062
 20
95.15208447757207
 10
153.46065921599148
 20
95.34818132401102
 10
153.93788571233785
 20
95.5475379038694
 10
154.41101126629417
 20
95.75012654850592
 10
154.87997021290366
 20
95.95591914070204
 10
155.3446974654917
 20
96.16488711856427
 10
155.80512852469914
 20
96.37700147948823
 10
156.26119948743445
 20
96.59223278418403
 10
156.7128470557425
 20
96.81055116076203
 10
157.16000854558968
 20
97.03192630887875
 10
157.60262189556406
 20
97.25632750394234
 10
158.04062567548866
 20
97.48372360137681
 10
158.4739590949473
 20
97.71408304094444
 10
158.90256201172184
 20
97.94737385112623
 10
159.3263749401392
 20
98.18356365355908
 10
159.74533905932736
 20
98.42261966752955
  0
LWPOLYLINE
  5
98
330
17
100
AcDbEntity
  8
VISIBLE
100
AcDbPolyline
 90
54
 70
0
 10
159.74533905932736
 20
90.2576538582523
 10
160.26536285221653
 20
90.56237217475383
 10
160.77750863781608
 20
90.87150601669398
 10
161.28166395208635
 20
91.18498750019742
 10
161.77771808564552
 20
91.50274778667361
 10
162.26556210808099
 20
91.82471709793347
 10
162.74508889186953
 20
92.15082473151215
 10
163.2161931359021
 20
92.48099907619488
 10
163.67877138860706
 20
92.81516762774228
 10
164.13272207066765
 20
93.15325700481199
 10
164.57794549732816
 20
93.49519296507265
 10
165.01434390028405
 20
93.84090042150703
 10
165.4418214491513
 20
94.19030345890077
 10
165.86028427251006
 20
94.54332535051282
 10
166.26964047851848
 20
94.89988857492416
 10
166.66980017509127
 20
95.25991483306107
 10
167.06067548963972
 20
95.6233250653891
 10
167.44218058836776
 20
95.990039469274
 10
167.81423169512067
 20
96.35997751650594
 10
168.17674710978181
 20
96.73305797098304
 10
168.52964722621334
 20
97.10919890655022
 10
168.87285454973735
 20
97.48831772498977
 10
169.20629371415313
 20
97.87033117415928
 10
169.52989149828716
 20
98.25515536627346
 10
169.84357684207208
 20
98.64270579632525
 10
170.14728086215092
 20
99.03289736064265
 10
170.44093686700353
 20
99.42564437557698
 10
170.72448037159165
 20
99.82086059631837
 10
170.99784911151937
 20
100.21845923583473
 10
171.26098305670604
 20
100.61835298392953
 10
171.5138244245684
 20
101.02045402641468
 10
171.75631769270956
 20
101.42467406439386
 10
171.98840961111097
 20
101.83092433365252
 10
172.2100492138261
 20
102.23911562414989
 10
172.4211878301722
 20
102.64915829960898
 10
172.62177909541793
 20
103.06096231720011
 10
172.81177896096492
 20
103.4744372473138
 10
172.99114570402054
 20
103.88949229341856
 10
173.15983993675988
 20
104.30603631199921
 10
173.31782461497517
 20
104.72397783257142
 10
173.4650650462105
 20
105.14322507776814
 10
173.6015288973798
 20
105.56368598349322
 10
173.72718620186743
 20
105.98526821913823
 10
173.8420093661082
 20
106.40787920785765
 10
173.945973175647
 20
106.8314261468981
 10
174.03905480067584
 20
107.25581602797737
 10
174.1212338010468
 20
107.6809556577084
 10
174.19249213076083
 20
108.10675167806394
 10
174.2528141419305
 20
108.53311058687743
 10
174.30218658821605
 20
108.95993875837553
 10
174.34059862773438
 20
109.38714246373769
 10
174.36804182543972
 20
109.81462789167848
 10
174.38451015497594
 20
110.24230116904792
 10
174.39
 20
110.67006838144545
  0
LWPOLYLINE
  5
99
330
17
100
AcDbEntity
  8
VISIBLE
100
AcDbPolyline
 90
201
 70
0
 10
74.38999999999999
 20
110.67006838144545
 10
74.39346974266613
 20
110.32998886745924
 10
74.40387848909995
 20
109.989956553009
 10
74.42122479467463
 20
109.65001863107992
 10
74.44550625190149
 20
109.31022228155645
 10
74.4767194907642
 20
108.97061466467427
 10
74.51486017918648
 20
108.63124291447491
 10
74.55992302363339
 20
108.29215413226399
 10
74.61190176984599
 20
107.95339538007417
 10
74.67078920370929
 20
107.61501367413324
 10
74.73657715225367
 20
107.27705597833892
 10
74.80925648478902
 20
106.93956919774068
 10
74.88881711417211
 20
106.60260017202978
 10
74.97524799820651
 20
106.26619566903848
 10
75.0685371411752
 20
105.93040237824901
 10
75.1686715955054
 20
105.59526690431373
 10
75.27563746356554
 20
105.26083576058676
 10
75.3894198995942
 20
104.9271553626684
 10
75.51000311176045
 20
104.59427202196319
 10
75.63737036435563
 20
104.26223193925239
 10
75.77150398011615
 20
103.93108119828159
 10
75.91238534267681
 20
103.60086575936505
 10
76.05999489915462
 20
103.27163145300665
 10
76.21431216286254
 20
102.94342397353918
 10
76.37531571615284
 20
102.61628887278243
 10
76.54298321338953
 20
102.29027155372108
 10
76.71729138404993
 20
101.9654172642032
 10
76.8982160359541
 20
101.64177109066031
 10
77.08573205862271
 20
101.31937795184996
 10
77.27981342676199
 20
100.99828259262122
 10
77.48043320387578
 20
100.67852957770486
 10
77.68756354600406
 20
100.36016328552802
 10
77.9011757055874
 20
100.04322790205498
 10
78.12124003545688
 20
99.72776741465464
 10
78.34772599294868
 20
99.41382560599551
 10
78.58060214414319
 20
99.1014460479691
 10
78.81983616822771
 20
98.79067209564266
 10
79.06539486198224
 20
98.48154688124185
 10
79.3172441443877
 20
98.1741133081645
 10
79.57534906135604
 20
97.86841404502601
 10
79.8396737905816
 20
97.56449151973744
 10
80.1101816465127
 20
97.26238791361695
 10
80.38683508544338
 20
96.96214515553538
 10
80.66959571072405
 20
96.66380491609704
 10
80.95842427809043
 20
96.36740860185625
 10
81.25328070111038
 20
96.07299734957053
 10
81.5541240567475
 20
95.78061202049119
 10
81.86091259104066
 20
95.49029319469233
 10
82.17360372489924
 20
95.20208116543856
 10
82.49215406001244
 20
94.91601593359289
 10
82.81651938487272
 20
94.63213720206494
 10
83.14665468091181
 20
94.35048437030056
 10
83.48251412874882
 20
94.07109652881367
 10
83.82405111454948
 20
93.79401245376084
 10
84.17121823649575
 20
93.51927060155953
 10
84.52396731136463
 20
93.24690910355082
 10
84.88224938121546
 20
92.97696576070713
 10
85.2460147201849
 20
92.70947803838583
 10
85.61521284138826
 20
92.4444830611294
 10
85.9897925039266
 20
92.18201760751303
 10
86.36970171999843
 20
91.92211810504003
 10
86.75488776211513
 20
91.66482062508607
 10
87.14529717041887
 20
91.41016087789296
 10
87.54087576010244
 20
91.15817420761226
 10
87.94156862892942
 20
90.90889558740007
 10
88.34732016485404
 20
90.66235961456292
 10
88.7580740537397
 20
90.41860050575617
 10
89.17377328717468
 20
90.17765209223504
 10
89.59436017038426
 20
89.93954781515913
 10
90.01977633023836
 20
89.70432072095122
 10
90.44996272335291
 20
89.47200345671072
 10
90.8848596442846
 20
89.24262826568258
 10
91.3244067338174
 20
89.01622698278226
 10
91.76854298733966
 20
88.7928310301774
 10
92.21720676331103
 20
88.57247141292675
 10
92.67033579181769
 20
88.35517871467691
 10
93.12786718321473
 20
88.14098309341774
 10
93.58973743685449
 20
87.92991427729672
 10
94.05588244989998
 20
87.72200156049286
 10
94.52623752622164
 20
87.51727379915116
 10
95.00073738537633
 20
87.31575940737756
 10
95.47931617166782
 20
87.11748635329538
 10
95.96190746328679
 20
86.9224821551636
 10
96.44844428152939
 20
86.73077387755774
 10
96.93885910009338
 20
86.54238812761338
 10
97.43308385444999
 20
86.35735105133344
 10
97.93104995129045
 20
86.17568832995953
 10
98.43268827804633
 20
85.99742517640742
 10
98.93792921248144
 20
85.8225863317679
 10
99.44670263235462
 20
85.65119606187294
 10
99.95893792515221
 20
85.4832781539278
 10
100.47456399788827
 20
85.31885591320967
 10
100.99350928697132
 20
85.15795215983313
 10
101.51570176813695
 20
85.00058922558289
 10
102.0410689664439
 20
84.84678895081443
 10
102.56953796633289
 20
84.69657268142275
 10
103.10103542174633
 20
84.54996126587986
 10
103.6354875663084
 20
84.40697505234107
 10
104.17282022356274
 20
84.26763388582103
 10
104.7129588172674
 20
84.13195710543935
 10
105.25582838174547
 20
83.9999635417366
 10
105.80135357228937
 20
83.87167151406075
 10
106.34945867561788
 20
83.7470988280247
 10
106.90006762038452
 20
83.626262773035
 10
107.45310398773542
 20
83.50918011989224
 10
108.00849102191529
 20
83.39586711846354
 10
108.56615164092065
 20
83.28633949542713
 10
109.12600844719782
 20
83.18061245208965
 10
109.68798373838477
 20
83.07870066227646
 10
110.25199951809579
 20
82.98061827029495
 10
110.81797750674627
 20
82.88637888897154
 10
111.38583915241715
 20
82.79599559776231
 10
111.95550564175723
 20
82.70948094093777
 10
112.5268979109216
 20
82.62684692584169
 10
113.0999366565448
 20
82.54810502122486
 10
113.67454234674743
 20
82.47326615565306
 10
114.25063523217437
 20
82.40234071599053
 10
114.82813535706296
 20
82.33533854595822
 10
115.40696257034034
 20
82.27226894476765
 10
115.9870365367474
 20
82.21314066583027
 10
116.56827674798843
 20
82.15796191554257
 10
117.15060253390507
 20
82.10674035214711
 10
117.73393307367238
 20
82.05948308466967
 10
118.31818740701574
 20
82.0161966719325
 10
118.9032844454477
 20
81.97688712164417
 10
119.48914298352196
 20
81.9415598895656
 10
120.07568171010381
 20
81.91021987875297
 10
120.66281921965549
 20
81.8828714388772
 10
121.25047402353432
 20
81.85951836562025
 10
121.8385645613024
 20
81.84016390014827
 10
122.42700921204654
 20
81.82481072866186
 10
123.01572630570632
 20
81.8134609820232
 10
123.60463413440895
 20
81.80611623546028
 10
124.19365096380967
 20
81.80277750834834
 10
124.78269504443557
 20
81.80344526406832
 10
125.3716846230314
 20
81.80811940994259
 10
125.96053795390638
 20
81.81679929724784
 10
126.54917331027951
 20
81.82948372130505
 10
127.13750899562227
 20
81.84617092164672
 10
127.72546335499752
 20
81.86685858226122
 10
128.31295478639225
 20
81.89154383191418
 10
128.89990175204295
 20
81.92022324454706
 10
129.48622278975247
 20
81.9528928397526
 10
130.07183652419604
 20
81.98954808332724
 10
130.6566616782152
 20
82.0301838879005
 10
131.24061708409837
 20
82.07479461364098
 10
131.82362169484614
 20
82.12337406903913
 10
132.40559459541953
 20
82.1759155117666
 10
132.98645501397044
 20
82.23241164961198
 10
133.56612233305177
 20
82.29285464149282
 10
134.1445161008064
 20
82.35723609854406
 10
134.72155604213287
 20
82.42554708528215
 10
135.2971620698271
 20
82.49777812084525
 10
135.87125429569733
 20
82.57391918030918
 10
136.44375304165192
 20
82.65395969607857
 10
137.01457885075786
 20
82.73788855935376
 10
137.58365249826863
 20
82.82569412167244
 10
138.15089500261956
 20
82.91736419652634
 10
138.71622763638987
 20
83.01288606105268
 10
139.27957193722926
 20
83.11224645779993
 10
139.84084971874734
 20
83.21543159656771
 10
140.39998308136555
 20
83.32242715632094
 10
140.95689442312855
 20
83.43321828717725
 10
141.51150645047449
 20
83.54778961246808
 10
142.0637421889628
 20
83.66612523087282
 10
142.61352499395747
 20
83.7882087186257
 10
143.16077856126412
 20
83.91402313179525
 10
143.70542693772077
 20
84.043551008636
 10
144.24739453173902
 20
84.17677437201192
 10
144.78660612379542
 20
84.31367473189145
 10
145.32298687687143
 20
84.45423308791386
 10
145.85646234683946
 20
84.59842993202611
 10
146.38695849279574
 20
84.74624525119052
 10
146.91440168733573
 20
84.89765853016232
 10
147.43871872677306
 20
85.0526487543369
 10
147.95983684129988
 20
85.21119441266656
 10
148.47768370508578
 20
85.37327350064587
 10
148.9921874463164
 20
85.53886352336572
 10
149.5032766571686
 20
85.7079414986355
 10
150.01088040372065
 20
85.88048396017258
 10
150.5149282357974
 20
86.05646696085934
 10
151.01535019674824
 20
86.23586607606677
 10
151.51207683315596
 20
86.41865640704428
 10
152.0050392044763
 20
86.60481258437542
 10
152.49416889260652
 20
86.79430877149902
 10
152.97939801138062
 20
86.98711866829481
 10
153.46065921599148
 20
87.18321551473377
 10
153.93788571233785
 20
87.38257209459215
 10
154.41101126629417
 20
87.58516073922866
 10
154.87997021290366
 20
87.79095333142477
 10
155.3446974654917
 20
87.999921309287
 10
155.80512852469914
 20
88.21203567021098
 10
156.26119948743445
 20
88.42726697490677
 10
156.7128470557425
 20
88.64558535148477
 10
157.16000854558968
 20
88.86696049960149
 10
157.60262189556406
 20
89.09136169466508
 10
158.04062567548866
 20
89.31875779209955
 10
158.4739590949473
 20
89.54911723166718
 10
158.90256201172184
 20
89.78240804184898
 10
159.3263749401392
 20
90.01859784428181
 10
159.74533905932736
 20
90.2576538582523
  0
LWPOLYLINE
  5
9A
330
17
100
AcDbEntity
  8
VISIBLE
100
AcDbPolyline
 90
9
 70
0
 10
84.21842712474836
 20
117.20204102886726
 10
84.48204181345312
 20
117.36996565718682
 10
84.71587844921234
 20
117.55199969637226
 10
84.91768505739559
 20
117.74639005911631
 10
85.08551813004732
 20
117.95126465996113
 10
85.217761342931
 20
118.16465044450476
 10
85.31314112161509
 20
118.3844923909935
 10
85.37073890669095
 20
118.60867330130483
 10
85.39000000000217
 20
118.83503419072271
  0
LWPOLYLINE
  5
9B
330
17
100
AcDbEntity
  8
VISIBLE
100
AcDbPolyline
 90
22
 70
0
 10
85.39000000000217
 20
118.83503419072271
 10
85.34532330490268
 20
119.17923256071249
 10
85.21229122314674
 20
119.51574210788739
 10
84.99387547161184
 20
119.8370457650288
 10
84.69495509726615
 20
120.1359661393745
 10
84.32220748732146
 20
120.40582584371265
 10
83.8839592074371
 20
120.64059665817808
 10
83.39000000000217
 20
120.83503419072271
 10
82.85136409746775
 20
120.98479502816787
 10
82.28008373582742
 20
121.08653376087733
 10
81.68892037434787
 20
121.1379777136806
 10
81.09107962565648
 20
121.1379777136806
 10
80.4999162641769
 20
121.08653376087733
 10
79.92863590253658
 20
120.98479502816787
 10
79.39000000000217
 20
120.83503419072271
 10
78.89604079256723
 20
120.64059665817808
 10
78.45779251268286
 20
120.40582584371265
 10
78.08504490273819
 20
120.1359661393745
 10
77.78612452839249
 20
119.8370457650288
 10
77.56770877685761
 20
119.51574210788739
 10
77.43467669510164
 20
119.17923256071249
 10
77.39000000000217
 20
118.83503419072271
  0
LWPOLYLINE
  5
9C
330
17
100
AcDbEntity
  8
VISIBLE
100
AcDbPolyline
 90
17
 70
0
 10
77.39000000000217
 20
118.83503419072271
 10
77.43329396014305
 20
118.49617467502222
 10
77.56223865707332
 20
118.16465044450476
 10
77.7740428275084
 20
117.84763799758123
 10
78.06412155079198
 20
117.55199969637226
 10
78.42619549858233
 20
117.28413521729219
 10
78.85242686334757
 20
117.04984301738122
 10
79.33358902322928
 20
116.8541948152215
 10
79.85926627054181
 20
116.701425803546
 10
80.41807928038911
 20
116.59484297010583
 10
80.99793143868393
 20
116.53675351137232
 10
81.58627069731185
 20
116.52841488870098
 10
82.17036128806669
 20
116.5700076080906
 10
82.73755941357105
 20
116.66063131277346
 10
83.27558694730615
 20
116.7983242732204
 10
83.7727972179719
 20
116.98010585266077
 10
84.21842712474836
 20
117.20204102886726
  0
LWPOLYLINE
  5
9D
330
17
100
AcDbEntity
  8
VISIBLE
100
AcDbPolyline
 90
9
 70
0
 10
96.81283553372462
 20
99.64736453892115
 10
97.07645022242939
 20
99.81528916724072
 10
97.31028685818862
 20
99.99732320642616
 10
97.51209346637185
 20
100.1917135691702
 10
97.67992653902358
 20
100.39658817001502
 10
97.81216975190728
 20
100.60997395455865
 10
97.90754953059135
 20
100.8298159010474
 10
97.96514731566722
 20
101.05399681135873
 10
97.98440840897844
 20
101.2803577007766
  0
LWPOLYLINE
  5
9E
330
17
100
AcDbEntity
  8
VISIBLE
100
AcDbPolyline
 90
22
 70
0
 10
97.98440840897844
 20
101.2803577007766
 10
97.93973171387896
 20
101.62455607076639
 10
97.806699632123
 20
101.96106561794129
 10
97.58828388058811
 20
102.2823692750827
 10
97.28936350624241
 20
102.5812896494284
 10
96.91661589629774
 20
102.85114935376654
 10
96.47836761641337
 20
103.08592016823197
 10
95.98440840897844
 20
103.2803577007766
 10
95.44577250644402
 20
103.43011853822176
 10
94.8744921448037
 20
103.53185727093123
 10
94.28332878332414
 20
103.5833012237345
 10
93.68548803463274
 20
103.5833012237345
 10
93.09432467315318
 20
103.53185727093123
 10
92.52304431151285
 20
103.43011853822176
 10
91.98440840897844
 20
103.2803577007766
 10
91.4904492015435
 20
103.08592016823198
 10
91.05220092165914
 20
102.85114935376654
 10
90.67945331171445
 20
102.5812896494284
 10
90.38053293736876
 20
102.2823692750827
 10
90.16211718583386
 20
101.96106561794129
 10
90.02908510407792
 20
101.62455607076639
 10
89.98440840897844
 20
101.2803577007766
  0
LWPOLYLINE
  5
9F
330
17
100
AcDbEntity
  8
VISIBLE
100
AcDbPolyline
 90
17
 70
0
 10
89.98440840897844
 20
101.2803577007766
 10
90.02770236911931
 20
100.94149818507611
 10
90.1566470660496
 20
100.60997395455865
 10
90.36845123648466
 20
100.29296150763513
 10
90.65852995976826
 20
99.99732320642616
 10
91.02060390755861
 20
99.72945872734608
 10
91.44683527232385
 20
99.49516652743512
 10
91.92799743220556
 20
99.2995183252754
 10
92.45367467951807
 20
99.1467493135999
 10
93.01248768936537
 20
99.04016648015973
 10
93.59233984766018
 20
98.98207702142622
 10
94.18067910628811
 20
98.97373839875488
 10
94.76476969704295
 20
99.0153311181445
 10
95.33196782254731
 20
99.10595482282736
 10
95.86999535628243
 20
99.2436477832743
 10
96.36720562694816
 20
99.42542936271467
 10
96.81283553372462
 20
99.64736453892115
  0
LWPOLYLINE
  5
A0
330
17
100
AcDbEntity
  8
VISIBLE
100
AcDbPolyline
 90
9
 70
0
 10
127.21842712474759
 20
92.3759794537138
 10
127.48204181345234
 20
92.54390408203336
 10
127.71587844921159
 20
92.7259381212188
 10
127.91768505739482
 20
92.92032848396285
 10
128.08551813004655
 20
93.12520308480767
 10
128.21776134293023
 20
93.3385888693513
 10
128.3131411216143
 20
93.55843081584004
 10
128.37073890669018
 20
93.78261172615137
 10
128.3900000000014
 20
94.00897261556925
  0
LWPOLYLINE
  5
A1
330
17
100
AcDbEntity
  8
VISIBLE
100
AcDbPolyline
 90
22
 70
0
 10
128.3900000000014
 20
94.00897261556925
 10
128.3453233049019
 20
94.35317098555903
 10
128.21229122314597
 20
94.68968053273393
 10
127.99387547161108
 20
95.01098418987534
 10
127.69495509726538
 20
95.30990456422104
 10
127.32220748732071
 20
95.57976426855919
 10
126.88395920743633
 20
95.81453508302461
 10
126.3900000000014
 20
96.00897261556925
 10
125.85136409746698
 20
96.1587334530144
 10
125.28008373582666
 20
96.26047218572387
 10
124.68892037434709
 20
96.31191613852714
 10
124.09107962565571
 20
96.31191613852714
 10
123.49991626417614
 20
96.26047218572387
 10
122.92863590253582
 20
96.1587334530144
 10
122.39000000000141
 20
96.00897261556925
 10
121.89604079256647
 20
95.81453508302462
 10
121.45779251268209
 20
95.57976426855919
 10
121.08504490273742
 20
95.30990456422104
 10
120.78612452839172
 20
95.01098418987534
 10
120.56770877685683
 20
94.68968053273393
 10
120.43467669510089
 20
94.35317098555903
 10
120.39000000000141
 20
94.00897261556925
  0
LWPOLYLINE
  5
A2
330
17
100
AcDbEntity
  8
VISIBLE
100
AcDbPolyline
 90
17
 70
0
 10
120.39000000000141
 20
94.00897261556925
 10
120.43329396014228
 20
93.67011309986876
 10
120.56223865707257
 20
93.3385888693513
 10
120.77404282750763
 20
93.02157642242777
 10
121.06412155079121
 20
92.7259381212188
 10
121.42619549858156
 20
92.45807364213873
 10
121.85242686334682
 20
92.22378144222776
 10
122.33358902322851
 20
92.02813324006804
 10
122.85926627054104
 20
91.87536422839254
 10
123.41807928038834
 20
91.76878139495237
 10
123.99793143868315
 20
91.71069193621886
 10
124.58627069731106
 20
91.70235331354752
 10
125.17036128806592
 20
91.74394603293715
 10
125.73755941357028
 20
91.83456973762
 10
126.27558694730538
 20
91.97226269806694
 10
126.77279721797113
 20
92.15404427750731
 10
127.21842712474759
 20
92.3759794537138
  0
LWPOLYLINE
  5
A3
330
17
100
AcDbEntity
  8
VISIBLE
100
AcDbPolyline
 90
9
 70
0
 10
157.6240187157677
 20
99.64736453892115
 10
157.88763340447247
 20
99.8152891672407
 10
158.1214700402317
 20
99.99732320642616
 10
158.32327664841495
 20
100.19171356917019
 10
158.49110972106666
 20
100.39658817001502
 10
158.62335293395034
 20
100.60997395455865
 10
158.71873271263445
 20
100.82981590104738
 10
158.77633049771032
 20
101.05399681135873
 10
158.79559159102152
 20
101.28035770077659
  0
LWPOLYLINE
  5
A4
330
17
100
AcDbEntity
  8
VISIBLE
100
AcDbPolyline
 90
22
 70
0
 10
158.79559159102152
 20
101.28035770077659
 10
158.75091489592205
 20
101.62455607076637
 10
158.61788281416608
 20
101.96106561794127
 10
158.3994670626312
 20
102.28236927508269
 10
158.1005466882855
 20
102.58128964942838
 10
157.72779907834084
 20
102.85114935376654
 10
157.28955079845645
 20
103.08592016823197
 10
156.79559159102152
 20
103.28035770077659
 10
156.2569556884871
 20
103.43011853822175
 10
155.6856753268468
 20
103.53185727093123
 10
155.09451196536722
 20
103.58330122373448
 10
154.49667121667582
 20
103.58330122373448
 10
153.90550785519628
 20
103.53185727093123
 10
153.33422749355594
 20
103.43011853822175
 10
152.79559159102152
 20
103.28035770077659
 10
152.3016323835866
 20
103.08592016823197
 10
151.86338410370223
 20
102.85114935376654
 10
151.49063649375753
 20
102.58128964942838
 10
151.19171611941184
 20
102.28236927508269
 10
150.97330036787696
 20
101.96106561794127
 10
150.84026828612102
 20
101.62455607076639
 10
150.79559159102152
 20
101.28035770077659
  0
LWPOLYLINE
  5
A5
330
17
100
AcDbEntity
  8
VISIBLE
100
AcDbPolyline
 90
17
 70
0
 10
150.79559159102152
 20
101.28035770077659
 10
150.8388855511624
 20
100.9414981850761
 10
150.9678302480927
 20
100.60997395455865
 10
151.17963441852774
 20
100.29296150763513
 10
151.46971314181133
 20
99.99732320642616
 10
151.83178708960168
 20
99.72945872734607
 10
152.25801845436695
 20
99.49516652743512
 10
152.73918061424862
 20
99.2995183252754
 10
153.26485786156115
 20
99.14674931359988
 10
153.82367087140847
 20
99.04016648015971
 10
154.40352302970328
 20
98.9820770214262
 10
154.9918622883312
 20
98.97373839875488
 10
155.57595287908603
 20
99.01533111814449
 10
156.1431510045904
 20
99.10595482282736
 10
156.68117853832553
 20
99.24364778327428
 10
157.17838880899126
 20
99.42542936271465
 10
157.6240187157677
 20
99.64736453892115
  0
LWPOLYLINE
  5
A6
330
17
100
AcDbEntity
  8
VISIBLE
100
AcDbPolyline
 90
9
 70
0
 10
96.81283553372464
 20
134.75671751881336
 10
97.0764502224294
 20
134.92464214713294
 10
97.31028685818862
 20
135.1066761863184
 10
97.51209346637187
 20
135.30106654906243
 10
97.6799265390236
 20
135.50594114990724
 10
97.81216975190728
 20
135.71932693445086
 10
97.90754953059137
 20
135.9391688809396
 10
97.96514731566724
 20
136.16334979125094
 10
97.98440840897845
 20
136.38971068066883
  0
LWPOLYLINE
  5
A7
330
17
100
AcDbEntity
  8
VISIBLE
100
AcDbPolyline
 90
22
 70
0
 10
97.98440840897845
 20
136.38971068066883
 10
97.93973171387896
 20
136.7339090506586
 10
97.80669963212301
 20
137.0704185978335
 10
97.58828388058812
 20
137.39172225497492
 10
97.28936350624242
 20
137.69064262932062
 10
96.91661589629776
 20
137.96050233365875
 10
96.47836761641338
 20
138.1952731481242
 10
95.98440840897845
 20
138.38971068066883
 10
95.44577250644403
 20
138.53947151811397
 10
94.8744921448037
 20
138.64121025082343
 10
94.28332878332415
 20
138.69265420362672
 10
93.68548803463275
 20
138.69265420362672
 10
93.09432467315318
 20
138.64121025082343
 10
92.52304431151286
 20
138.53947151811397
 10
91.98440840897845
 20
138.38971068066883
 10
91.49044920154351
 20
138.1952731481242
 10
91.05220092165914
 20
137.96050233365875
 10
90.67945331171447
 20
137.69064262932062
 10
90.38053293736877
 20
137.39172225497492
 10
90.16211718583389
 20
137.0704185978335
 10
90.02908510407792
 20
136.7339090506586
 10
89.98440840897845
 20
136.38971068066883
  0
LWPOLYLINE
  5
A8
330
17
100
AcDbEntity
  8
VISIBLE
100
AcDbPolyline
 90
17
 70
0
 10
89.98440840897845
 20
136.38971068066883
 10
90.02770236911932
 20
136.05085116496832
 10
90.1566470660496
 20
135.71932693445086
 10
90.36845123648467
 20
135.40231448752735
 10
90.65852995976826
 20
135.1066761863184
 10
91.02060390755861
 20
134.8388117072383
 10
91.44683527232385
 20
134.60451950732735
 10
91.92799743220556
 20
134.40887130516762
 10
92.45367467951809
 20
134.25610229349212
 10
93.01248768936539
 20
134.14951946005195
 10
93.5923398476602
 20
134.09143000131843
 10
94.18067910628812
 20
134.0830913786471
 10
94.76476969704296
 20
134.1246840980367
 10
95.33196782254733
 20
134.21530780271956
 10
95.86999535628243
 20
134.3530007631665
 10
96.36720562694818
 20
134.5347823426069
 10
96.81283553372464
 20
134.75671751881336
  0
LWPOLYLINE
  5
A9
330
17
100
AcDbEntity
  8
VISIBLE
100
AcDbPolyline
 90
25
 70
0
 10
140.2999025766973
 20
109.6494476552858
 10
140.8119416357013
 20
109.95490969997334
 10
141.306395668277
 20
110.26988080438846
 10
141.78273520066156
 20
110.59402368958334
 10
142.24045015655278
 20
110.92699125523767
 10
142.67905040331132
 20
111.26842695134218
 10
143.09806627680726
 20
111.61796516000148
 10
143.49704908434802
 20
111.97523158694673
 10
143.87557158514986
 20
112.33984366233942
 10
144.23322844783797
 20
112.71141095043669
 10
144.5696366844855
 20
113.08953556767969
 10
144.88443606072644
 20
113.4738126087573
 10
145.17728948150392
 20
113.86383058018882
 10
145.4478833520398
 20
114.25917184096159
 10
145.69592791363988
 20
114.65941304975134
 10
145.9211575539747
 20
115.06412561824673
 10
146.123331091504
 20
115.4728761700925
 10
146.30223203373998
 20
115.88522700495963
 10
146.45766880907266
 20
116.3007365672459
 10
146.58947497190977
 20
116.71895991890462
 10
146.69750938091073
 20
117.13944921589548
 10
146.78165635012442
 20
117.56175418774716
 10
146.84182577286856
 20
117.9854226197182
 10
146.8779532182182
 20
118.41000083703993
 10
146.89
 20
118.83503419072271
  0
LWPOLYLINE
  5
AA
330
17
100
AcDbEntity
  8
VISIBLE
100
AcDbPolyline
 90
91
 70
0
 10
101.88999999999999
 20
118.83503419072271
 10
101.89771018804996
 20
118.49498565730016
 10
101.92083546802208
 20
118.15517017615662
 10
101.9593599910046
 20
117.81582063984868
 10
102.01325735421383
 20
117.47716962159767
 10
102.08249061908924
 20
117.13944921589548
 10
102.16701233660939
 20
116.80289087943868
 10
102.26676457981101
 20
116.46772527249962
 10
102.38167898348937
 20
116.13418210084339
 10
102.51167679105225
 20
115.80248995829898
 10
102.65666890849594
 20
115.4728761700925
 10
102.81655596546564
 20
115.14556663704985
 10
102.99122838335903
 20
114.82078568077546
 10
103.18056645042597
 20
114.49875588991358
 10
103.38444040381295
 20
114.17969796759716
 10
103.60271051849602
 20
113.86383058018883
 10
103.83522720304147
 20
113.551370207418
 10
104.08183110212812
 20
113.24253099401643
 10
104.34235320576171
 20
112.93752460295411
 10
104.61661496510577
 20
112.63656007037606
 10
104.90442841485012
 20
112.33984366233942
 10
105.20559630203292
 20
112.04757873344892
 10
105.51991222122794
 20
111.75996558748787
 10
105.84716075600463
 20
111.47720134013991
 10
106.18711762656366
 20
111.19947978389581
 10
106.53954984344719
 20
110.92699125523768
 10
106.90421586721814
 20
110.65992250419197
 10
107.2808657739993
 20
110.39845656634026
 10
107.66924142675862
 20
110.14277263737586
 10
108.06907665222352
 20
109.89304595029198
 10
108.48009742330267
 20
109.6494476552858
 10
108.90202204689052
 20
109.41214470246072
 10
109.33456135692568
 20
109.18129972740707
 10
109.77741891257085
 20
108.95707093973976
 10
110.23029120137863
 20
108.73961201466943
 10
110.69286784730377
 20
108.52907198768096
 10
111.16483182341933
 20
108.32559515239217
 10
111.64585966919125
 20
108.12932096166203
 10
112.13562171216188
 20
107.9403839320168
 10
112.63378229389114
 20
107.75891355145896
 10
113.13999999999997
 20
107.58503419072271
 10
113.65392789415878
 20
107.41886501803641
 10
114.17521375586018
 20
107.2605199174507
 10
114.70350032181335
 20
107.110107410788
 10
115.23842553079449
 20
106.96773058326711
 10
115.77962277178545
 20
106.83348701285374
 10
116.32672113523071
 20
106.70746870338539
 10
116.87934566724013
 20
106.58976202151668
 10
117.43711762656366
 20
106.48044763752773
 10
117.99965474416173
 20
106.37960047003698
 10
118.56657148519326
 20
106.2872896346556
 10
119.13747931324212
 20
106.2035783966191
 10
119.71198695660038
 20
106.1285241274286
 10
120.28970067642666
 20
106.06217826553114
 10
120.87022453659479
 20
106.00458628106642
 10
121.45316067504882
 20
105.9557876447038
 10
122.03810957647778
 20
105.9158158005911
 10
122.62467034612347
 20
105.88469814343364
 10
123.21244098453374
 20
105.86245599971927
 10
123.80101866307284
 20
105.84910461310227
 10
124.38999999999999
 20
105.84465313395613
 10
124.97898133692713
 20
105.84910461310227
 10
125.56755901546623
 20
105.86245599971927
 10
126.1553296538765
 20
105.88469814343364
 10
126.74189042352218
 20
105.9158158005911
 10
127.32683932495114
 20
105.95578764470379
 10
127.90977546340518
 20
106.00458628106641
 10
128.4902993235733
 20
106.06217826553114
 10
129.06801304339956
 20
106.12852412742859
 10
129.64252068675785
 20
106.2035783966191
 10
130.21342851480668
 20
106.2872896346556
 10
130.78034525583823
 20
106.37960047003698
 10
131.3428823734363
 20
106.48044763752773
 10
131.90065433275984
 20
106.58976202151666
 10
132.45327886476923
 20
106.70746870338539
 10
133.00037722821452
 20
106.83348701285372
 10
133.54157446920547
 20
106.9677305832671
 10
134.07649967818665
 20
107.110107410788
 10
134.60478624413977
 20
107.2605199174507
 10
135.12607210584116
 20
107.41886501803641
 10
135.64
 20
107.5850341907227
 10
136.1462177061088
 20
107.75891355145896
 10
136.6443782878381
 20
107.9403839320168
 10
137.13414033080872
 20
108.12932096166203
 10
137.61516817658062
 20
108.32559515239215
 10
138.0871321526962
 20
108.52907198768096
 10
138.54970879862134
 20
108.73961201466943
 10
139.00258108742912
 20
108.95707093973976
 10
139.4454386430743
 20
109.18129972740707
 10
139.87797795310945
 20
109.41214470246071
 10
140.2999025766973
 20
109.6494476552858
  0
LWPOLYLINE
  5
AB
330
17
100
AcDbEntity
  8
VISIBLE
100
AcDbPolyline
 90
9
 70
0
 10
157.62401871576773
 20
134.75671751881336
 10
157.88763340447247
 20
134.92464214713294
 10
158.1214700402317
 20
135.1066761863184
 10
158.32327664841495
 20
135.30106654906243
 10
158.49110972106666
 20
135.50594114990724
 10
158.62335293395037
 20
135.71932693445086
 10
158.71873271263445
 20
135.9391688809396
 10
158.77633049771032
 20
136.16334979125094
 10
158.79559159102155
 20
136.38971068066883
  0
LWPOLYLINE
  5
AC
330
17
100
AcDbEntity
  8
VISIBLE
100
AcDbPolyline
 90
22
 70
0
 10
158.79559159102155
 20
136.38971068066883
 10
158.75091489592205
 20
136.7339090506586
 10
158.61788281416608
 20
137.0704185978335
 10
158.3994670626312
 20
137.39172225497492
 10
158.1005466882855
 20
137.69064262932062
 10
157.72779907834084
 20
137.96050233365875
 10
157.28955079845647
 20
138.1952731481242
 10
156.79559159102155
 20
138.38971068066883
 10
156.25695568848712
 20
138.53947151811397
 10
155.6856753268468
 20
138.64121025082343
 10
155.09451196536725
 20
138.69265420362672
 10
154.49667121667585
 20
138.69265420362672
 10
153.90550785519628
 20
138.64121025082343
 10
153.33422749355594
 20
138.53947151811397
 10
152.79559159102155
 20
138.38971068066883
 10
152.3016323835866
 20
138.1952731481242
 10
151.86338410370223
 20
137.96050233365875
 10
151.49063649375756
 20
137.69064262932062
 10
151.19171611941186
 20
137.39172225497492
 10
150.97330036787696
 20
137.0704185978335
 10
150.84026828612102
 20
136.7339090506586
 10
150.79559159102155
 20
136.38971068066883
  0
LWPOLYLINE
  5
AD
330
17
100
AcDbEntity
  8
VISIBLE
100
AcDbPolyline
 90
17
 70
0
 10
150.79559159102155
 20
136.38971068066883
 10
150.8388855511624
 20
136.05085116496832
 10
150.9678302480927
 20
135.71932693445086
 10
151.17963441852777
 20
135.40231448752735
 10
151.46971314181135
 20
135.1066761863184
 10
151.8317870896017
 20
134.8388117072383
 10
152.25801845436695
 20
134.60451950732735
 10
152.73918061424865
 20
134.40887130516762
 10
153.26485786156118
 20
134.25610229349212
 10
153.82367087140847
 20
134.14951946005195
 10
154.40352302970328
 20
134.09143000131843
 10
154.99186228833122
 20
134.0830913786471
 10
155.57595287908606
 20
134.1246840980367
 10
156.1431510045904
 20
134.21530780271956
 10
156.68117853832553
 20
134.3530007631665
 10
157.17838880899126
 20
134.5347823426069
 10
157.62401871576773
 20
134.75671751881336
  0
LWPOLYLINE
  5
AE
330
17
100
AcDbEntity
  8
VISIBLE
100
AcDbPolyline
 90
9
 70
0
 10
170.21842712474682
 20
117.20204102886726
 10
170.4820418134516
 20
117.36996565718682
 10
170.7158784492108
 20
117.55199969637226
 10
170.91768505739407
 20
117.74639005911631
 10
171.08551813004578
 20
117.95126465996113
 10
171.21776134292946
 20
118.16465044450476
 10
171.31314112161357
 20
118.3844923909935
 10
171.3707389066894
 20
118.60867330130483
 10
171.39000000000064
 20
118.83503419072271
  0
LWPOLYLINE
  5
AF
330
17
100
AcDbEntity
  8
VISIBLE
100
AcDbPolyline
 90
22
 70
0
 10
171.39000000000064
 20
118.83503419072271
 10
171.34532330490114
 20
119.17923256071249
 10
171.2122912231452
 20
119.51574210788739
 10
170.9938754716103
 20
119.8370457650288
 10
170.6949550972646
 20
120.1359661393745
 10
170.32220748731993
 20
120.40582584371265
 10
169.88395920743557
 20
120.64059665817808
 10
169.39000000000064
 20
120.83503419072271
 10
168.85136409746622
 20
120.98479502816787
 10
168.28008373582588
 20
121.08653376087733
 10
167.68892037434634
 20
121.1379777136806
 10
167.09107962565494
 20
121.1379777136806
 10
166.49991626417537
 20
121.08653376087733
 10
165.92863590253506
 20
120.98479502816787
 10
165.39000000000064
 20
120.83503419072271
 10
164.8960407925657
 20
120.64059665817808
 10
164.45779251268132
 20
120.40582584371265
 10
164.08504490273666
 20
120.1359661393745
 10
163.78612452839096
 20
119.8370457650288
 10
163.56770877685608
 20
119.51574210788739
 10
163.4346766951001
 20
119.17923256071249
 10
163.39000000000064
 20
118.83503419072271
  0
LWPOLYLINE
  5
B0
330
17
100
AcDbEntity
  8
VISIBLE
100
AcDbPolyline
 90
17
 70
0
 10
163.39000000000064
 20
118.83503419072271
 10
163.4332939601415
 20
118.49617467502222
 10
163.5622386570718
 20
118.16465044450476
 10
163.77404282750686
 20
117.84763799758123
 10
164.06412155079045
 20
117.55199969637226
 10
164.4261954985808
 20
117.28413521729219
 10
164.85242686334604
 20
117.04984301738122
 10
165.33358902322774
 20
116.8541948152215
 10
165.85926627054027
 20
116.701425803546
 10
166.4180792803876
 20
116.59484297010583
 10
166.9979314386824
 20
116.53675351137232
 10
167.5862706973103
 20
116.52841488870098
 10
168.17036128806515
 20
116.5700076080906
 10
168.7375594135695
 20
116.66063131277346
 10
169.27558694730462
 20
116.7983242732204
 10
169.77279721797038
 20
116.98010585266077
 10
170.21842712474682
 20
117.20204102886726
  0
LWPOLYLINE
  5
B1
330
17
100
AcDbEntity
  8
VISIBLE
100
AcDbPolyline
 90
25
 70
0
 10
140.2999025766973
 20
134.14434508311757
 10
140.8119416357013
 20
134.44980712780512
 10
141.306395668277
 20
134.76477823222024
 10
141.78273520066156
 20
135.08892111741514
 10
142.24045015655278
 20
135.42188868306945
 10
142.67905040331132
 20
135.76332437917398
 10
143.09806627680726
 20
136.11286258783326
 10
143.49704908434802
 20
136.4701290147785
 10
143.87557158514986
 20
136.8347410901712
 10
144.23322844783797
 20
137.20630837826846
 10
144.5696366844855
 20
137.58443299551146
 10
144.88443606072644
 20
137.96871003658907
 10
145.17728948150392
 20
138.35872800802062
 10
145.4478833520398
 20
138.7540692687934
 10
145.69592791363988
 20
139.15431047758312
 10
145.9211575539747
 20
139.55902304607852
 10
146.123331091504
 20
139.9677735979243
 10
146.30223203373998
 20
140.3801244327914
 10
146.45766880907266
 20
140.79563399507768
 10
146.58947497190977
 20
141.2138573467364
 10
146.69750938091073
 20
141.63434664372727
 10
146.78165635012442
 20
142.05665161557894
 10
146.84182577286856
 20
142.48032004754998
 10
146.8779532182182
 20
142.90489826487172
 10
146.89
 20
143.3299316185545
  0
LWPOLYLINE
  5
B2
330
17
100
AcDbEntity
  8
VISIBLE
100
AcDbPolyline
 90
115
 70
0
 10
146.89
 20
143.3299316185545
 10
146.8814569080614
 20
143.68787302568552
 10
146.8558341197496
 20
144.04554261714102
 10
146.81315109265006
 20
144.40266878365847
 10
146.75344023965386
 20
144.75898032864458
 10
146.67674690434382
 20
145.11420667411824
 10
146.58312932656125
 20
145.4680780661836
 10
146.47265859817938
 20
145.82032577987738
 10
146.3454186091173
 20
146.17068232323484
 10
146.20150598363492
 20
146.51888164041944
 10
146.04103000695812
 20
146.86465931376188
 10
145.8641125422889
 20
147.20775276455515
 10
145.67088793826426
 20
147.54790145245317
 10
145.46150292693372
 20
147.8848470733214
 10
145.236116512333
 20
148.21833375538938
 10
144.99489984973877
 20
148.54810825355622
 10
144.73803611569548
 20
148.87392014170135
 10
144.46572036891385
 20
149.19552200285446
 10
144.17815940214598
 20
149.51266961708075
 10
143.87557158514986
 20
149.8251221469378
 10
143.55818669886236
 20
150.13264232036437
 10
143.22624576090686
 20
150.43499661086145
 10
142.880000842568
 20
150.7319554148288
 10
142.519714877372
 20
151.02329322592303
 10
142.14566146141885
 20
151.30878880630357
 10
141.75812464561722
 20
151.5882253546379
 10
141.35739871998015
 20
151.8613906707373
 10
140.94378799014544
 20
152.1280773166986
 10
140.51760654629015
 20
152.38808277442988
 10
140.0791780246149
 20
152.6412095994395
 10
139.62883536157915
 20
152.88726557077297
 10
139.166920541074
 20
153.12606383698275
 10
138.69378433472426
 20
153.35742305802057
 10
138.2097860355175
 20
153.58116754294454
 10
137.71529318496204
 20
153.79712738333637
 10
137.21068129398097
 20
154.00513858232756
 10
136.6963335577546
 20
154.20504317913603
 10
136.17264056472723
 20
154.39668936901967
 10
135.64
 20
154.5799316185545
 10
135.09881634333414
 20
154.75463077615072
 10
134.549500561995
 20
154.92065417772255
 10
133.99246979866908
 20
155.0778757474315
 10
133.4281470546918
 20
155.22617609342646
 10
132.8569608688263
 20
155.36544259850828
 10
132.27934499183695
 20
155.49556950564968
 10
131.69573805710536
 20
155.61645799830563
 10
131.1065832475381
 20
155.7280162754533
 10
130.51232795902
 20
155.83015962130443
 10
129.91342346066796
 20
155.92281046963726
 10
129.31032455214344
 20
156.0058984626993
 10
128.7034892182841
 20
156.07936050463599
 10
128.0933782813165
 20
156.14314080940483
 10
127.48045505091417
 20
156.19719094313845
 10
126.86518497236678
 20
156.24146986092475
 10
126.24803527312746
 20
156.27594393797565
 10
125.62947460800696
 20
156.3005869951614
 10
125.00997270328362
 20
156.31538031889062
 10
124.38999999999999
 20
156.32031267532108
 10
123.77002729671634
 20
156.31538031889062
 10
123.15052539199301
 20
156.3005869951614
 10
122.53196472687252
 20
156.27594393797565
 10
121.91481502763321
 20
156.24146986092475
 10
121.2995449490858
 20
156.19719094313845
 10
120.68662171868347
 20
156.14314080940483
 10
120.07651078171587
 20
156.07936050463599
 10
119.46967544785653
 20
156.0058984626993
 10
118.866576539332
 20
155.92281046963726
 10
118.26767204097995
 20
155.83015962130443
 10
117.67341675246186
 20
155.7280162754533
 10
117.08426194289461
 20
155.61645799830563
 10
116.50065500816302
 20
155.49556950564968
 10
115.9230391311737
 20
155.36544259850828
 10
115.35185294530817
 20
155.22617609342646
 10
114.78753020133091
 20
155.0778757474315
 10
114.23049943800498
 20
154.92065417772255
 10
113.68118365666584
 20
154.75463077615072
 10
113.13999999999999
 20
154.5799316185545
 10
112.60735943527274
 20
154.39668936901967
 10
112.08366644224539
 20
154.20504317913603
 10
111.569318706019
 20
154.00513858232756
 10
111.06470681503794
 20
153.79712738333637
 10
110.57021396448246
 20
153.58116754294454
 10
110.08621566527572
 20
153.35742305802057
 10
109.61307945892597
 20
153.12606383698275
 10
109.15116463842081
 20
152.88726557077297
 10
108.70082197538508
 20
152.6412095994395
 10
108.26239345370983
 20
152.38808277442988
 10
107.83621200985453
 20
152.12807731669864
 10
107.42260128001982
 20
151.8613906707373
 10
107.02187535438276
 20
151.5882253546379
 10
106.63433853858113
 20
151.30878880630357
 10
106.26028512262798
 20
151.02329322592303
 10
105.89999915743198
 20
150.7319554148288
 10
105.5537542390931
 20
150.43499661086145
 10
105.22181330113763
 20
150.13264232036437
 10
104.90442841485012
 20
149.8251221469378
 10
104.601840597854
 20
149.51266961708075
 10
104.31427963108612
 20
149.19552200285446
 10
104.0419638843045
 20
148.87392014170135
 10
103.7851001502612
 20
148.54810825355622
 10
103.54388348766695
 20
148.21833375538938
 10
103.31849707306625
 20
147.8848470733214
 10
103.10911206173571
 20
147.54790145245317
 10
102.91588745771108
 20
147.20775276455515
 10
102.73896999304185
 20
146.86465931376188
 10
102.57849401636506
 20
146.51888164041944
 10
102.43458139088268
 20
146.17068232323484
 10
102.30734140182058
 20
145.82032577987738
 10
102.19687067343874
 20
145.4680780661836
 10
102.10325309565616
 20
145.11420667411824
 10
102.02655976034612
 20
144.75898032864458
 10
101.96684890734991
 20
144.40266878365847
 10
101.92416588025037
 20
144.04554261714102
 10
101.89854309193858
 20
143.68787302568552
 10
101.88999999999999
 20
143.3299316185545
  0
LWPOLYLINE
  5
B3
330
17
100
AcDbEntity
  8
VISIBLE
100
AcDbPolyline
 90
91
 70
0
 10
101.88999999999999
 20
143.3299316185545
 10
101.89771018804996
 20
142.98988308513194
 10
101.92083546802208
 20
142.6500676039884
 10
101.9593599910046
 20
142.31071806768045
 10
102.01325735421383
 20
141.97206704942946
 10
102.08249061908924
 20
141.63434664372727
 10
102.16701233660939
 20
141.29778830727048
 10
102.26676457981101
 20
140.9626227003314
 10
102.38167898348937
 20
140.62907952867516
 10
102.51167679105225
 20
140.29738738613077
 10
102.65666890849594
 20
139.9677735979243
 10
102.81655596546564
 20
139.64046406488163
 10
102.99122838335903
 20
139.31568310860723
 10
103.18056645042597
 20
138.99365331774536
 10
103.38444040381295
 20
138.67459539542895
 10
103.60271051849602
 20
138.35872800802062
 10
103.83522720304147
 20
138.0462676352498
 10
104.08183110212812
 20
137.73742842184822
 10
104.34235320576171
 20
137.4324220307859
 10
104.61661496510577
 20
137.13145749820785
 10
104.90442841485012
 20
136.8347410901712
 10
105.20559630203292
 20
136.54247616128072
 10
105.51991222122794
 20
136.25486301531964
 10
105.84716075600463
 20
135.97209876797172
 10
106.18711762656366
 20
135.69437721172758
 10
106.53954984344719
 20
135.42188868306945
 10
106.90421586721814
 20
135.15481993202374
 10
107.2808657739993
 20
134.89335399417206
 10
107.66924142675862
 20
134.63767006520766
 10
108.06907665222352
 20
134.38794337812377
 10
108.48009742330267
 20
134.14434508311757
 10
108.90202204689052
 20
133.9070421302925
 10
109.33456135692568
 20
133.67619715523884
 10
109.77741891257085
 20
133.45196836757154
 10
110.23029120137863
 20
133.2345094425012
 10
110.69286784730377
 20
133.02396941551274
 10
111.16483182341933
 20
132.82049258022394
 10
111.64585966919125
 20
132.62421838949382
 10
112.13562171216188
 20
132.43528135984857
 10
112.63378229389114
 20
132.25381097929073
 10
113.13999999999997
 20
132.0799316185545
 10
113.65392789415878
 20
131.9137624458682
 10
114.17521375586018
 20
131.7554173452825
 10
114.70350032181335
 20
131.60500483861978
 10
115.23842553079449
 20
131.4626280110989
 10
115.77962277178545
 20
131.3283844406855
 10
116.32672113523071
 20
131.2023661312172
 10
116.87934566724013
 20
131.08465944934846
 10
117.43711762656366
 20
130.9753450653595
 10
117.99965474416173
 20
130.87449789786876
 10
118.56657148519326
 20
130.78218706248737
 10
119.13747931324212
 20
130.6984758244509
 10
119.71198695660038
 20
130.6234215552604
 10
120.28970067642666
 20
130.55707569336292
 10
120.87022453659479
 20
130.4994837088982
 10
121.45316067504882
 20
130.45068507253558
 10
122.03810957647778
 20
130.41071322842288
 10
122.62467034612347
 20
130.3795955712654
 10
123.21244098453374
 20
130.35735342755106
 10
123.80101866307284
 20
130.34400204093407
 10
124.38999999999999
 20
130.33955056178792
 10
124.97898133692713
 20
130.34400204093407
 10
125.56755901546623
 20
130.35735342755106
 10
126.1553296538765
 20
130.3795955712654
 10
126.74189042352218
 20
130.41071322842288
 10
127.32683932495114
 20
130.45068507253558
 10
127.90977546340518
 20
130.4994837088982
 10
128.4902993235733
 20
130.55707569336292
 10
129.06801304339956
 20
130.6234215552604
 10
129.64252068675785
 20
130.6984758244509
 10
130.21342851480668
 20
130.78218706248737
 10
130.78034525583823
 20
130.87449789786876
 10
131.3428823734363
 20
130.9753450653595
 10
131.90065433275984
 20
131.08465944934846
 10
132.45327886476923
 20
131.2023661312172
 10
133.00037722821452
 20
131.3283844406855
 10
133.54157446920547
 20
131.4626280110989
 10
134.07649967818665
 20
131.60500483861978
 10
134.60478624413977
 20
131.7554173452825
 10
135.12607210584116
 20
131.9137624458682
 10
135.64
 20
132.0799316185545
 10
136.1462177061088
 20
132.25381097929073
 10
136.6443782878381
 20
132.43528135984857
 10
137.13414033080872
 20
132.62421838949382
 10
137.61516817658062
 20
132.82049258022394
 10
138.0871321526962
 20
133.02396941551274
 10
138.54970879862134
 20
133.2345094425012
 10
139.00258108742912
 20
133.45196836757154
 10
139.4454386430743
 20
133.67619715523884
 10
139.87797795310945
 20
133.9070421302925
 10
140.2999025766973
 20
134.14434508311757
  0
LWPOLYLINE
  5
B4
330
17
100
AcDbEntity
  8
VISIBLE
100
AcDbPolyline
 90
12
 70
0
 10
131.46106781186546
 20
139.24744871391587
 10
131.94749574354256
 20
139.54909140830424
 10
132.3954124092436
 20
139.87000039775793
 10
132.8025353283118
 20
140.20854040362562
 10
133.16678989567254
 20
140.5629863036377
 10
133.48631995354518
 20
140.931531922734
 10
133.7594972499976
 20
141.31229923691777
 10
133.98492973614495
 20
141.70334794323568
 10
134.16146865971157
 20
142.10268534711668
 10
134.2882144188093
 20
142.5082765166869
 10
134.36452114610253
 20
142.91805465231604
 10
134.39
 20
143.3299316185545
  0
LWPOLYLINE
  5
B5
330
17
100
AcDbEntity
  8
VISIBLE
100
AcDbPolyline
 90
52
 70
0
 10
134.39
 20
143.3299316185545
 10
134.37103328737044
 20
143.6853536758344
 10
134.31420509671935
 20
144.03942749550976
 10
134.21973099683902
 20
144.3908099543031
 10
134.0879693603501
 20
144.73816813819064
 10
133.91942000427156
 20
145.0801843986017
 10
133.71472229404355
 20
145.4155613507111
 10
133.47465271819522
 20
145.74302679486422
 10
133.20012194285783
 20
146.06133854246596
 10
132.89217135729612
 20
146.36928912802767
 10
132.5519691235622
 20
146.66571038949724
 10
132.1808057452567
 20
146.94947789949796
 10
131.78008917220657
 20
147.21951523066667
 10
131.35133945962926
 20
147.47479803891147
 10
130.89618300204242
 20
147.7143579490997
 10
130.41634636379254
 20
147.93728622843653
 10
129.91364972960505
 20
148.14273723359977
 10
129.39
 20
148.3299316185545
 10
128.84738355776537
 20
148.49815929087967
 10
128.28785873292676
 20
148.6467821053918
 10
127.71354799479658
 20
148.7752362848483
 10
127.12662990072081
 20
148.88303455854762
 10
126.52933083206496
 20
148.9697680107139
 10
125.92391654878683
 20
149.03510763165457
 10
125.312683594633
 20
149.078805565807
 10
124.69795058556168
 20
149.10069605193917
 10
124.08204941443827
 20
149.10069605193917
 10
123.46731640536697
 20
149.078805565807
 10
122.85608345121314
 20
149.03510763165457
 10
122.25066916793502
 20
148.9697680107139
 10
121.65337009927916
 20
148.88303455854762
 10
121.06645200520339
 20
148.77523628484832
 10
120.4921412670732
 20
148.6467821053918
 10
119.9326164422346
 20
148.49815929087967
 10
119.38999999999999
 20
148.3299316185545
 10
118.86635027039493
 20
148.14273723359977
 10
118.36365363620743
 20
147.93728622843653
 10
117.88381699795757
 20
147.7143579490997
 10
117.42866054037071
 20
147.47479803891147
 10
116.9999108277934
 20
147.21951523066667
 10
116.59919425474328
 20
146.94947789949796
 10
116.22803087643777
 20
146.66571038949724
 10
115.88782864270385
 20
146.36928912802767
 10
115.57987805714214
 20
146.06133854246596
 10
115.30534728180476
 20
145.74302679486422
 10
115.06527770595643
 20
145.4155613507111
 10
114.86057999572841
 20
145.0801843986017
 10
114.69203063964989
 20
144.73816813819064
 10
114.56026900316097
 20
144.3908099543031
 10
114.46579490328062
 20
144.03942749550976
 10
114.40896671262955
 20
143.6853536758344
 10
114.38999999999999
 20
143.3299316185545
  0
LWPOLYLINE
  5
B6
330
17
100
AcDbEntity
  8
VISIBLE
100
AcDbPolyline
 90
41
 70
0
 10
114.38999999999999
 20
143.3299316185545
 10
114.40734389815283
 20
142.99004087520026
 10
114.45931543045073
 20
142.6513291379332
 10
114.54573431910107
 20
142.31497132312816
 10
114.66630079602322
 20
141.9821341819217
 10
114.8205966426779
 20
141.6539722530096
 10
115.00808664077515
 20
141.33162385780636
 10
115.22812042882863
 20
141.01620715185922
 10
115.47993475811631
 20
140.7088162462129
 10
115.76265614022206
 20
140.4105174121795
 10
116.07530387697453
 20
140.1223453826784
 10
116.41679346227292
 20
139.84529976297557
 10
116.78594034399967
 20
139.5803415632734
 10
117.1814640329708
 20
139.328389865178
 10
117.60199254467057
 20
139.09031863360755
 10
118.04606715836353
 20
138.8669536852008
 10
118.51214747707526
 20
138.6590698237409
 10
118.99861677088998
 20
138.4673881525321
 10
119.50378758503044
 20
138.29257357305096
 10
120.02590759326657
 20
138.13523247854997
 10
120.56316567634909
 20
137.99591065061273
 10
121.11369820438304
 20
137.8750913659581
 10
121.67559550134925
 20
137.7731937200597
 10
122.24690846934948
 20
137.69057117339602
 10
122.82565534959768
 20
137.62751032537392
 10
123.40982859670439
 20
137.58422992017853
 10
123.9974018424093
 20
137.5608800879978
 10
124.58633692460627
 20
137.55754182425392
 10
125.17459095727844
 20
137.57422670864824
 10
125.76012341681967
 20
137.6108768649936
 10
126.34090322016127
 20
137.6673651619742
 10
126.91491577015157
 20
137.74349565413615
 10
127.48016994374946
 20
137.83900426157894
 10
128.03470499879148
 20
137.95355968599054
 10
128.57659737537426
 20
138.08676455984818
 10
129.10396736825996
 20
138.23815682479872
 10
129.61498564715947
 20
138.40721133443728
 10
130.1078796022761
 20
138.59334167592436
 10
130.58093949309833
 20
138.7959022041228
 10
131.0325243791128
 20
139.0141902811984
 10
131.46106781186546
 20
139.24744871391587
  0
LINE
  5
B7
330
17
100
AcDbEntity
  8
VISIBLE
100
AcDbLine
 10
174.39
 20
110.67006838144545
 30
0.0
 11
174.39
 21
118.83503419072271
 31
0.0
  0
LINE
  5
B8
330
17
100
AcDbEntity
  8
VISIBLE
100
AcDbLine
 10
74.38999999999999
 20
110.67006838144545
 30
0.0
 11
74.38999999999999
 21
118.83503419072271
 31
0.0
  0
LINE
  5
B9
330
17
100
AcDbEntity
  8
VISIBLE
100
AcDbLine
 10
146.89
 20
118.83503419072271
 30
0.0
 11
146.89
 21
143.3299316185545
 31
0.0
  0
LINE
  5
BA
330
17
100
AcDbEntity
  8
VISIBLE
100
AcDbLine
 10
101.88999999999999
 20
118.83503419072271
 30
0.0
 11
101.88999999999999
 21
143.3299316185545
 31
0.0
  0
TEXT
  5
BB
330
17
100
AcDbEntity
  8
NOTES
100
AcDbText
 10
74.38999999999999
 20
75.80277750834834
 30
0.0
 40
2.5
  1
ISOMETRIC
 11
74.38999999999999
 21
75.80277750834834
 31
0.0
100
AcDbText
  0
LWPOLYLINE
  5
BC
330
17
100
AcDbEntity
  8
HIDDEN
100
AcDbPolyline
 90
201
 70
0
 10
332.60067811865474
 20
223.6547606649408
 10
332.5129258112911
 20
223.6547606649408
 10
332.4251735039275
 20
223.6547606649408
 10
332.33742119656387
 20
223.6547606649408
 10
332.2496688892003
 20
223.6547606649408
 10
332.16191658183664
 20
223.6547606649408
 10
332.07416427447305
 20
223.6547606649408
 10
331.9864119671094
 20
223.6547606649408
 10
331.8986596597458
 20
223.6547606649408
 10
331.8109073523822
 20
223.6547606649408
 10
331.7231550450186
 20
223.6547606649408
 10
331.63540273765494
 20
223.6547606649408
 10
331.54765043029136
 20
223.6547606649408
 10
331.4598981229277
 20
223.6547606649408
 10
331.37214581556407
 20
223.6547606649408
 10
331.1621761170474
 20
223.6547606649408
 10
330.9033194620695
 20
223.6547606649408
 10
330.6444628070916
 20
223.6547606649408
 10
330.38560615211367
 20
223.6547606649408
 10
330.12674949713573
 20
223.6547606649408
 10
329.86789284215786
 20
223.6547606649408
 10
329.6090361871799
 20
223.6547606649408
 10
329.350179532202
 20
223.6547606649408
 10
329.0913228772241
 20
223.6547606649408
 10
328.8324662222462
 20
223.6547606649408
 10
328.57360956726825
 20
223.6547606649408
 10
328.3147529122903
 20
223.6547606649408
 10
328.05589625731244
 20
223.6547606649408
 10
327.7970396023345
 20
223.6547606649408
 10
327.4704154356241
 20
223.6547606649408
 10
327.05343458660377
 20
223.6547606649408
 10
326.6364537375834
 20
223.6547606649408
 10
326.219472888563
 20
223.6547606649408
 10
325.80249203954264
 20
223.6547606649408
 10
325.3855111905223
 20
223.6547606649408
 10
324.96853034150195
 20
223.6547606649408
 10
324.55154949248157
 20
223.6547606649408
 10
324.1345686434612
 20
223.6547606649408
 10
323.7175877944409
 20
223.6547606649408
 10
323.3006069454205
 20
223.6547606649408
 10
322.8836260964001
 20
223.6547606649408
 10
322.46664524737974
 20
223.6547606649408
 10
322.0496643983594
 20
223.6547606649408
 10
321.6130814017516
 20
223.6547606649408
 10
321.058885519619
 20
223.6547606649408
 10
320.50468963748654
 20
223.6547606649408
 10
319.950493755354
 20
223.6547606649408
 10
319.39629787322144
 20
223.6547606649408
 10
318.8421019910889
 20
223.6547606649408
 10
318.28790610895635
 20
223.6547606649408
 10
317.73371022682386
 20
223.6547606649408
 10
317.1795143446913
 20
223.6547606649408
 10
316.62531846255877
 20
223.6547606649408
 10
316.0711225804262
 20
223.6547606649408
 10
315.5169266982937
 20
223.6547606649408
 10
314.9627308161611
 20
223.6547606649408
 10
314.4085349340286
 20
223.6547606649408
 10
313.8543390518961
 20
223.6547606649408
 10
313.2063500233679
 20
223.6547606649408
 10
312.5427288037738
 20
223.6547606649408
 10
311.8791075841797
 20
223.6547606649408
 10
311.21548636458556
 20
223.6547606649408
 10
310.55186514499144
 20
223.6547606649408
 10
309.8882439253973
 20
223.6547606649408
 10
309.2246227058032
 20
223.6547606649408
 10
308.5610014862091
 20
223.6547606649408
 10
307.89738026661496
 20
223.6547606649408
 10
307.23375904702084
 20
223.6547606649408
 10
306.5701378274267
 20
223.6547606649408
 10
305.90651660783266
 20
223.6547606649408
 10
305.24289538823854
 20
223.6547606649408
 10
304.5792741686444
 20
223.6547606649408
 10
303.87213946421014
 20
223.6547606649408
 10
303.13236964614583
 20
223.6547606649408
 10
302.3925998280815
 20
223.6547606649408
 10
301.6528300100171
 20
223.6547606649408
 10
300.91306019195275
 20
223.6547606649408
 10
300.1732903738884
 20
223.6547606649408
 10
299.43352055582403
 20
223.6547606649408
 10
298.6937507377597
 20
223.6547606649408
 10
297.95398091969537
 20
223.6547606649408
 10
297.214211101631
 20
223.6547606649408
 10
296.47444128356665
 20
223.6547606649408
 10
295.7346714655023
 20
223.6547606649408
 10
294.9949016474379
 20
223.6547606649408
 10
294.25513182937357
 20
223.6547606649408
 10
293.50420388251416
 20
223.6547606649408
 10
292.7253806136671
 20
223.6547606649408
 10
291.94655734481995
 20
223.6547606649408
 10
291.1677340759728
 20
223.6547606649408
 10
290.38891080712574
 20
223.6547606649408
 10
289.61008753827866
 20
223.6547606649408
 10
288.83126426943153
 20
223.6547606649408
 10
288.05244100058445
 20
223.6547606649408
 10
287.2736177317373
 20
223.6547606649408
 10
286.49479446289024
 20
223.6547606649408
 10
285.71597119404316
 20
223.6547606649408
 10
284.93714792519603
 20
223.6547606649408
 10
284.15832465634895
 20
223.6547606649408
 10
283.3795013875018
 20
223.6547606649408
 10
282.60067811865474
 20
223.6547606649408
 10
281.82185484980766
 20
223.6547606649408
 10
281.04303158096053
 20
223.6547606649408
 10
280.26420831211345
 20
223.6547606649408
 10
279.4853850432663
 20
223.6547606649408
 10
278.70656177441924
 20
223.6547606649408
 10
277.9277385055721
 20
223.6547606649408
 10
277.14891523672503
 20
223.6547606649408
 10
276.37009196787795
 20
223.6547606649408
 10
275.5912686990308
 20
223.6547606649408
 10
274.81244543018374
 20
223.6547606649408
 10
274.0336221613366
 20
223.6547606649408
 10
273.25479889248953
 20
223.6547606649408
 10
272.47597562364246
 20
223.6547606649408
 10
271.6971523547953
 20
223.6547606649408
 10
270.9462244079359
 20
223.6547606649408
 10
270.20645458987156
 20
223.6547606649408
 10
269.4666847718072
 20
223.6547606649408
 10
268.72691495374283
 20
223.6547606649408
 10
267.98714513567853
 20
223.6547606649408
 10
267.24737531761417
 20
223.6547606649408
 10
266.5076054995498
 20
223.6547606649408
 10
265.76783568148545
 20
223.6547606649408
 10
265.0280658634211
 20
223.6547606649408
 10
264.28829604535673
 20
223.6547606649408
 10
263.54852622729237
 20
223.6547606649408
 10
262.808756409228
 20
223.6547606649408
 10
262.0689865911637
 20
223.6547606649408
 10
261.32921677309935
 20
223.6547606649408
 10
260.62208206866507
 20
223.6547606649408
 10
259.95846084907095
 20
223.6547606649408
 10
259.2948396294768
 20
223.6547606649408
 10
258.6312184098827
 20
223.6547606649408
 10
257.9675971902886
 20
223.6547606649408
 10
257.3039759706945
 20
223.6547606649408
 10
256.6403547511004
 20
223.6547606649408
 10
255.97673353150626
 20
223.6547606649408
 10
255.31311231191216
 20
223.6547606649408
 10
254.64949109231804
 20
223.6547606649408
 10
253.98586987272392
 20
223.6547606649408
 10
253.3222486531298
 20
223.6547606649408
 10
252.6586274335357
 20
223.6547606649408
 10
251.99500621394156
 20
223.6547606649408
 10
251.34701718541342
 20
223.6547606649408
 10
250.79282130328087
 20
223.6547606649408
 10
250.23862542114836
 20
223.6547606649408
 10
249.6844295390158
 20
223.6547606649408
 10
249.13023365688326
 20
223.6547606649408
 10
248.57603777475072
 20
223.6547606649408
 10
248.0218418926182
 20
223.6547606649408
 10
247.46764601048565
 20
223.6547606649408
 10
246.91345012835313
 20
223.6547606649408
 10
246.3592542462206
 20
223.6547606649408
 10
245.80505836408804
 20
223.6547606649408
 10
245.2508624819555
 20
223.6547606649408
 10
244.69666659982298
 20
223.6547606649408
 10
244.14247071769043
 20
223.6547606649408
 10
243.5882748355579
 20
223.6547606649408
 10
243.1516918389501
 20
223.6547606649408
 10
242.7347109899297
 20
223.6547606649408
 10
242.31773014090936
 20
223.6547606649408
 10
241.90074929188899
 20
223.6547606649408
 10
241.48376844286864
 20
223.6547606649408
 10
241.0667875938483
 20
223.6547606649408
 10
240.6498067448279
 20
223.6547606649408
 10
240.23282589580757
 20
223.6547606649408
 10
239.81584504678716
 20
223.6547606649408
 10
239.3988641977668
 20
223.6547606649408
 10
238.98188334874646
 20
223.6547606649408
 10
238.5649024997261
 20
223.6547606649408
 10
238.14792165070574
 20
223.6547606649408
 10
237.73094080168536
 20
223.6547606649408
 10
237.40431663497498
 20
223.6547606649408
 10
237.14545997999707
 20
223.6547606649408
 10
236.88660332501917
 20
223.6547606649408
 10
236.62774667004123
 20
223.6547606649408
 10
236.3688900150633
 20
223.6547606649408
 10
236.1100333600854
 20
223.6547606649408
 10
235.8511767051075
 20
223.6547606649408
 10
235.59232005012956
 20
223.6547606649408
 10
235.33346339515165
 20
223.6547606649408
 10
235.07460674017375
 20
223.6547606649408
 10
234.81575008519582
 20
223.6547606649408
 10
234.5568934302179
 20
223.6547606649408
 10
234.29803677524
 20
223.6547606649408
 10
234.03918012026207
 20
223.6547606649408
 10
233.8292104217454
 20
223.6547606649408
 10
233.74145811438177
 20
223.6547606649408
 10
233.65370580701816
 20
223.6547606649408
 10
233.56595349965454
 20
223.6547606649408
 10
233.47820119229092
 20
223.6547606649408
 10
233.3904488849273
 20
223.6547606649408
 10
233.30269657756367
 20
223.6547606649408
 10
233.21494427020008
 20
223.6547606649408
 10
233.12719196283643
 20
223.6547606649408
 10
233.03943965547282
 20
223.6547606649408
 10
232.9516873481092
 20
223.6547606649408
 10
232.8639350407456
 20
223.6547606649408
 10
232.77618273338197
 20
223.6547606649408
 10
232.68843042601836
 20
223.6547606649408
 10
232.60067811865474
 20
223.6547606649408
  0
LWPOLYLINE
  5
BD
330
17
100
AcDbEntity
  8
HIDDEN
100
AcDbPolyline
 90
201
 70
0
 10
332.60067811865474
 20
213.6547606649408
 10
332.5129258112911
 20
213.6547606649408
 10
332.4251735039275
 20
213.6547606649408
 10
332.33742119656387
 20
213.6547606649408
 10
332.2496688892003
 20
213.6547606649408
 10
332.16191658183664
 20
213.6547606649408
 10
332.07416427447305
 20
213.6547606649408
 10
331.9864119671094
 20
213.6547606649408
 10
331.8986596597458
 20
213.6547606649408
 10
331.8109073523822
 20
213.6547606649408
 10
331.7231550450186
 20
213.6547606649408
 10
331.63540273765494
 20
213.6547606649408
 10
331.54765043029136
 20
213.6547606649408
 10
331.4598981229277
 20
213.6547606649408
 10
331.37214581556407
 20
213.6547606649408
 10
331.1621761170474
 20
213.6547606649408
 10
330.9033194620695
 20
213.6547606649408
 10
330.6444628070916
 20
213.6547606649408
 10
330.38560615211367
 20
213.6547606649408
 10
330.12674949713573
 20
213.6547606649408
 10
329.86789284215786
 20
213.6547606649408
 10
329.6090361871799
 20
213.6547606649408
 10
329.350179532202
 20
213.6547606649408
 10
329.0913228772241
 20
213.6547606649408
 10
328.8324662222462
 20
213.6547606649408
 10
328.57360956726825
 20
213.6547606649408
 10
328.3147529122903
 20
213.6547606649408
 10
328.05589625731244
 20
213.6547606649408
 10
327.7970396023345
 20
213.6547606649408
 10
327.4704154356241
 20
213.6547606649408
 10
327.05343458660377
 20
213.6547606649408
 10
326.6364537375834
 20
213.6547606649408
 10
326.219472888563
 20
213.6547606649408
 10
325.80249203954264
 20
213.6547606649408
 10
325.3855111905223
 20
213.6547606649408
 10
324.96853034150195
 20
213.6547606649408
 10
324.55154949248157
 20
213.6547606649408
 10
324.1345686434612
 20
213.6547606649408
 10
323.7175877944409
 20
213.6547606649408
 10
323.3006069454205
 20
213.6547606649408
 10
322.8836260964001
 20
213.6547606649408
 10
322.46664524737974
 20
213.6547606649408
 10
322.0496643983594
 20
213.6547606649408
 10
321.6130814017516
 20
213.6547606649408
 10
321.058885519619
 20
213.6547606649408
 10
320.50468963748654
 20
213.6547606649408
 10
319.950493755354
 20
213.6547606649408
 10
319.39629787322144
 20
213.6547606649408
 10
318.8421019910889
 20
213.6547606649408
 10
318.28790610895635
 20
213.6547606649408
 10
317.73371022682386
 20
213.6547606649408
 10
317.1795143446913
 20
213.6547606649408
 10
316.62531846255877
 20
213.6547606649408
 10
316.0711225804262
 20
213.6547606649408
 10
315.5169266982937
 20
213.6547606649408
 10
314.9627308161611
 20
213.6547606649408
 10
314.4085349340286
 20
213.6547606649408
 10
313.8543390518961
 20
213.6547606649408
 10
313.2063500233679
 20
213.6547606649408
 10
312.5427288037738
 20
213.6547606649408
 10
311.8791075841797
 20
213.6547606649408
 10
311.21548636458556
 20
213.6547606649408
 10
310.55186514499144
 20
213.6547606649408
 10
309.8882439253973
 20
213.6547606649408
 10
309.2246227058032
 20
213.6547606649408
 10
308.5610014862091
 20
213.6547606649408
 10
307.89738026661496
 20
213.6547606649408
 10
307.23375904702084
 20
213.6547606649408
 10
306.5701378274267
 20
213.6547606649408
 10
305.90651660783266
 20
213.6547606649408
 10
305.24289538823854
 20
213.6547606649408
 10
304.5792741686444
 20
213.6547606649408
 10
303.87213946421014
 20
213.6547606649408
 10
303.13236964614583
 20
213.6547606649408
 10
302.3925998280815
 20
213.6547606649408
 10
301.6528300100171
 20
213.6547606649408
 10
300.91306019195275
 20
213.6547606649408
 10
300.1732903738884
 20
213.6547606649408
 10
299.43352055582403
 20
213.6547606649408
 10
298.6937507377597
 20
213.6547606649408
 10
297.95398091969537
 20
213.6547606649408
 10
297.214211101631
 20
213.6547606649408
 10
296.47444128356665
 20
213.6547606649408
 10
295.7346714655023
 20
213.6547606649408
 10
294.9949016474379
 20
213.6547606649408
 10
294.25513182937357
 20
213.6547606649408
 10
293.50420388251416
 20
213.6547606649408
 10
292.7253806136671
 20
213.6547606649408
 10
291.94655734481995
 20
213.6547606649408
 10
291.1677340759728
 20
213.6547606649408
 10
290.38891080712574
 20
213.6547606649408
 10
289.61008753827866
 20
213.6547606649408
 10
288.83126426943153
 20
213.6547606649408
 10
288.05244100058445
 20
213.6547606649408
 10
287.2736177317373
 20
213.6547606649408
 10
286.49479446289024
 20
213.6547606649408
 10
285.71597119404316
 20
213.6547606649408
 10
284.93714792519603
 20
213.6547606649408
 10
284.15832465634895
 20
213.6547606649408
 10
283.3795013875018
 20
213.6547606649408
 10
282.60067811865474
 20
213.6547606649408
 10
281.82185484980766
 20
213.6547606649408
 10
281.04303158096053
 20
213.6547606649408
 10
280.26420831211345
 20
213.6547606649408
 10
279.4853850432663
 20
213.6547606649408
 10
278.70656177441924
 20
213.6547606649408
 10
277.9277385055721
 20
213.6547606649408
 10
277.14891523672503
 20
213.6547606649408
 10
276.37009196787795
 20
213.6547606649408
 10
275.5912686990308
 20
213.6547606649408
 10
274.81244543018374
 20
213.6547606649408
 10
274.0336221613366
 20
213.6547606649408
 10
273.25479889248953
 20
213.6547606649408
 10
272.47597562364246
 20
213.6547606649408
 10
271.6971523547953
 20
213.6547606649408
 10
270.9462244079359
 20
213.6547606649408
 10
270.20645458987156
 20
213.6547606649408
 10
269.4666847718072
 20
213.6547606649408
 10
268.72691495374283
 20
213.6547606649408
 10
267.98714513567853
 20
213.6547606649408
 10
267.24737531761417
 20
213.6547606649408
 10
266.5076054995498
 20
213.6547606649408
 10
265.76783568148545
 20
213.6547606649408
 10
265.0280658634211
 20
213.6547606649408
 10
264.28829604535673
 20
213.6547606649408
 10
263.54852622729237
 20
213.6547606649408
 10
262.808756409228
 20
213.6547606649408
 10
262.0689865911637
 20
213.6547606649408
 10
261.32921677309935
 20
213.6547606649408
 10
260.62208206866507
 20
213.6547606649408
 10
259.95846084907095
 20
213.6547606649408
 10
259.2948396294768
 20
213.6547606649408
 10
258.6312184098827
 20
213.6547606649408
 10
257.9675971902886
 20
213.6547606649408
 10
257.3039759706945
 20
213.6547606649408
 10
256.6403547511004
 20
213.6547606649408
 10
255.97673353150626
 20
213.6547606649408
 10
255.31311231191216
 20
213.6547606649408
 10
254.64949109231804
 20
213.6547606649408
 10
253.98586987272392
 20
213.6547606649408
 10
253.3222486531298
 20
213.6547606649408
 10
252.6586274335357
 20
213.6547606649408
 10
251.99500621394156
 20
213.6547606649408
 10
251.34701718541342
 20
213.6547606649408
 10
250.79282130328087
 20
213.6547606649408
 10
250.23862542114836
 20
213.6547606649408
 10
249.6844295390158
 20
213.6547606649408
 10
249.13023365688326
 20
213.6547606649408
 10
248.57603777475072
 20
213.6547606649408
 10
248.0218418926182
 20
213.6547606649408
 10
247.46764601048565
 20
213.6547606649408
 10
246.91345012835313
 20
213.6547606649408
 10
246.3592542462206
 20
213.6547606649408
 10
245.80505836408804
 20
213.6547606649408
 10
245.2508624819555
 20
213.6547606649408
 10
244.69666659982298
 20
213.6547606649408
 10
244.14247071769043
 20
213.6547606649408
 10
243.5882748355579
 20
213.6547606649408
 10
243.1516918389501
 20
213.6547606649408
 10
242.7347109899297
 20
213.6547606649408
 10
242.31773014090936
 20
213.6547606649408
 10
241.90074929188899
 20
213.6547606649408
 10
241.48376844286864
 20
213.6547606649408
 10
241.0667875938483
 20
213.6547606649408
 10
240.6498067448279
 20
213.6547606649408
 10
240.23282589580757
 20
213.6547606649408
 10
239.81584504678716
 20
213.6547606649408
 10
239.3988641977668
 20
213.6547606649408
 10
238.98188334874646
 20
213.6547606649408
 10
238.5649024997261
 20
213.6547606649408
 10
238.14792165070574
 20
213.6547606649408
 10
237.73094080168536
 20
213.6547606649408
 10
237.40431663497498
 20
213.6547606649408
 10
237.14545997999707
 20
213.6547606649408
 10
236.88660332501917
 20
213.6547606649408
 10
236.62774667004123
 20
213.6547606649408
 10
236.3688900150633
 20
213.6547606649408
 10
236.1100333600854
 20
213.6547606649408
 10
235.8511767051075
 20
213.6547606649408
 10
235.59232005012956
 20
213.6547606649408
 10
235.33346339515165
 20
213.6547606649408
 10
235.07460674017375
 20
213.6547606649408
 10
234.81575008519582
 20
213.6547606649408
 10
234.5568934302179
 20
213.6547606649408
 10
234.29803677524
 20
213.6547606649408
 10
234.03918012026207
 20
213.6547606649408
 10
233.8292104217454
 20
213.6547606649408
 10
233.74145811438177
 20
213.6547606649408
 10
233.65370580701816
 20
213.6547606649408
 10
233.56595349965454
 20
213.6547606649408
 10
233.47820119229092
 20
213.6547606649408
 10
233.3904488849273
 20
213.6547606649408
 10
233.30269657756367
 20
213.6547606649408
 10
233.21494427020008
 20
213.6547606649408
 10
233.12719196283643
 20
213.6547606649408
 10
233.03943965547282
 20
213.6547606649408
 10
232.9516873481092
 20
213.6547606649408
 10
232.8639350407456
 20
213.6547606649408
 10
232.77618273338197
 20
213.6547606649408
 10
232.68843042601836
 20
213.6547606649408
 10
232.60067811865474
 20
213.6547606649408
  0
LWPOLYLINE
  5
BE
330
17
100
AcDbEntity
  8
HIDDEN
100
AcDbPolyline
 90
17
 70
0
 10
256.19508652763477
 20
223.6547606649408
 10
256.1073342202711
 20
223.6547606649408
 10
255.87292104352383
 20
223.6547606649408
 10
255.50111853565843
 20
223.6547606649408
 10
255.00572909628826
 20
223.6547606649408
 10
254.4046366409579
 20
223.6547606649408
 10
253.71925867894373
 20
223.6547606649408
 10
252.97390979648185
 20
223.6547606649408
 10
252.19508652763474
 20
223.6547606649408
 10
251.41626325878764
 20
223.6547606649408
 10
250.67091437632575
 20
223.6547606649408
 10
249.98553641431158
 20
223.6547606649408
 10
249.38444395898122
 20
223.6547606649408
 10
248.88905451961102
 20
223.6547606649408
 10
248.51725201174565
 20
223.6547606649408
 10
248.28283883499836
 20
223.6547606649408
 10
248.19508652763474
 20
223.6547606649408
  0
LWPOLYLINE
  5
BF
330
17
100
AcDbEntity
  8
HIDDEN
100
AcDbPolyline
 90
17
 70
0
 10
248.19508652763474
 20
223.6547606649408
 10
248.28283883499836
 20
223.6547606649408
 10
248.51725201174565
 20
223.6547606649408
 10
248.88905451961102
 20
223.6547606649408
 10
249.38444395898122
 20
223.6547606649408
 10
249.98553641431158
 20
223.6547606649408
 10
250.67091437632575
 20
223.6547606649408
 10
251.41626325878764
 20
223.6547606649408
 10
252.19508652763474
 20
223.6547606649408
 10
252.97390979648185
 20
223.6547606649408
 10
253.71925867894373
 20
223.6547606649408
 10
254.4046366409579
 20
223.6547606649408
 10
255.00572909628826
 20
223.6547606649408
 10
255.50111853565843
 20
223.6547606649408
 10
255.87292104352383
 20
223.6547606649408
 10
256.1073342202711
 20
223.6547606649408
 10
256.19508652763477
 20
223.6547606649408
  0
LWPOLYLINE
  5
C0
330
17
100
AcDbEntity
  8
HIDDEN
100
AcDbPolyline
 90
17
 70
0
 10
286.60067811865474
 20
223.6547606649408
 10
286.5129258112911
 20
223.6547606649408
 10
286.2785126345438
 20
223.6547606649408
 10
285.90671012667843
 20
223.6547606649408
 10
285.41132068730826
 20
223.6547606649408
 10
284.81022823197793
 20
223.6547606649408
 10
284.1248502699637
 20
223.6547606649408
 10
283.3795013875018
 20
223.6547606649408
 10
282.60067811865474
 20
223.6547606649408
 10
281.8218548498076
 20
223.6547606649408
 10
281.0765059673457
 20
223.6547606649408
 10
280.39112800533155
 20
223.6547606649408
 10
279.7900355500012
 20
223.6547606649408
 10
279.29464611063105
 20
223.6547606649408
 10
278.9228436027656
 20
223.6547606649408
 10
278.68843042601833
 20
223.6547606649408
 10
278.60067811865474
 20
223.6547606649408
  0
LWPOLYLINE
  5
C1
330
17
100
AcDbEntity
  8
HIDDEN
100
AcDbPolyline
 90
17
 70
0
 10
278.60067811865474
 20
223.6547606649408
 10
278.68843042601833
 20
223.6547606649408
 10
278.9228436027656
 20
223.6547606649408
 10
279.29464611063105
 20
223.6547606649408
 10
279.7900355500012
 20
223.6547606649408
 10
280.39112800533155
 20
223.6547606649408
 10
281.0765059673457
 20
223.6547606649408
 10
281.8218548498076
 20
223.6547606649408
 10
282.60067811865474
 20
223.6547606649408
 10
283.3795013875018
 20
223.6547606649408
 10
284.1248502699637
 20
223.6547606649408
 10
284.81022823197793
 20
223.6547606649408
 10
285.41132068730826
 20
223.6547606649408
 10
285.90671012667843
 20
223.6547606649408
 10
286.2785126345438
 20
223.6547606649408
 10
286.5129258112911
 20
223.6547606649408
 10
286.60067811865474
 20
223.6547606649408
  0
LWPOLYLINE
  5
C2
330
17
100
AcDbEntity
  8
HIDDEN
100
AcDbPolyline
 90
18
 70
0
 10
317.00626970967676
 20
223.6547606649408
 10
316.9236793027463
 20
223.6547606649408
 10
316.71455794968085
 20
223.6547606649408
 10
316.38588657340995
 20
223.6547606649408
 10
315.9473113094203
 20
223.6547606649408
 10
315.41100253464526
 20
223.6547606649408
 10
314.7864178573802
 20
223.6547606649408
 10
314.09528314447726
 20
223.6547606649408
 10
313.3727747773695
 20
223.6547606649408
 10
312.639764641984
 20
223.6547606649408
 10
311.9172562748762
 20
223.6547606649408
 10
311.2261215619733
 20
223.6547606649408
 10
310.60153688470825
 20
223.6547606649408
 10
310.06522810993323
 20
223.6547606649408
 10
309.62665284594357
 20
223.6547606649408
 10
309.2979814696726
 20
223.6547606649408
 10
309.0888601166072
 20
223.6547606649408
 10
309.00626970967676
 20
223.6547606649408
  0
LWPOLYLINE
  5
C3
330
17
100
AcDbEntity
  8
HIDDEN
100
AcDbPolyline
 90
18
 70
0
 10
309.00626970967676
 20
223.6547606649408
 10
309.0888601166072
 20
223.6547606649408
 10
309.2979814696726
 20
223.6547606649408
 10
309.62665284594357
 20
223.6547606649408
 10
310.06522810993323
 20
223.6547606649408
 10
310.60153688470825
 20
223.6547606649408
 10
311.2261215619733
 20
223.6547606649408
 10
311.9172562748762
 20
223.6547606649408
 10
312.639764641984
 20
223.6547606649408
 10
313.3727747773695
 20
223.6547606649408
 10
314.09528314447726
 20
223.6547606649408
 10
314.7864178573802
 20
223.6547606649408
 10
315.41100253464526
 20
223.6547606649408
 10
315.9473113094203
 20
223.6547606649408
 10
316.3858865734099
 20
223.6547606649408
 10
316.71455794968085
 20
223.6547606649408
 10
316.9236793027463
 20
223.6547606649408
 10
317.00626970967676
 20
223.6547606649408
  0
LWPOLYLINE
  5
C4
330
17
100
AcDbEntity
  8
HIDDEN
100
AcDbPolyline
 90
18
 70
0
 10
329.60067811865474
 20
223.6547606649408
 10
329.51808771172426
 20
223.6547606649408
 10
329.3089663586589
 20
223.6547606649408
 10
328.98029498238793
 20
223.6547606649408
 10
328.54171971839827
 20
223.6547606649408
 10
328.00541094362325
 20
223.6547606649408
 10
327.3808262663582
 20
223.6547606649408
 10
326.6896915534553
 20
223.6547606649408
 10
325.9671831863475
 20
223.6547606649408
 10
325.234173050962
 20
223.6547606649408
 10
324.5116646838542
 20
223.6547606649408
 10
323.82052997095127
 20
223.6547606649408
 10
323.19594529368624
 20
223.6547606649408
 10
322.6596365189112
 20
223.6547606649408
 10
322.22106125492155
 20
223.6547606649408
 10
321.8923898786506
 20
223.6547606649408
 10
321.6832685255852
 20
223.6547606649408
 10
321.60067811865474
 20
223.6547606649408
  0
LWPOLYLINE
  5
C5
330
17
100
AcDbEntity
  8
HIDDEN
100
AcDbPolyline
 90
18
 70
0
 10
321.60067811865474
 20
223.6547606649408
 10
321.6832685255852
 20
223.6547606649408
 10
321.8923898786506
 20
223.6547606649408
 10
322.22106125492155
 20
223.6547606649408
 10
322.6596365189112
 20
223.6547606649408
 10
323.19594529368624
 20
223.6547606649408
 10
323.82052997095127
 20
223.6547606649408
 10
324.5116646838542
 20
223.6547606649408
 10
325.234173050962
 20
223.6547606649408
 10
325.9671831863475
 20
223.6547606649408
 10
326.6896915534553
 20
223.6547606649408
 10
327.3808262663582
 20
223.6547606649408
 10
328.00541094362325
 20
223.6547606649408
 10
328.54171971839827
 20
223.6547606649408
 10
328.98029498238793
 20
223.6547606649408
 10
329.3089663586589
 20
223.6547606649408
 10
329.51808771172426
 20
223.6547606649408
 10
329.60067811865474
 20
223.6547606649408
  0
LWPOLYLINE
  5
C6
330
17
100
AcDbEntity
  8
HIDDEN
100
AcDbPolyline
 90
18
 70
0
 10
243.60067811865474
 20
223.6547606649408
 10
243.51808771172426
 20
223.6547606649408
 10
243.30896635865886
 20
223.6547606649408
 10
242.98029498238793
 20
223.6547606649408
 10
242.54171971839827
 20
223.6547606649408
 10
242.00541094362325
 20
223.6547606649408
 10
241.38082626635818
 20
223.6547606649408
 10
240.6896915534553
 20
223.6547606649408
 10
239.96718318634748
 20
223.6547606649408
 10
239.234173050962
 20
223.6547606649408
 10
238.51166468385418
 20
223.6547606649408
 10
237.8205299709513
 20
223.6547606649408
 10
237.19594529368624
 20
223.6547606649408
 10
236.6596365189112
 20
223.6547606649408
 10
236.22106125492155
 20
223.6547606649408
 10
235.89238987865062
 20
223.6547606649408
 10
235.68326852558522
 20
223.6547606649408
 10
235.60067811865474
 20
223.6547606649408
  0
LWPOLYLINE
  5
C7
330
17
100
AcDbEntity
  8
HIDDEN
100
AcDbPolyline
 90
18
 70
0
 10
235.60067811865474
 20
223.6547606649408
 10
235.68326852558522
 20
223.6547606649408
 10
235.89238987865062
 20
223.6547606649408
 10
236.22106125492155
 20
223.6547606649408
 10
236.6596365189112
 20
223.6547606649408
 10
237.19594529368624
 20
223.6547606649408
 10
237.8205299709513
 20
223.6547606649408
 10
238.51166468385418
 20
223.6547606649408
 10
239.234173050962
 20
223.6547606649408
 10
239.96718318634748
 20
223.6547606649408
 10
240.6896915534553
 20
223.6547606649408
 10
241.38082626635818
 20
223.6547606649408
 10
242.00541094362325
 20
223.6547606649408
 10
242.54171971839827
 20
223.6547606649408
 10
242.98029498238793
 20
223.6547606649408
 10
243.30896635865886
 20
223.6547606649408
 10
243.51808771172426
 20
223.6547606649408
 10
243.60067811865474
 20
223.6547606649408
  0
LWPOLYLINE
  5
C8
330
17
100
AcDbEntity
  8
HIDDEN
100
AcDbPolyline
 90
17
 70
0
 10
256.19508652763477
 20
223.6547606649408
 10
256.1073342202711
 20
223.6547606649408
 10
255.87292104352383
 20
223.6547606649408
 10
255.50111853565843
 20
223.6547606649408
 10
255.00572909628826
 20
223.6547606649408
 10
254.4046366409579
 20
223.6547606649408
 10
253.71925867894373
 20
223.6547606649408
 10
252.97390979648185
 20
223.6547606649408
 10
252.19508652763474
 20
223.6547606649408
 10
251.41626325878764
 20
223.6547606649408
 10
250.67091437632575
 20
223.6547606649408
 10
249.98553641431158
 20
223.6547606649408
 10
249.38444395898122
 20
223.6547606649408
 10
248.88905451961102
 20
223.6547606649408
 10
248.51725201174565
 20
223.6547606649408
 10
248.28283883499836
 20
223.6547606649408
 10
248.19508652763474
 20
223.6547606649408
  0
LWPOLYLINE
  5
C9
330
17
100
AcDbEntity
  8
HIDDEN
100
AcDbPolyline
 90
17
 70
0
 10
248.19508652763474
 20
223.6547606649408
 10
248.28283883499836
 20
223.6547606649408
 10
248.51725201174565
 20
223.6547606649408
 10
248.88905451961102
 20
223.6547606649408
 10
249.38444395898122
 20
223.6547606649408
 10
249.98553641431158
 20
223.6547606649408
 10
250.67091437632575
 20
223.6547606649408
 10
251.41626325878764
 20
223.6547606649408
 10
252.19508652763474
 20
223.6547606649408
 10
252.97390979648185
 20
223.6547606649408
 10
253.71925867894373
 20
223.6547606649408
 10
254.4046366409579
 20
223.6547606649408
 10
255.00572909628826
 20
223.6547606649408
 10
255.50111853565843
 20
223.6547606649408
 10
255.87292104352383
 20
223.6547606649408
 10
256.1073342202711
 20
223.6547606649408
 10
256.19508652763477
 20
223.6547606649408
  0
LWPOLYLINE
  5
CA
330
17
100
AcDbEntity
  8
HIDDEN
100
AcDbPolyline
 90
92
 70
0
 10
305.10067811865474
 20
223.6547606649408
 10
305.01389012236103
 20
223.6547606649408
 10
304.9271021260674
 20
223.6547606649408
 10
304.8403141297737
 20
223.6547606649408
 10
304.75352613347997
 20
223.6547606649408
 10
304.6667381371863
 20
223.6547606649408
 10
304.5799501408926
 20
223.6547606649408
 10
304.4085501045699
 20
223.6547606649408
 10
304.1525380282181
 20
223.6547606649408
 10
303.8965259518663
 20
223.6547606649408
 10
303.6405138755145
 20
223.6547606649408
 10
303.38450179916276
 20
223.6547606649408
 10
303.12848972281097
 20
223.6547606649408
 10
302.8724776464592
 20
223.6547606649408
 10
302.4600790045709
 20
223.6547606649408
 10
302.0476803626826
 20
223.6547606649408
 10
301.63528172079435
 20
223.6547606649408
 10
301.2228830789061
 20
223.6547606649408
 10
300.8104844370178
 20
223.6547606649408
 10
300.39808579512953
 20
223.6547606649408
 10
299.91783356543857
 20
223.6547606649408
 10
299.3697277479448
 20
223.6547606649408
 10
298.8216219304511
 20
223.6547606649408
 10
298.2735161129574
 20
223.6547606649408
 10
297.7254102954637
 20
223.6547606649408
 10
297.17730447797
 20
223.6547606649408
 10
296.6291986604762
 20
223.6547606649408
 10
295.9728699817568
 20
223.6547606649408
 10
295.31654130303735
 20
223.6547606649408
 10
294.66021262431786
 20
223.6547606649408
 10
294.00388394559843
 20
223.6547606649408
 10
293.347555266879
 20
223.6547606649408
 10
292.6912265881595
 20
223.6547606649408
 10
291.99724200909765
 20
223.6547606649408
 10
291.26560152969336
 20
223.6547606649408
 10
290.53396105028907
 20
223.6547606649408
 10
289.8023205708847
 20
223.6547606649408
 10
289.0706800914804
 20
223.6547606649408
 10
288.33903961207614
 20
223.6547606649408
 10
287.60739913267184
 20
223.6547606649408
 10
286.8371343612846
 20
223.6547606649408
 10
286.06686958989735
 20
223.6547606649408
 10
285.2966048185101
 20
223.6547606649408
 10
284.52634004712286
 20
223.6547606649408
 10
283.7560752757356
 20
223.6547606649408
 10
282.98581050434836
 20
223.6547606649408
 10
282.2155457329611
 20
223.6547606649408
 10
281.44528096157387
 20
223.6547606649408
 10
280.6750161901866
 20
223.6547606649408
 10
279.9047514187994
 20
223.6547606649408
 10
279.13448664741213
 20
223.6547606649408
 10
278.3642218760249
 20
223.6547606649408
 10
277.59395710463764
 20
223.6547606649408
 10
276.86231662523335
 20
223.6547606649408
 10
276.13067614582906
 20
223.6547606649408
 10
275.39903566642477
 20
223.6547606649408
 10
274.6673951870205
 20
223.6547606649408
 10
273.9357547076161
 20
223.6547606649408
 10
273.20411422821184
 20
223.6547606649408
 10
272.51012964915
 20
223.6547606649408
 10
271.8538009704305
 20
223.6547606649408
 10
271.19747229171105
 20
223.6547606649408
 10
270.5411436129916
 20
223.6547606649408
 10
269.88481493427213
 20
223.6547606649408
 10
269.2284862555527
 20
223.6547606649408
 10
268.57215757683326
 20
223.6547606649408
 10
268.0240517593395
 20
223.6547606649408
 10
267.4759459418458
 20
223.6547606649408
 10
266.9278401243521
 20
223.6547606649408
 10
266.3797343068584
 20
223.6547606649408
 10
265.8316284893647
 20
223.6547606649408
 10
265.2835226718709
 20
223.6547606649408
 10
264.80327044217995
 20
223.6547606649408
 10
264.3908718002917
 20
223.6547606649408
 10
263.9784731584034
 20
223.6547606649408
 10
263.56607451651513
 20
223.6547606649408
 10
263.15367587462686
 20
223.6547606649408
 10
262.7412772327386
 20
223.6547606649408
 10
262.3288785908503
 20
223.6547606649408
 10
262.0728665144985
 20
223.6547606649408
 10
261.8168544381467
 20
223.6547606649408
 10
261.560842361795
 20
223.6547606649408
 10
261.3048302854432
 20
223.6547606649408
 10
261.0488182090914
 20
223.6547606649408
 10
260.7928061327396
 20
223.6547606649408
 10
260.6214060964169
 20
223.6547606649408
 10
260.53461810012317
 20
223.6547606649408
 10
260.4478301038295
 20
223.6547606649408
 10
260.3610421075358
 20
223.6547606649408
 10
260.2742541112421
 20
223.6547606649408
 10
260.18746611494845
 20
223.6547606649408
 10
260.10067811865474
 20
223.6547606649408
  0
LWPOLYLINE
  5
CB
330
17
100
AcDbEntity
  8
HIDDEN
100
AcDbPolyline
 90
92
 70
0
 10
260.10067811865474
 20
223.6547606649408
 10
260.18746611494845
 20
223.6547606649408
 10
260.2742541112421
 20
223.6547606649408
 10
260.3610421075358
 20
223.6547606649408
 10
260.4478301038295
 20
223.6547606649408
 10
260.53461810012317
 20
223.6547606649408
 10
260.6214060964169
 20
223.6547606649408
 10
260.7928061327396
 20
223.6547606649408
 10
261.0488182090914
 20
223.6547606649408
 10
261.3048302854432
 20
223.6547606649408
 10
261.560842361795
 20
223.6547606649408
 10
261.8168544381467
 20
223.6547606649408
 10
262.0728665144985
 20
223.6547606649408
 10
262.3288785908503
 20
223.6547606649408
 10
262.7412772327386
 20
223.6547606649408
 10
263.15367587462686
 20
223.6547606649408
 10
263.56607451651513
 20
223.6547606649408
 10
263.9784731584034
 20
223.6547606649408
 10
264.3908718002917
 20
223.6547606649408
 10
264.80327044217995
 20
223.6547606649408
 10
265.2835226718709
 20
223.6547606649408
 10
265.8316284893647
 20
223.6547606649408
 10
266.3797343068584
 20
223.6547606649408
 10
266.9278401243521
 20
223.6547606649408
 10
267.4759459418458
 20
223.6547606649408
 10
268.0240517593395
 20
223.6547606649408
 10
268.5721575768332
 20
223.6547606649408
 10
269.2284862555527
 20
223.6547606649408
 10
269.88481493427213
 20
223.6547606649408
 10
270.5411436129916
 20
223.6547606649408
 10
271.19747229171105
 20
223.6547606649408
 10
271.8538009704305
 20
223.6547606649408
 10
272.51012964915
 20
223.6547606649408
 10
273.20411422821184
 20
223.6547606649408
 10
273.9357547076161
 20
223.6547606649408
 10
274.6673951870204
 20
223.6547606649408
 10
275.3990356664247
 20
223.6547606649408
 10
276.13067614582906
 20
223.6547606649408
 10
276.86231662523335
 20
223.6547606649408
 10
277.59395710463764
 20
223.6547606649408
 10
278.3642218760249
 20
223.6547606649408
 10
279.13448664741213
 20
223.6547606649408
 10
279.9047514187994
 20
223.6547606649408
 10
280.6750161901866
 20
223.6547606649408
 10
281.44528096157387
 20
223.6547606649408
 10
282.2155457329611
 20
223.6547606649408
 10
282.98581050434836
 20
223.6547606649408
 10
283.7560752757356
 20
223.6547606649408
 10
284.52634004712286
 20
223.6547606649408
 10
285.29660481851005
 20
223.6547606649408
 10
286.06686958989735
 20
223.6547606649408
 10
286.8371343612846
 20
223.6547606649408
 10
287.6073991326718
 20
223.6547606649408
 10
288.33903961207614
 20
223.6547606649408
 10
289.0706800914804
 20
223.6547606649408
 10
289.8023205708847
 20
223.6547606649408
 10
290.533961050289
 20
223.6547606649408
 10
291.26560152969336
 20
223.6547606649408
 10
291.99724200909765
 20
223.6547606649408
 10
292.6912265881595
 20
223.6547606649408
 10
293.347555266879
 20
223.6547606649408
 10
294.00388394559843
 20
223.6547606649408
 10
294.66021262431786
 20
223.6547606649408
 10
295.31654130303735
 20
223.6547606649408
 10
295.9728699817568
 20
223.6547606649408
 10
296.6291986604762
 20
223.6547606649408
 10
297.1773044779699
 20
223.6547606649408
 10
297.7254102954637
 20
223.6547606649408
 10
298.2735161129574
 20
223.6547606649408
 10
298.8216219304511
 20
223.6547606649408
 10
299.3697277479448
 20
223.6547606649408
 10
299.91783356543857
 20
223.6547606649408
 10
300.39808579512953
 20
223.6547606649408
 10
300.8104844370178
 20
223.6547606649408
 10
301.2228830789061
 20
223.6547606649408
 10
301.63528172079435
 20
223.6547606649408
 10
302.0476803626826
 20
223.6547606649408
 10
302.4600790045709
 20
223.6547606649408
 10
302.8724776464592
 20
223.6547606649408
 10
303.12848972281097
 20
223.6547606649408
 10
303.38450179916276
 20
223.6547606649408
 10
303.64051387551456
 20
223.6547606649408
 10
303.8965259518663
 20
223.6547606649408
 10
304.1525380282181
 20
223.6547606649408
 10
304.4085501045699
 20
223.6547606649408
 10
304.5799501408926
 20
223.6547606649408
 10
304.6667381371863
 20
223.6547606649408
 10
304.75352613347997
 20
223.6547606649408
 10
304.8403141297737
 20
223.6547606649408
 10
304.9271021260674
 20
223.6547606649408
 10
305.01389012236103
 20
223.6547606649408
 10
305.10067811865474
 20
223.6547606649408
  0
LWPOLYLINE
  5
CC
330
17
100
AcDbEntity
  8
HIDDEN
100
AcDbPolyline
 90
17
 70
0
 10
286.60067811865474
 20
223.6547606649408
 10
286.51292581129115
 20
223.6547606649408
 10
286.2785126345438
 20
223.6547606649408
 10
285.90671012667843
 20
223.6547606649408
 10
285.41132068730826
 20
223.6547606649408
 10
284.81022823197793
 20
223.6547606649408
 10
284.12485026996376
 20
223.6547606649408
 10
283.3795013875018
 20
223.6547606649408
 10
282.60067811865474
 20
223.6547606649408
 10
281.82185484980766
 20
223.6547606649408
 10
281.0765059673458
 20
223.6547606649408
 10
280.39112800533155
 20
223.6547606649408
 10
279.7900355500012
 20
223.6547606649408
 10
279.29464611063105
 20
223.6547606649408
 10
278.9228436027657
 20
223.6547606649408
 10
278.6884304260184
 20
223.6547606649408
 10
278.60067811865474
 20
223.6547606649408
  0
LWPOLYLINE
  5
CD
330
17
100
AcDbEntity
  8
HIDDEN
100
AcDbPolyline
 90
17
 70
0
 10
278.60067811865474
 20
223.6547606649408
 10
278.6884304260184
 20
223.6547606649408
 10
278.9228436027657
 20
223.6547606649408
 10
279.29464611063105
 20
223.6547606649408
 10
279.7900355500012
 20
223.6547606649408
 10
280.39112800533155
 20
223.6547606649408
 10
281.0765059673457
 20
223.6547606649408
 10
281.82185484980766
 20
223.6547606649408
 10
282.60067811865474
 20
223.6547606649408
 10
283.3795013875018
 20
223.6547606649408
 10
284.12485026996376
 20
223.6547606649408
 10
284.81022823197793
 20
223.6547606649408
 10
285.41132068730826
 20
223.6547606649408
 10
285.90671012667843
 20
223.6547606649408
 10
286.2785126345438
 20
223.6547606649408
 10
286.51292581129115
 20
223.6547606649408
 10
286.60067811865474
 20
223.6547606649408
  0
LWPOLYLINE
  5
CE
330
17
100
AcDbEntity
  8
HIDDEN
100
AcDbPolyline
 90
18
 70
0
 10
317.00626970967676
 20
223.6547606649408
 10
316.9236793027463
 20
223.6547606649408
 10
316.71455794968085
 20
223.6547606649408
 10
316.38588657340995
 20
223.6547606649408
 10
315.9473113094203
 20
223.6547606649408
 10
315.41100253464526
 20
223.6547606649408
 10
314.7864178573802
 20
223.6547606649408
 10
314.09528314447726
 20
223.6547606649408
 10
313.3727747773695
 20
223.6547606649408
 10
312.639764641984
 20
223.6547606649408
 10
311.9172562748762
 20
223.6547606649408
 10
311.2261215619733
 20
223.6547606649408
 10
310.60153688470825
 20
223.6547606649408
 10
310.06522810993323
 20
223.6547606649408
 10
309.62665284594357
 20
223.6547606649408
 10
309.2979814696726
 20
223.6547606649408
 10
309.0888601166072
 20
223.6547606649408
 10
309.00626970967676
 20
223.6547606649408
  0
LWPOLYLINE
  5
CF
330
17
100
AcDbEntity
  8
HIDDEN
100
AcDbPolyline
 90
18
 70
0
 10
309.00626970967676
 20
223.6547606649408
 10
309.0888601166072
 20
223.6547606649408
 10
309.2979814696726
 20
223.6547606649408
 10
309.62665284594357
 20
223.6547606649408
 10
310.06522810993323
 20
223.6547606649408
 10
310.60153688470825
 20
223.6547606649408
 10
311.2261215619733
 20
223.6547606649408
 10
311.9172562748762
 20
223.6547606649408
 10
312.639764641984
 20
223.6547606649408
 10
313.3727747773695
 20
223.6547606649408
 10
314.09528314447726
 20
223.6547606649408
 10
314.7864178573802
 20
223.6547606649408
 10
315.41100253464526
 20
223.6547606649408
 10
315.9473113094203
 20
223.6547606649408
 10
316.3858865734099
 20
223.6547606649408
 10
316.71455794968085
 20
223.6547606649408
 10
316.9236793027463
 20
223.6547606649408
 10
317.00626970967676
 20
223.6547606649408
  0
LWPOLYLINE
  5
D0
330
17
100
AcDbEntity
  8
HIDDEN
100
AcDbPolyline
 90
17
 70
0
 10
256.19508652763477
 20
213.6547606649408
 10
256.1073342202711
 20
213.6547606649408
 10
255.87292104352383
 20
213.6547606649408
 10
255.50111853565843
 20
213.6547606649408
 10
255.00572909628826
 20
213.6547606649408
 10
254.4046366409579
 20
213.6547606649408
 10
253.71925867894373
 20
213.6547606649408
 10
252.97390979648185
 20
213.6547606649408
 10
252.19508652763474
 20
213.6547606649408
 10
251.41626325878764
 20
213.6547606649408
 10
250.67091437632575
 20
213.6547606649408
 10
249.98553641431158
 20
213.6547606649408
 10
249.38444395898122
 20
213.6547606649408
 10
248.88905451961102
 20
213.6547606649408
 10
248.51725201174565
 20
213.6547606649408
 10
248.28283883499836
 20
213.6547606649408
 10
248.19508652763474
 20
213.6547606649408
  0
LWPOLYLINE
  5
D1
330
17
100
AcDbEntity
  8
HIDDEN
100
AcDbPolyline
 90
17
 70
0
 10
248.19508652763474
 20
213.6547606649408
 10
248.28283883499836
 20
213.6547606649408
 10
248.51725201174565
 20
213.6547606649408
 10
248.88905451961102
 20
213.6547606649408
 10
249.38444395898122
 20
213.6547606649408
 10
249.98553641431158
 20
213.6547606649408
 10
250.67091437632575
 20
213.6547606649408
 10
251.41626325878764
 20
213.6547606649408
 10
252.19508652763474
 20
213.6547606649408
 10
252.97390979648185
 20
213.6547606649408
 10
253.71925867894373
 20
213.6547606649408
 10
254.4046366409579
 20
213.6547606649408
 10
255.00572909628826
 20
213.6547606649408
 10
255.50111853565843
 20
213.6547606649408
 10
255.87292104352383
 20
213.6547606649408
 10
256.1073342202711
 20
213.6547606649408
 10
256.19508652763477
 20
213.6547606649408
  0
LWPOLYLINE
  5
D2
330
17
100
AcDbEntity
  8
HIDDEN
100
AcDbPolyline
 90
17
 70
0
 10
286.60067811865474
 20
213.6547606649408
 10
286.5129258112911
 20
213.6547606649408
 10
286.2785126345438
 20
213.6547606649408
 10
285.90671012667843
 20
213.6547606649408
 10
285.41132068730826
 20
213.6547606649408
 10
284.81022823197793
 20
213.6547606649408
 10
284.1248502699637
 20
213.6547606649408
 10
283.3795013875018
 20
213.6547606649408
 10
282.60067811865474
 20
213.6547606649408
 10
281.8218548498076
 20
213.6547606649408
 10
281.0765059673457
 20
213.6547606649408
 10
280.39112800533155
 20
213.6547606649408
 10
279.7900355500012
 20
213.6547606649408
 10
279.29464611063105
 20
213.6547606649408
 10
278.9228436027656
 20
213.6547606649408
 10
278.68843042601833
 20
213.6547606649408
 10
278.60067811865474
 20
213.6547606649408
  0
LWPOLYLINE
  5
D3
330
17
100
AcDbEntity
  8
HIDDEN
100
AcDbPolyline
 90
17
 70
0
 10
278.60067811865474
 20
213.6547606649408
 10
278.68843042601833
 20
213.6547606649408
 10
278.9228436027656
 20
213.6547606649408
 10
279.29464611063105
 20
213.6547606649408
 10
279.7900355500012
 20
213.6547606649408
 10
280.39112800533155
 20
213.6547606649408
 10
281.0765059673457
 20
213.6547606649408
 10
281.8218548498076
 20
213.6547606649408
 10
282.60067811865474
 20
213.6547606649408
 10
283.3795013875018
 20
213.6547606649408
 10
284.1248502699637
 20
213.6547606649408
 10
284.81022823197793
 20
213.6547606649408
 10
285.41132068730826
 20
213.6547606649408
 10
285.90671012667843
 20
213.6547606649408
 10
286.2785126345438
 20
213.6547606649408
 10
286.5129258112911
 20
213.6547606649408
 10
286.60067811865474
 20
213.6547606649408
  0
LWPOLYLINE
  5
D4
330
17
100
AcDbEntity
  8
HIDDEN
100
AcDbPolyline
 90
18
 70
0
 10
317.00626970967676
 20
213.6547606649408
 10
316.9236793027463
 20
213.6547606649408
 10
316.71455794968085
 20
213.6547606649408
 10
316.38588657340995
 20
213.6547606649408
 10
315.9473113094203
 20
213.6547606649408
 10
315.41100253464526
 20
213.6547606649408
 10
314.7864178573802
 20
213.6547606649408
 10
314.09528314447726
 20
213.6547606649408
 10
313.3727747773695
 20
213.6547606649408
 10
312.639764641984
 20
213.6547606649408
 10
311.9172562748762
 20
213.6547606649408
 10
311.2261215619733
 20
213.6547606649408
 10
310.60153688470825
 20
213.6547606649408
 10
310.06522810993323
 20
213.6547606649408
 10
309.62665284594357
 20
213.6547606649408
 10
309.2979814696726
 20
213.6547606649408
 10
309.0888601166072
 20
213.6547606649408
 10
309.00626970967676
 20
213.6547606649408
  0
LWPOLYLINE
  5
D5
330
17
100
AcDbEntity
  8
HIDDEN
100
AcDbPolyline
 90
18
 70
0
 10
309.00626970967676
 20
213.6547606649408
 10
309.0888601166072
 20
213.6547606649408
 10
309.2979814696726
 20
213.6547606649408
 10
309.62665284594357
 20
213.6547606649408
 10
310.06522810993323
 20
213.6547606649408
 10
310.60153688470825
 20
213.6547606649408
 10
311.2261215619733
 20
213.6547606649408
 10
311.9172562748762
 20
213.6547606649408
 10
312.639764641984
 20
213.6547606649408
 10
313.3727747773695
 20
213.6547606649408
 10
314.09528314447726
 20
213.6547606649408
 10
314.7864178573802
 20
213.6547606649408
 10
315.41100253464526
 20
213.6547606649408
 10
315.9473113094203
 20
213.6547606649408
 10
316.3858865734099
 20
213.6547606649408
 10
316.71455794968085
 20
213.6547606649408
 10
316.9236793027463
 20
213.6547606649408
 10
317.00626970967676
 20
213.6547606649408
  0
LWPOLYLINE
  5
D6
330
17
100
AcDbEntity
  8
HIDDEN
100
AcDbPolyline
 90
18
 70
0
 10
329.60067811865474
 20
213.6547606649408
 10
329.51808771172426
 20
213.6547606649408
 10
329.3089663586589
 20
213.6547606649408
 10
328.98029498238793
 20
213.6547606649408
 10
328.54171971839827
 20
213.6547606649408
 10
328.00541094362325
 20
213.6547606649408
 10
327.3808262663582
 20
213.6547606649408
 10
326.6896915534553
 20
213.6547606649408
 10
325.9671831863475
 20
213.6547606649408
 10
325.234173050962
 20
213.6547606649408
 10
324.5116646838542
 20
213.6547606649408
 10
323.82052997095127
 20
213.6547606649408
 10
323.19594529368624
 20
213.6547606649408
 10
322.6596365189112
 20
213.6547606649408
 10
322.22106125492155
 20
213.6547606649408
 10
321.8923898786506
 20
213.6547606649408
 10
321.6832685255852
 20
213.6547606649408
 10
321.60067811865474
 20
213.6547606649408
  0
LWPOLYLINE
  5
D7
330
17
100
AcDbEntity
  8
HIDDEN
100
AcDbPolyline
 90
18
 70
0
 10
321.60067811865474
 20
213.6547606649408
 10
321.6832685255852
 20
213.6547606649408
 10
321.8923898786506
 20
213.6547606649408
 10
322.22106125492155
 20
213.6547606649408
 10
322.6596365189112
 20
213.6547606649408
 10
323.19594529368624
 20
213.6547606649408
 10
323.82052997095127
 20
213.6547606649408
 10
324.5116646838542
 20
213.6547606649408
 10
325.234173050962
 20
213.6547606649408
 10
325.9671831863475
 20
213.6547606649408
 10
326.6896915534553
 20
213.6547606649408
 10
327.3808262663582
 20
213.6547606649408
 10
328.00541094362325
 20
213.6547606649408
 10
328.54171971839827
 20
213.6547606649408
 10
328.98029498238793
 20
213.6547606649408
 10
329.3089663586589
 20
213.6547606649408
 10
329.51808771172426
 20
213.6547606649408
 10
329.60067811865474
 20
213.6547606649408
  0
LWPOLYLINE
  5
D8
330
17
100
AcDbEntity
  8
HIDDEN
100
AcDbPolyline
 90
18
 70
0
 10
243.60067811865474
 20
213.6547606649408
 10
243.51808771172426
 20
213.6547606649408
 10
243.30896635865886
 20
213.6547606649408
 10
242.98029498238793
 20
213.6547606649408
 10
242.54171971839827
 20
213.6547606649408
 10
242.00541094362325
 20
213.6547606649408
 10
241.38082626635818
 20
213.6547606649408
 10
240.6896915534553
 20
213.6547606649408
 10
239.96718318634748
 20
213.6547606649408
 10
239.234173050962
 20
213.6547606649408
 10
238.51166468385418
 20
213.6547606649408
 10
237.8205299709513
 20
213.6547606649408
 10
237.19594529368624
 20
213.6547606649408
 10
236.6596365189112
 20
213.6547606649408
 10
236.22106125492155
 20
213.6547606649408
 10
235.89238987865062
 20
213.6547606649408
 10
235.68326852558522
 20
213.6547606649408
 10
235.60067811865474
 20
213.6547606649408
  0
LWPOLYLINE
  5
D9
330
17
100
AcDbEntity
  8
HIDDEN
100
AcDbPolyline
 90
18
 70
0
 10
235.60067811865474
 20
213.6547606649408
 10
235.68326852558522
 20
213.6547606649408
 10
235.89238987865062
 20
213.6547606649408
 10
236.22106125492155
 20
213.6547606649408
 10
236.6596365189112
 20
213.6547606649408
 10
237.19594529368624
 20
213.6547606649408
 10
237.8205299709513
 20
213.6547606649408
 10
238.51166468385418
 20
213.6547606649408
 10
239.234173050962
 20
213.6547606649408
 10
239.96718318634748
 20
213.6547606649408
 10
240.6896915534553
 20
213.6547606649408
 10
241.38082626635818
 20
213.6547606649408
 10
242.00541094362325
 20
213.6547606649408
 10
242.54171971839827
 20
213.6547606649408
 10
242.98029498238793
 20
213.6547606649408
 10
243.30896635865886
 20
213.6547606649408
 10
243.51808771172426
 20
213.6547606649408
 10
243.60067811865474
 20
213.6547606649408
  0
LWPOLYLINE
  5
DA
330
17
100
AcDbEntity
  8
HIDDEN
100
AcDbPolyline
 90
17
 70
0
 10
256.19508652763477
 20
213.6547606649408
 10
256.1073342202711
 20
213.6547606649408
 10
255.87292104352383
 20
213.6547606649408
 10
255.50111853565843
 20
213.6547606649408
 10
255.00572909628826
 20
213.6547606649408
 10
254.4046366409579
 20
213.6547606649408
 10
253.71925867894373
 20
213.6547606649408
 10
252.97390979648185
 20
213.6547606649408
 10
252.19508652763474
 20
213.6547606649408
 10
251.41626325878764
 20
213.6547606649408
 10
250.67091437632575
 20
213.6547606649408
 10
249.98553641431158
 20
213.6547606649408
 10
249.38444395898122
 20
213.6547606649408
 10
248.88905451961102
 20
213.6547606649408
 10
248.51725201174565
 20
213.6547606649408
 10
248.28283883499836
 20
213.6547606649408
 10
248.19508652763474
 20
213.6547606649408
  0
LWPOLYLINE
  5
DB
330
17
100
AcDbEntity
  8
HIDDEN
100
AcDbPolyline
 90
17
 70
0
 10
248.19508652763474
 20
213.6547606649408
 10
248.28283883499836
 20
213.6547606649408
 10
248.51725201174565
 20
213.6547606649408
 10
248.88905451961102
 20
213.6547606649408
 10
249.38444395898122
 20
213.6547606649408
 10
249.98553641431158
 20
213.6547606649408
 10
250.67091437632575
 20
213.6547606649408
 10
251.41626325878764
 20
213.6547606649408
 10
252.19508652763474
 20
213.6547606649408
 10
252.97390979648185
 20
213.6547606649408
 10
253.71925867894373
 20
213.6547606649408
 10
254.4046366409579
 20
213.6547606649408
 10
255.00572909628826
 20
213.6547606649408
 10
255.50111853565843
 20
213.6547606649408
 10
255.87292104352383
 20
213.6547606649408
 10
256.1073342202711
 20
213.6547606649408
 10
256.19508652763477
 20
213.6547606649408
  0
LWPOLYLINE
  5
DC
330
17
100
AcDbEntity
  8
HIDDEN
100
AcDbPolyline
 90
42
 70
0
 10
292.60067811865474
 20
213.6547606649408
 10
292.51506611147073
 20
213.6547606649408
 10
292.4294541042867
 20
213.6547606649408
 10
292.3319184491853
 20
213.6547606649408
 10
292.0793753711581
 20
213.6547606649408
 10
291.82683229313085
 20
213.6547606649408
 10
291.55225099990605
 20
213.6547606649408
 10
291.14544041549595
 20
213.6547606649408
 10
290.73862983108586
 20
213.6547606649408
 10
290.30313317703553
 20
213.6547606649408
 10
289.76245426763796
 20
213.6547606649408
 10
289.22177535824034
 20
213.6547606649408
 10
288.65059461261654
 20
213.6547606649408
 10
288.00315927642714
 20
213.6547606649408
 10
287.3557239402378
 20
213.6547606649408
 10
286.681755991341
 20
213.6547606649408
 10
285.9600293395709
 20
213.6547606649408
 10
285.2383026878008
 20
213.6547606649408
 10
284.5002470670623
 20
213.6547606649408
 10
283.7404194876993
 20
213.6547606649408
 10
282.98059190833624
 20
213.6547606649408
 10
282.22076432897325
 20
213.6547606649408
 10
281.4609367496102
 20
213.6547606649408
 10
280.7011091702472
 20
213.6547606649408
 10
279.9630535495087
 20
213.6547606649408
 10
279.2413268977386
 20
213.6547606649408
 10
278.5196002459685
 20
213.6547606649408
 10
277.8456322970717
 20
213.6547606649408
 10
277.19819696088234
 20
213.6547606649408
 10
276.55076162469294
 20
213.6547606649408
 10
275.97958087906915
 20
213.6547606649408
 10
275.4389019696715
 20
213.6547606649408
 10
274.89822306027395
 20
213.6547606649408
 10
274.4627264062236
 20
213.6547606649408
 10
274.0559158218135
 20
213.6547606649408
 10
273.64910523740343
 20
213.6547606649408
 10
273.37452394417863
 20
213.6547606649408
 10
273.1219808661514
 20
213.6547606649408
 10
272.8694377881242
 20
213.6547606649408
 10
272.77190213302276
 20
213.6547606649408
 10
272.68629012583875
 20
213.6547606649408
 10
272.60067811865474
 20
213.6547606649408
  0
LWPOLYLINE
  5
DD
330
17
100
AcDbEntity
  8
HIDDEN
100
AcDbPolyline
 90
42
 70
0
 10
272.60067811865474
 20
213.6547606649408
 10
272.68629012583875
 20
213.6547606649408
 10
272.77190213302276
 20
213.6547606649408
 10
272.8694377881242
 20
213.6547606649408
 10
273.1219808661514
 20
213.6547606649408
 10
273.37452394417863
 20
213.6547606649408
 10
273.64910523740343
 20
213.6547606649408
 10
274.0559158218135
 20
213.6547606649408
 10
274.4627264062236
 20
213.6547606649408
 10
274.89822306027395
 20
213.6547606649408
 10
275.4389019696715
 20
213.6547606649408
 10
275.97958087906915
 20
213.6547606649408
 10
276.55076162469294
 20
213.6547606649408
 10
277.19819696088234
 20
213.6547606649408
 10
277.8456322970717
 20
213.6547606649408
 10
278.5196002459685
 20
213.6547606649408
 10
279.2413268977386
 20
213.6547606649408
 10
279.9630535495087
 20
213.6547606649408
 10
280.70110917024715
 20
213.6547606649408
 10
281.4609367496102
 20
213.6547606649408
 10
282.22076432897325
 20
213.6547606649408
 10
282.98059190833624
 20
213.6547606649408
 10
283.7404194876993
 20
213.6547606649408
 10
284.50024706706233
 20
213.6547606649408
 10
285.2383026878008
 20
213.6547606649408
 10
285.9600293395709
 20
213.6547606649408
 10
286.681755991341
 20
213.6547606649408
 10
287.3557239402378
 20
213.6547606649408
 10
288.00315927642714
 20
213.6547606649408
 10
288.65059461261654
 20
213.6547606649408
 10
289.22177535824034
 20
213.6547606649408
 10
289.76245426763796
 20
213.6547606649408
 10
290.30313317703553
 20
213.6547606649408
 10
290.73862983108586
 20
213.6547606649408
 10
291.14544041549595
 20
213.6547606649408
 10
291.55225099990605
 20
213.6547606649408
 10
291.82683229313085
 20
213.6547606649408
 10
292.0793753711581
 20
213.6547606649408
 10
292.3319184491853
 20
213.6547606649408
 10
292.4294541042867
 20
213.6547606649408
 10
292.51506611147073
 20
213.6547606649408
 10
292.60067811865474
 20
213.6547606649408
  0
LWPOLYLINE
  5
DE
330
17
100
AcDbEntity
  8
HIDDEN
100
AcDbPolyline
 90
17
 70
0
 10
286.60067811865474
 20
213.6547606649408
 10
286.51292581129115
 20
213.6547606649408
 10
286.2785126345438
 20
213.6547606649408
 10
285.90671012667843
 20
213.6547606649408
 10
285.41132068730826
 20
213.6547606649408
 10
284.81022823197793
 20
213.6547606649408
 10
284.12485026996376
 20
213.6547606649408
 10
283.3795013875018
 20
213.6547606649408
 10
282.60067811865474
 20
213.6547606649408
 10
281.82185484980766
 20
213.6547606649408
 10
281.0765059673458
 20
213.6547606649408
 10
280.39112800533155
 20
213.6547606649408
 10
279.7900355500012
 20
213.6547606649408
 10
279.29464611063105
 20
213.6547606649408
 10
278.9228436027657
 20
213.6547606649408
 10
278.6884304260184
 20
213.6547606649408
 10
278.60067811865474
 20
213.6547606649408
  0
LWPOLYLINE
  5
DF
330
17
100
AcDbEntity
  8
HIDDEN
100
AcDbPolyline
 90
17
 70
0
 10
278.60067811865474
 20
213.6547606649408
 10
278.6884304260184
 20
213.6547606649408
 10
278.9228436027657
 20
213.6547606649408
 10
279.29464611063105
 20
213.6547606649408
 10
279.7900355500012
 20
213.6547606649408
 10
280.39112800533155
 20
213.6547606649408
 10
281.0765059673457
 20
213.6547606649408
 10
281.82185484980766
 20
213.6547606649408
 10
282.60067811865474
 20
213.6547606649408
 10
283.3795013875018
 20
213.6547606649408
 10
284.12485026996376
 20
213.6547606649408
 10
284.81022823197793
 20
213.6547606649408
 10
285.41132068730826
 20
213.6547606649408
 10
285.90671012667843
 20
213.6547606649408
 10
286.2785126345438
 20
213.6547606649408
 10
286.51292581129115
 20
213.6547606649408
 10
286.60067811865474
 20
213.6547606649408
  0
LWPOLYLINE
  5
E0
330
17
100
AcDbEntity
  8
HIDDEN
100
AcDbPolyline
 90
18
 70
0
 10
317.00626970967676
 20
213.6547606649408
 10
316.9236793027463
 20
213.6547606649408
 10
316.71455794968085
 20
213.6547606649408
 10
316.38588657340995
 20
213.6547606649408
 10
315.9473113094203
 20
213.6547606649408
 10
315.41100253464526
 20
213.6547606649408
 10
314.7864178573802
 20
213.6547606649408
 10
314.09528314447726
 20
213.6547606649408
 10
313.3727747773695
 20
213.6547606649408
 10
312.639764641984
 20
213.6547606649408
 10
311.9172562748762
 20
213.6547606649408
 10
311.2261215619733
 20
213.6547606649408
 10
310.60153688470825
 20
213.6547606649408
 10
310.06522810993323
 20
213.6547606649408
 10
309.62665284594357
 20
213.6547606649408
 10
309.2979814696726
 20
213.6547606649408
 10
309.0888601166072
 20
213.6547606649408
 10
309.00626970967676
 20
213.6547606649408
  0
LWPOLYLINE
  5
E1
330
17
100
AcDbEntity
  8
HIDDEN
100
AcDbPolyline
 90
18
 70
0
 10
309.00626970967676
 20
213.6547606649408
 10
309.0888601166072
 20
213.6547606649408
 10
309.2979814696726
 20
213.6547606649408
 10
309.62665284594357
 20
213.6547606649408
 10
310.06522810993323
 20
213.6547606649408
 10
310.60153688470825
 20
213.6547606649408
 10
311.2261215619733
 20
213.6547606649408
 10
311.9172562748762
 20
213.6547606649408
 10
312.639764641984
 20
213.6547606649408
 10
313.3727747773695
 20
213.6547606649408
 10
314.09528314447726
 20
213.6547606649408
 10
314.7864178573802
 20
213.6547606649408
 10
315.41100253464526
 20
213.6547606649408
 10
315.9473113094203
 20
213.6547606649408
 10
316.3858865734099
 20
213.6547606649408
 10
316.71455794968085
 20
213.6547606649408
 10
316.9236793027463
 20
213.6547606649408
 10
317.00626970967676
 20
213.6547606649408
  0
LINE
  5
E2
330
17
100
AcDbEntity
  8
HIDDEN
100
AcDbLine
 10
256.19508652763477
 20
213.6547606649408
 30
0.0
 11
256.19508652763477
 21
223.6547606649408
 31
0.0
  0
LINE
  5
E3
330
17
100
AcDbEntity
  8
HIDDEN
100
AcDbLine
 10
286.60067811865474
 20
213.6547606649408
 30
0.0
 11
286.60067811865474
 21
223.6547606649408
 31
0.0
  0
LINE
  5
E4
330
17
100
AcDbEntity
  8
HIDDEN
100
AcDbLine
 10
317.00626970967676
 20
213.6547606649408
 30
0.0
 11
317.00626970967676
 21
223.6547606649408
 31
0.0
  0
LINE
  5
E5
330
17
100
AcDbEntity
  8
HIDDEN
100
AcDbLine
 10
329.60067811865474
 20
213.6547606649408
 30
0.0
 11
329.60067811865474
 21
223.6547606649408
 31
0.0
  0
LINE
  5
E6
330
17
100
AcDbEntity
  8
HIDDEN
100
AcDbLine
 10
243.60067811865474
 20
213.6547606649408
 30
0.0
 11
243.60067811865474
 21
223.6547606649408
 31
0.0
  0
LINE
  5
E7
330
17
100
AcDbEntity
  8
HIDDEN
100
AcDbLine
 10
256.19508652763477
 20
213.6547606649408
 30
0.0
 11
256.19508652763477
 21
223.6547606649408
 31
0.0
  0
LWPOLYLINE
  5
E8
330
17
100
AcDbEntity
  8
HIDDEN
100
AcDbPolyline
 90
92
 70
0
 10
305.10067811865474
 20
253.6547606649408
 10
305.01389012236103
 20
253.6547606649408
 10
304.9271021260674
 20
253.6547606649408
 10
304.8403141297737
 20
253.6547606649408
 10
304.75352613347997
 20
253.6547606649408
 10
304.6667381371863
 20
253.6547606649408
 10
304.5799501408926
 20
253.6547606649408
 10
304.4085501045699
 20
253.6547606649408
 10
304.1525380282181
 20
253.6547606649408
 10
303.8965259518663
 20
253.6547606649408
 10
303.6405138755145
 20
253.6547606649408
 10
303.38450179916276
 20
253.6547606649408
 10
303.12848972281097
 20
253.6547606649408
 10
302.8724776464592
 20
253.6547606649408
 10
302.4600790045709
 20
253.6547606649408
 10
302.0476803626826
 20
253.6547606649408
 10
301.63528172079435
 20
253.6547606649408
 10
301.2228830789061
 20
253.6547606649408
 10
300.8104844370178
 20
253.6547606649408
 10
300.39808579512953
 20
253.6547606649408
 10
299.91783356543857
 20
253.6547606649408
 10
299.3697277479448
 20
253.6547606649408
 10
298.8216219304511
 20
253.6547606649408
 10
298.2735161129574
 20
253.6547606649408
 10
297.7254102954637
 20
253.6547606649408
 10
297.17730447797
 20
253.6547606649408
 10
296.6291986604762
 20
253.6547606649408
 10
295.9728699817568
 20
253.6547606649408
 10
295.31654130303735
 20
253.6547606649408
 10
294.66021262431786
 20
253.6547606649408
 10
294.00388394559843
 20
253.6547606649408
 10
293.347555266879
 20
253.6547606649408
 10
292.6912265881595
 20
253.6547606649408
 10
291.99724200909765
 20
253.6547606649408
 10
291.26560152969336
 20
253.6547606649408
 10
290.53396105028907
 20
253.6547606649408
 10
289.8023205708847
 20
253.6547606649408
 10
289.0706800914804
 20
253.6547606649408
 10
288.33903961207614
 20
253.6547606649408
 10
287.60739913267184
 20
253.6547606649408
 10
286.8371343612846
 20
253.6547606649408
 10
286.06686958989735
 20
253.6547606649408
 10
285.2966048185101
 20
253.6547606649408
 10
284.52634004712286
 20
253.6547606649408
 10
283.7560752757356
 20
253.6547606649408
 10
282.98581050434836
 20
253.6547606649408
 10
282.2155457329611
 20
253.6547606649408
 10
281.44528096157387
 20
253.6547606649408
 10
280.6750161901866
 20
253.6547606649408
 10
279.9047514187994
 20
253.6547606649408
 10
279.13448664741213
 20
253.6547606649408
 10
278.3642218760249
 20
253.6547606649408
 10
277.59395710463764
 20
253.6547606649408
 10
276.86231662523335
 20
253.6547606649408
 10
276.13067614582906
 20
253.6547606649408
 10
275.39903566642477
 20
253.6547606649408
 10
274.6673951870205
 20
253.6547606649408
 10
273.9357547076161
 20
253.6547606649408
 10
273.20411422821184
 20
253.6547606649408
 10
272.51012964915
 20
253.6547606649408
 10
271.8538009704305
 20
253.6547606649408
 10
271.19747229171105
 20
253.6547606649408
 10
270.5411436129916
 20
253.6547606649408
 10
269.88481493427213
 20
253.6547606649408
 10
269.2284862555527
 20
253.6547606649408
 10
268.57215757683326
 20
253.6547606649408
 10
268.0240517593395
 20
253.6547606649408
 10
267.4759459418458
 20
253.6547606649408
 10
266.9278401243521
 20
253.6547606649408
 10
266.3797343068584
 20
253.6547606649408
 10
265.8316284893647
 20
253.6547606649408
 10
265.2835226718709
 20
253.6547606649408
 10
264.80327044217995
 20
253.6547606649408
 10
264.3908718002917
 20
253.6547606649408
 10
263.9784731584034
 20
253.6547606649408
 10
263.56607451651513
 20
253.6547606649408
 10
263.15367587462686
 20
253.6547606649408
 10
262.7412772327386
 20
253.6547606649408
 10
262.3288785908503
 20
253.6547606649408
 10
262.0728665144985
 20
253.6547606649408
 10
261.8168544381467
 20
253.6547606649408
 10
261.560842361795
 20
253.6547606649408
 10
261.3048302854432
 20
253.6547606649408
 10
261.0488182090914
 20
253.6547606649408
 10
260.7928061327396
 20
253.6547606649408
 10
260.6214060964169
 20
253.6547606649408
 10
260.53461810012317
 20
253.6547606649408
 10
260.4478301038295
 20
253.6547606649408
 10
260.3610421075358
 20
253.6547606649408
 10
260.2742541112421
 20
253.6547606649408
 10
260.18746611494845
 20
253.6547606649408
 10
260.10067811865474
 20
253.6547606649408
  0
LINE
  5
E9
330
17
100
AcDbEntity
  8
HIDDEN
100
AcDbLine
 10
286.60067811865474
 20
213.6547606649408
 30
0.0
 11
286.60067811865474
 21
223.6547606649408
 31
0.0
  0
LINE
  5
EA
330
17
100
AcDbEntity
  8
HIDDEN
100
AcDbLine
 10
317.00626970967676
 20
213.6547606649408
 30
0.0
 11
317.00626970967676
 21
223.6547606649408
 31
0.0
  0
LWPOLYLINE
  5
EB
330
17
100
AcDbEntity
  8
HIDDEN
100
AcDbPolyline
 90
42
 70
0
 10
292.60067811865474
 20
253.6547606649408
 10
292.51506611147073
 20
253.6547606649408
 10
292.4294541042867
 20
253.6547606649408
 10
292.3319184491853
 20
253.6547606649408
 10
292.0793753711581
 20
253.6547606649408
 10
291.82683229313085
 20
253.6547606649408
 10
291.55225099990605
 20
253.6547606649408
 10
291.14544041549595
 20
253.6547606649408
 10
290.73862983108586
 20
253.6547606649408
 10
290.30313317703553
 20
253.6547606649408
 10
289.76245426763796
 20
253.6547606649408
 10
289.22177535824034
 20
253.6547606649408
 10
288.65059461261654
 20
253.6547606649408
 10
288.00315927642714
 20
253.6547606649408
 10
287.3557239402378
 20
253.6547606649408
 10
286.681755991341
 20
253.6547606649408
 10
285.9600293395709
 20
253.6547606649408
 10
285.2383026878008
 20
253.6547606649408
 10
284.5002470670623
 20
253.6547606649408
 10
283.7404194876993
 20
253.6547606649408
 10
282.98059190833624
 20
253.6547606649408
 10
282.22076432897325
 20
253.6547606649408
 10
281.4609367496102
 20
253.6547606649408
 10
280.7011091702472
 20
253.6547606649408
 10
279.9630535495087
 20
253.6547606649408
 10
279.2413268977386
 20
253.6547606649408
 10
278.5196002459685
 20
253.6547606649408
 10
277.8456322970717
 20
253.6547606649408
 10
277.19819696088234
 20
253.6547606649408
 10
276.55076162469294
 20
253.6547606649408
 10
275.97958087906915
 20
253.6547606649408
 10
275.4389019696715
 20
253.6547606649408
 10
274.89822306027395
 20
253.6547606649408
 10
274.4627264062236
 20
253.6547606649408
 10
274.0559158218135
 20
253.6547606649408
 10
273.64910523740343
 20
253.6547606649408
 10
273.37452394417863
 20
253.6547606649408
 10
273.1219808661514
 20
253.6547606649408
 10
272.8694377881242
 20
253.6547606649408
 10
272.77190213302276
 20
253.6547606649408
 10
272.68629012583875
 20
253.6547606649408
 10
272.60067811865474
 20
253.6547606649408
  0
LWPOLYLINE
  5
EC
330
17
100
AcDbEntity
  8
HIDDEN
100
AcDbPolyline
 90
42
 70
0
 10
272.60067811865474
 20
253.6547606649408
 10
272.68629012583875
 20
253.6547606649408
 10
272.77190213302276
 20
253.6547606649408
 10
272.8694377881242
 20
253.6547606649408
 10
273.1219808661514
 20
253.6547606649408
 10
273.37452394417863
 20
253.6547606649408
 10
273.64910523740343
 20
253.6547606649408
 10
274.0559158218135
 20
253.6547606649408
 10
274.4627264062236
 20
253.6547606649408
 10
274.89822306027395
 20
253.6547606649408
 10
275.4389019696715
 20
253.6547606649408
 10
275.97958087906915
 20
253.6547606649408
 10
276.55076162469294
 20
253.6547606649408
 10
277.19819696088234
 20
253.6547606649408
 10
277.8456322970717
 20
253.6547606649408
 10
278.5196002459685
 20
253.6547606649408
 10
279.2413268977386
 20
253.6547606649408
 10
279.9630535495087
 20
253.6547606649408
 10
280.70110917024715
 20
253.6547606649408
 10
281.4609367496102
 20
253.6547606649408
 10
282.22076432897325
 20
253.6547606649408
 10
282.98059190833624
 20
253.6547606649408
 10
283.7404194876993
 20
253.6547606649408
 10
284.50024706706233
 20
253.6547606649408
 10
285.2383026878008
 20
253.6547606649408
 10
285.9600293395709
 20
253.6547606649408
 10
286.681755991341
 20
253.6547606649408
 10
287.3557239402378
 20
253.6547606649408
 10
288.00315927642714
 20
253.6547606649408
 10
288.65059461261654
 20
253.6547606649408
 10
289.22177535824034
 20
253.6547606649408
 10
289.76245426763796
 20
253.6547606649408
 10
290.30313317703553
 20
253.6547606649408
 10
290.73862983108586
 20
253.6547606649408
 10
291.14544041549595
 20
253.6547606649408
 10
291.55225099990605
 20
253.6547606649408
 10
291.82683229313085
 20
253.6547606649408
 10
292.0793753711581
 20
253.6547606649408
 10
292.3319184491853
 20
253.6547606649408
 10
292.4294541042867
 20
253.6547606649408
 10
292.51506611147073
 20
253.6547606649408
 10
292.60067811865474
 20
253.6547606649408
  0
LINE
  5
ED
330
17
100
AcDbEntity
  8
HIDDEN
100
AcDbLine
 10
292.60067811865474
 20
213.6547606649408
 30
0.0
 11
292.60067811865474
 21
253.6547606649408
 31
0.0
  0
LINE
  5
EE
330
17
100
AcDbEntity
  8
HIDDEN
100
AcDbLine
 10
248.19508652763474
 20
213.6547606649408
 30
0.0
 11
248.19508652763474
 21
223.6547606649408
 31
0.0
  0
LINE
  5
EF
330
17
100
AcDbEntity
  8
HIDDEN
100
AcDbLine
 10
278.60067811865474
 20
213.6547606649408
 30
0.0
 11
278.60067811865474
 21
223.6547606649408
 31
0.0
  0
LINE
  5
F0
330
17
100
AcDbEntity
  8
HIDDEN
100
AcDbLine
 10
309.00626970967676
 20
213.6547606649408
 30
0.0
 11
309.00626970967676
 21
223.6547606649408
 31
0.0
  0
LINE
  5
F1
330
17
100
AcDbEntity
  8
HIDDEN
100
AcDbLine
 10
321.60067811865474
 20
213.6547606649408
 30
0.0
 11
321.60067811865474
 21
223.6547606649408
 31
0.0
  0
LINE
  5
F2
330
17
100
AcDbEntity
  8
HIDDEN
100
AcDbLine
 10
235.60067811865474
 20
213.6547606649408
 30
0.0
 11
235.60067811865474
 21
223.6547606649408
 31
0.0
  0
LINE
  5
F3
330
17
100
AcDbEntity
  8
HIDDEN
100
AcDbLine
 10
248.19508652763474
 20
213.6547606649408
 30
0.0
 11
248.19508652763474
 21
223.6547606649408
 31
0.0
  0
LINE
  5
F4
330
17
100
AcDbEntity
  8
HIDDEN
100
AcDbLine
 10
278.60067811865474
 20
213.6547606649408
 30
0.0
 11
278.60067811865474
 21
223.6547606649408
 31
0.0
  0
LINE
  5
F5
330
17
100
AcDbEntity
  8
HIDDEN
100
AcDbLine
 10
309.00626970967676
 20
213.6547606649408
 30
0.0
 11
309.00626970967676
 21
223.6547606649408
 31
0.0
  0
LINE
  5
F6
330
17
100
AcDbEntity
  8
HIDDEN
100
AcDbLine
 10
272.60067811865474
 20
213.6547606649408
 30
0.0
 11
272.60067811865474
 21
253.6547606649408
 31
0.0
  0
LWPOLYLINE
  5
F7
330
17
100
AcDbEntity
  8
VISIBLE
100
AcDbPolyline
 90
202
 70
0
 10
232.60067811865474
 20
223.6547606649408
 10
232.68799384737474
 20
223.6547606649408
 10
232.77530957609477
 20
223.6547606649408
 10
232.8626253048148
 20
223.6547606649408
 10
232.9499410335348
 20
223.6547606649408
 10
233.03725676225483
 20
223.6547606649408
 10
233.12457249097486
 20
223.6547606649408
 10
233.21188821969486
 20
223.6547606649408
 10
233.29920394841488
 20
223.6547606649408
 10
233.3865196771349
 20
223.6547606649408
 10
233.4738354058549
 20
223.6547606649408
 10
233.56115113457494
 20
223.6547606649408
 10
233.64846686329494
 20
223.6547606649408
 10
233.73578259201497
 20
223.6547606649408
 10
233.82309832073497
 20
223.6547606649408
 10
234.01986245944283
 20
223.6547606649408
 10
234.27743127036612
 20
223.6547606649408
 10
234.5350000812894
 20
223.6547606649408
 10
234.79256889221273
 20
223.6547606649408
 10
235.05013770313602
 20
223.6547606649408
 10
235.3077065140593
 20
223.6547606649408
 10
235.56527532498262
 20
223.6547606649408
 10
235.8228441359059
 20
223.6547606649408
 10
236.08041294682923
 20
223.6547606649408
 10
236.33798175775252
 20
223.6547606649408
 10
236.59555056867583
 20
223.6547606649408
 10
236.85311937959912
 20
223.6547606649408
 10
237.1106881905224
 20
223.6547606649408
 10
237.36825700144573
 20
223.6547606649408
 10
237.67077938565757
 20
223.6547606649408
 10
238.08568570309075
 20
223.6547606649408
 10
238.50059202052395
 20
223.6547606649408
 10
238.91549833795716
 20
223.6547606649408
 10
239.33040465539034
 20
223.6547606649408
 10
239.74531097282355
 20
223.6547606649408
 10
240.16021729025675
 20
223.6547606649408
 10
240.57512360768993
 20
223.6547606649408
 10
240.99002992512314
 20
223.6547606649408
 10
241.40493624255632
 20
223.6547606649408
 10
241.81984255998952
 20
223.6547606649408
 10
242.2347488774227
 20
223.6547606649408
 10
242.6496551948559
 20
223.6547606649408
 10
243.06456151228912
 20
223.6547606649408
 10
243.4794678297223
 20
223.6547606649408
 10
244.02115420617884
 20
223.6547606649408
 10
244.57259289486794
 20
223.6547606649408
 10
245.124031583557
 20
223.6547606649408
 10
245.67547027224612
 20
223.6547606649408
 10
246.2269089609352
 20
223.6547606649408
 10
246.77834764962427
 20
223.6547606649408
 10
247.32978633831337
 20
223.6547606649408
 10
247.88122502700247
 20
223.6547606649408
 10
248.43266371569155
 20
223.6547606649408
 10
248.98410240438065
 20
223.6547606649408
 10
249.53554109306975
 20
223.6547606649408
 10
250.08697978175883
 20
223.6547606649408
 10
250.6384184704479
 20
223.6547606649408
 10
251.18985715913703
 20
223.6547606649408
 10
251.80351352371042
 20
223.6547606649408
 10
252.46383314519713
 20
223.6547606649408
 10
253.1241527666838
 20
223.6547606649408
 10
253.7844723881705
 20
223.6547606649408
 10
254.44479200965716
 20
223.6547606649408
 10
255.10511163114387
 20
223.6547606649408
 10
255.76543125263052
 20
223.6547606649408
 10
256.42575087411717
 20
223.6547606649408
 10
257.0860704956039
 20
223.6547606649408
 10
257.7463901170906
 20
223.6547606649408
 10
258.40670973857726
 20
223.6547606649408
 10
259.06702936006394
 20
223.6547606649408
 10
259.7273489815506
 20
223.6547606649408
 10
260.3876686030373
 20
223.6547606649408
 10
261.0642245994643
 20
223.6547606649408
 10
261.8003139706726
 20
223.6547606649408
 10
262.53640334188094
 20
223.6547606649408
 10
263.27249271308926
 20
223.6547606649408
 10
264.00858208429753
 20
223.6547606649408
 10
264.7446714555059
 20
223.6547606649408
 10
265.4807608267142
 20
223.6547606649408
 10
266.2168501979225
 20
223.6547606649408
 10
266.9529395691308
 20
223.6547606649408
 10
267.68902894033914
 20
223.6547606649408
 10
268.4251183115474
 20
223.6547606649408
 10
269.1612076827558
 20
223.6547606649408
 10
269.89729705396405
 20
223.6547606649408
 10
270.6333864251724
 20
223.6547606649408
 10
271.3694757963807
 20
223.6547606649408
 10
272.13887301473846
 20
223.6547606649408
 10
272.9138215409545
 20
223.6547606649408
 10
273.68877006717054
 20
223.6547606649408
 10
274.46371859338655
 20
223.6547606649408
 10
275.23866711960255
 20
223.6547606649408
 10
276.01361564581856
 20
223.6547606649408
 10
276.78856417203457
 20
223.6547606649408
 10
277.56351269825063
 20
223.6547606649408
 10
278.33846122446664
 20
223.6547606649408
 10
279.11340975068265
 20
223.6547606649408
 10
279.88835827689866
 20
223.6547606649408
 10
280.66330680311466
 20
223.6547606649408
 10
281.43825532933073
 20
223.6547606649408
 10
282.21320385554674
 20
223.6547606649408
 10
282.98815238176275
 20
223.6547606649408
 10
283.76310090797875
 20
223.6547606649408
 10
284.5380494341948
 20
223.6547606649408
 10
285.3129979604108
 20
223.6547606649408
 10
286.08794648662683
 20
223.6547606649408
 10
286.86289501284284
 20
223.6547606649408
 10
287.6378435390589
 20
223.6547606649408
 10
288.4127920652749
 20
223.6547606649408
 10
289.18774059149086
 20
223.6547606649408
 10
289.96268911770693
 20
223.6547606649408
 10
290.73763764392294
 20
223.6547606649408
 10
291.512586170139
 20
223.6547606649408
 10
292.28753469635495
 20
223.6547606649408
 10
293.062483222571
 20
223.6547606649408
 10
293.8318804409288
 20
223.6547606649408
 10
294.56796981213705
 20
223.6547606649408
 10
295.30405918334543
 20
223.6547606649408
 10
296.04014855455375
 20
223.6547606649408
 10
296.776237925762
 20
223.6547606649408
 10
297.51232729697034
 20
223.6547606649408
 10
298.24841666817866
 20
223.6547606649408
 10
298.98450603938693
 20
223.6547606649408
 10
299.7205954105953
 20
223.6547606649408
 10
300.4566847818036
 20
223.6547606649408
 10
301.1927741530119
 20
223.6547606649408
 10
301.9288635242202
 20
223.6547606649408
 10
302.6649528954285
 20
223.6547606649408
 10
303.40104226663686
 20
223.6547606649408
 10
304.1371316378452
 20
223.6547606649408
 10
304.8136876342721
 20
223.6547606649408
 10
305.47400725575886
 20
223.6547606649408
 10
306.13432687724554
 20
223.6547606649408
 10
306.7946464987322
 20
223.6547606649408
 10
307.45496612021884
 20
223.6547606649408
 10
308.1152857417056
 20
223.6547606649408
 10
308.77560536319226
 20
223.6547606649408
 10
309.43592498467893
 20
223.6547606649408
 10
310.0962446061656
 20
223.6547606649408
 10
310.7565642276523
 20
223.6547606649408
 10
311.416883849139
 20
223.6547606649408
 10
312.07720347062565
 20
223.6547606649408
 10
312.7375230921123
 20
223.6547606649408
 10
313.39784271359906
 20
223.6547606649408
 10
314.01149907817245
 20
223.6547606649408
 10
314.5629377668615
 20
223.6547606649408
 10
315.11437645555066
 20
223.6547606649408
 10
315.66581514423973
 20
223.6547606649408
 10
316.2172538329288
 20
223.6547606649408
 10
316.7686925216179
 20
223.6547606649408
 10
317.320131210307
 20
223.6547606649408
 10
317.8715698989961
 20
223.6547606649408
 10
318.42300858768516
 20
223.6547606649408
 10
318.97444727637424
 20
223.6547606649408
 10
319.52588596506337
 20
223.6547606649408
 10
320.07732465375244
 20
223.6547606649408
 10
320.6287633424415
 20
223.6547606649408
 10
321.18020203113065
 20
223.6547606649408
 10
321.7218884075872
 20
223.6547606649408
 10
322.13679472502037
 20
223.6547606649408
 10
322.55170104245354
 20
223.6547606649408
 10
322.9666073598868
 20
223.6547606649408
 10
323.38151367731996
 20
223.6547606649408
 10
323.79641999475314
 20
223.6547606649408
 10
324.2113263121863
 20
223.6547606649408
 10
324.62623262961955
 20
223.6547606649408
 10
325.0411389470528
 20
223.6547606649408
 10
325.45604526448597
 20
223.6547606649408
 10
325.87095158191914
 20
223.6547606649408
 10
326.2858578993523
 20
223.6547606649408
 10
326.7007642167855
 20
223.6547606649408
 10
327.11567053421874
 20
223.6547606649408
 10
327.5305768516519
 20
223.6547606649408
 10
327.83309923586376
 20
223.6547606649408
 10
328.0906680467871
 20
223.6547606649408
 10
328.3482368577104
 20
223.6547606649408
 10
328.60580566863365
 20
223.6547606649408
 10
328.86337447955697
 20
223.6547606649408
 10
329.1209432904803
 20
223.6547606649408
 10
329.37851210140354
 20
223.6547606649408
 10
329.63608091232686
 20
223.6547606649408
 10
329.8936497232502
 20
223.6547606649408
 10
330.15121853417344
 20
223.6547606649408
 10
330.40878734509675
 20
223.6547606649408
 10
330.6663561560201
 20
223.6547606649408
 10
330.92392496694333
 20
223.6547606649408
 10
331.18149377786665
 20
223.6547606649408
 10
331.3782579165745
 20
223.6547606649408
 10
331.4655736452945
 20
223.6547606649408
 10
331.5528893740145
 20
223.6547606649408
 10
331.64020510273457
 20
223.6547606649408
 10
331.72752083145457
 20
223.6547606649408
 10
331.81483656017457
 20
223.6547606649408
 10
331.9021522888946
 20
223.6547606649408
 10
331.9894680176146
 20
223.6547606649408
 10
332.0767837463346
 20
223.6547606649408
 10
332.1640994750546
 20
223.6547606649408
 10
332.2514152037747
 20
223.6547606649408
 10
332.3387309324947
 20
223.6547606649408
 10
332.42604666121474
 20
223.6547606649408
 10
332.51336238993474
 20
223.6547606649408
 10
332.60067811865474
 20
223.6547606649408
  0
LINE
  5
F8
330
17
100
AcDbEntity
  8
VISIBLE
100
AcDbLine
 10
332.60067811865474
 20
213.6547606649408
 30
0.0
 11
332.60067811865474
 21
223.6547606649408
 31
0.0
  0
LWPOLYLINE
  5
F9
330
17
100
AcDbEntity
  8
VISIBLE
100
AcDbPolyline
 90
202
 70
0
 10
232.60067811865474
 20
213.6547606649408
 10
232.68799384737474
 20
213.6547606649408
 10
232.77530957609477
 20
213.6547606649408
 10
232.8626253048148
 20
213.6547606649408
 10
232.9499410335348
 20
213.6547606649408
 10
233.03725676225483
 20
213.6547606649408
 10
233.12457249097486
 20
213.6547606649408
 10
233.21188821969486
 20
213.6547606649408
 10
233.29920394841488
 20
213.6547606649408
 10
233.3865196771349
 20
213.6547606649408
 10
233.4738354058549
 20
213.6547606649408
 10
233.56115113457494
 20
213.6547606649408
 10
233.64846686329494
 20
213.6547606649408
 10
233.73578259201497
 20
213.6547606649408
 10
233.82309832073497
 20
213.6547606649408
 10
234.01986245944283
 20
213.6547606649408
 10
234.27743127036612
 20
213.6547606649408
 10
234.5350000812894
 20
213.6547606649408
 10
234.79256889221273
 20
213.6547606649408
 10
235.05013770313602
 20
213.6547606649408
 10
235.3077065140593
 20
213.6547606649408
 10
235.56527532498262
 20
213.6547606649408
 10
235.8228441359059
 20
213.6547606649408
 10
236.08041294682923
 20
213.6547606649408
 10
236.33798175775252
 20
213.6547606649408
 10
236.59555056867583
 20
213.6547606649408
 10
236.85311937959912
 20
213.6547606649408
 10
237.1106881905224
 20
213.6547606649408
 10
237.36825700144573
 20
213.6547606649408
 10
237.67077938565757
 20
213.6547606649408
 10
238.08568570309075
 20
213.6547606649408
 10
238.50059202052395
 20
213.6547606649408
 10
238.91549833795716
 20
213.6547606649408
 10
239.33040465539034
 20
213.6547606649408
 10
239.74531097282355
 20
213.6547606649408
 10
240.16021729025675
 20
213.6547606649408
 10
240.57512360768993
 20
213.6547606649408
 10
240.99002992512314
 20
213.6547606649408
 10
241.40493624255632
 20
213.6547606649408
 10
241.81984255998952
 20
213.6547606649408
 10
242.2347488774227
 20
213.6547606649408
 10
242.6496551948559
 20
213.6547606649408
 10
243.06456151228912
 20
213.6547606649408
 10
243.4794678297223
 20
213.6547606649408
 10
244.02115420617884
 20
213.6547606649408
 10
244.57259289486794
 20
213.6547606649408
 10
245.124031583557
 20
213.6547606649408
 10
245.67547027224612
 20
213.6547606649408
 10
246.2269089609352
 20
213.6547606649408
 10
246.77834764962427
 20
213.6547606649408
 10
247.32978633831337
 20
213.6547606649408
 10
247.88122502700247
 20
213.6547606649408
 10
248.43266371569155
 20
213.6547606649408
 10
248.98410240438065
 20
213.6547606649408
 10
249.53554109306975
 20
213.6547606649408
 10
250.08697978175883
 20
213.6547606649408
 10
250.6384184704479
 20
213.6547606649408
 10
251.18985715913703
 20
213.6547606649408
 10
251.80351352371042
 20
213.6547606649408
 10
252.46383314519713
 20
213.6547606649408
 10
253.1241527666838
 20
213.6547606649408
 10
253.7844723881705
 20
213.6547606649408
 10
254.44479200965716
 20
213.6547606649408
 10
255.10511163114387
 20
213.6547606649408
 10
255.76543125263052
 20
213.6547606649408
 10
256.42575087411717
 20
213.6547606649408
 10
257.0860704956039
 20
213.6547606649408
 10
257.7463901170906
 20
213.6547606649408
 10
258.40670973857726
 20
213.6547606649408
 10
259.06702936006394
 20
213.6547606649408
 10
259.7273489815506
 20
213.6547606649408
 10
260.3876686030373
 20
213.6547606649408
 10
261.0642245994643
 20
213.6547606649408
 10
261.8003139706726
 20
213.6547606649408
 10
262.53640334188094
 20
213.6547606649408
 10
263.27249271308926
 20
213.6547606649408
 10
264.00858208429753
 20
213.6547606649408
 10
264.7446714555059
 20
213.6547606649408
 10
265.4807608267142
 20
213.6547606649408
 10
266.2168501979225
 20
213.6547606649408
 10
266.9529395691308
 20
213.6547606649408
 10
267.68902894033914
 20
213.6547606649408
 10
268.4251183115474
 20
213.6547606649408
 10
269.1612076827558
 20
213.6547606649408
 10
269.89729705396405
 20
213.6547606649408
 10
270.6333864251724
 20
213.6547606649408
 10
271.3694757963807
 20
213.6547606649408
 10
272.13887301473846
 20
213.6547606649408
 10
272.9138215409545
 20
213.6547606649408
 10
273.68877006717054
 20
213.6547606649408
 10
274.46371859338655
 20
213.6547606649408
 10
275.23866711960255
 20
213.6547606649408
 10
276.01361564581856
 20
213.6547606649408
 10
276.78856417203457
 20
213.6547606649408
 10
277.56351269825063
 20
213.6547606649408
 10
278.33846122446664
 20
213.6547606649408
 10
279.11340975068265
 20
213.6547606649408
 10
279.88835827689866
 20
213.6547606649408
 10
280.66330680311466
 20
213.6547606649408
 10
281.43825532933073
 20
213.6547606649408
 10
282.21320385554674
 20
213.6547606649408
 10
282.98815238176275
 20
213.6547606649408
 10
283.76310090797875
 20
213.6547606649408
 10
284.5380494341948
 20
213.6547606649408
 10
285.3129979604108
 20
213.6547606649408
 10
286.08794648662683
 20
213.6547606649408
 10
286.86289501284284
 20
213.6547606649408
 10
287.6378435390589
 20
213.6547606649408
 10
288.4127920652749
 20
213.6547606649408
 10
289.18774059149086
 20
213.6547606649408
 10
289.96268911770693
 20
213.6547606649408
 10
290.73763764392294
 20
213.6547606649408
 10
291.512586170139
 20
213.6547606649408
 10
292.28753469635495
 20
213.6547606649408
 10
293.062483222571
 20
213.6547606649408
 10
293.8318804409288
 20
213.6547606649408
 10
294.56796981213705
 20
213.6547606649408
 10
295.30405918334543
 20
213.6547606649408
 10
296.04014855455375
 20
213.6547606649408
 10
296.776237925762
 20
213.6547606649408
 10
297.51232729697034
 20
213.6547606649408
 10
298.24841666817866
 20
213.6547606649408
 10
298.98450603938693
 20
213.6547606649408
 10
299.7205954105953
 20
213.6547606649408
 10
300.4566847818036
 20
213.6547606649408
 10
301.1927741530119
 20
213.6547606649408
 10
301.9288635242202
 20
213.6547606649408
 10
302.6649528954285
 20
213.6547606649408
 10
303.40104226663686
 20
213.6547606649408
 10
304.1371316378452
 20
213.6547606649408
 10
304.8136876342721
 20
213.6547606649408
 10
305.47400725575886
 20
213.6547606649408
 10
306.13432687724554
 20
213.6547606649408
 10
306.7946464987322
 20
213.6547606649408
 10
307.45496612021884
 20
213.6547606649408
 10
308.1152857417056
 20
213.6547606649408
 10
308.77560536319226
 20
213.6547606649408
 10
309.43592498467893
 20
213.6547606649408
 10
310.0962446061656
 20
213.6547606649408
 10
310.7565642276523
 20
213.6547606649408
 10
311.416883849139
 20
213.6547606649408
 10
312.07720347062565
 20
213.6547606649408
 10
312.7375230921123
 20
213.6547606649408
 10
313.39784271359906
 20
213.6547606649408
 10
314.01149907817245
 20
213.6547606649408
 10
314.5629377668615
 20
213.6547606649408
 10
315.11437645555066
 20
213.6547606649408
 10
315.66581514423973
 20
213.6547606649408
 10
316.2172538329288
 20
213.6547606649408
 10
316.7686925216179
 20
213.6547606649408
 10
317.320131210307
 20
213.6547606649408
 10
317.8715698989961
 20
213.6547606649408
 10
318.42300858768516
 20
213.6547606649408
 10
318.97444727637424
 20
213.6547606649408
 10
319.52588596506337
 20
213.6547606649408
 10
320.07732465375244
 20
213.6547606649408
 10
320.6287633424415
 20
213.6547606649408
 10
321.18020203113065
 20
213.6547606649408
 10
321.7218884075872
 20
213.6547606649408
 10
322.13679472502037
 20
213.6547606649408
 10
322.55170104245354
 20
213.6547606649408
 10
322.9666073598868
 20
213.6547606649408
 10
323.38151367731996
 20
213.6547606649408
 10
323.79641999475314
 20
213.6547606649408
 10
324.2113263121863
 20
213.6547606649408
 10
324.62623262961955
 20
213.6547606649408
 10
325.0411389470528
 20
213.6547606649408
 10
325.45604526448597
 20
213.6547606649408
 10
325.87095158191914
 20
213.6547606649408
 10
326.2858578993523
 20
213.6547606649408
 10
326.7007642167855
 20
213.6547606649408
 10
327.11567053421874
 20
213.6547606649408
 10
327.5305768516519
 20
213.6547606649408
 10
327.83309923586376
 20
213.6547606649408
 10
328.0906680467871
 20
213.6547606649408
 10
328.3482368577104
 20
213.6547606649408
 10
328.60580566863365
 20
213.6547606649408
 10
328.86337447955697
 20
213.6547606649408
 10
329.1209432904803
 20
213.6547606649408
 10
329.37851210140354
 20
213.6547606649408
 10
329.63608091232686
 20
213.6547606649408
 10
329.8936497232502
 20
213.6547606649408
 10
330.15121853417344
 20
213.6547606649408
 10
330.40878734509675
 20
213.6547606649408
 10
330.6663561560201
 20
213.6547606649408
 10
330.92392496694333
 20
213.6547606649408
 10
331.18149377786665
 20
213.6547606649408
 10
331.3782579165745
 20
213.6547606649408
 10
331.4655736452945
 20
213.6547606649408
 10
331.5528893740145
 20
213.6547606649408
 10
331.64020510273457
 20
213.6547606649408
 10
331.72752083145457
 20
213.6547606649408
 10
331.81483656017457
 20
213.6547606649408
 10
331.9021522888946
 20
213.6547606649408
 10
331.9894680176146
 20
213.6547606649408
 10
332.0767837463346
 20
213.6547606649408
 10
332.1640994750546
 20
213.6547606649408
 10
332.2514152037747
 20
213.6547606649408
 10
332.3387309324947
 20
213.6547606649408
 10
332.42604666121474
 20
213.6547606649408
 10
332.51336238993474
 20
213.6547606649408
 10
332.60067811865474
 20
213.6547606649408
  0
LWPOLYLINE
  5
FA
330
17
100
AcDbEntity
  8
VISIBLE
100
AcDbPolyline
 90
92
 70
0
 10
260.10067811865474
 20
253.6547606649408
 10
260.18746611494845
 20
253.6547606649408
 10
260.2742541112421
 20
253.6547606649408
 10
260.3610421075358
 20
253.6547606649408
 10
260.4478301038295
 20
253.6547606649408
 10
260.53461810012317
 20
253.6547606649408
 10
260.6214060964169
 20
253.6547606649408
 10
260.7928061327396
 20
253.6547606649408
 10
261.0488182090914
 20
253.6547606649408
 10
261.3048302854432
 20
253.6547606649408
 10
261.560842361795
 20
253.6547606649408
 10
261.8168544381467
 20
253.6547606649408
 10
262.0728665144985
 20
253.6547606649408
 10
262.3288785908503
 20
253.6547606649408
 10
262.7412772327386
 20
253.6547606649408
 10
263.15367587462686
 20
253.6547606649408
 10
263.56607451651513
 20
253.6547606649408
 10
263.9784731584034
 20
253.6547606649408
 10
264.3908718002917
 20
253.6547606649408
 10
264.80327044217995
 20
253.6547606649408
 10
265.2835226718709
 20
253.6547606649408
 10
265.8316284893647
 20
253.6547606649408
 10
266.3797343068584
 20
253.6547606649408
 10
266.9278401243521
 20
253.6547606649408
 10
267.4759459418458
 20
253.6547606649408
 10
268.0240517593395
 20
253.6547606649408
 10
268.5721575768332
 20
253.6547606649408
 10
269.2284862555527
 20
253.6547606649408
 10
269.88481493427213
 20
253.6547606649408
 10
270.5411436129916
 20
253.6547606649408
 10
271.19747229171105
 20
253.6547606649408
 10
271.8538009704305
 20
253.6547606649408
 10
272.51012964915
 20
253.6547606649408
 10
273.20411422821184
 20
253.6547606649408
 10
273.9357547076161
 20
253.6547606649408
 10
274.6673951870204
 20
253.6547606649408
 10
275.3990356664247
 20
253.6547606649408
 10
276.13067614582906
 20
253.6547606649408
 10
276.86231662523335
 20
253.6547606649408
 10
277.59395710463764
 20
253.6547606649408
 10
278.3642218760249
 20
253.6547606649408
 10
279.13448664741213
 20
253.6547606649408
 10
279.9047514187994
 20
253.6547606649408
 10
280.6750161901866
 20
253.6547606649408
 10
281.44528096157387
 20
253.6547606649408
 10
282.2155457329611
 20
253.6547606649408
 10
282.98581050434836
 20
253.6547606649408
 10
283.7560752757356
 20
253.6547606649408
 10
284.52634004712286
 20
253.6547606649408
 10
285.29660481851005
 20
253.6547606649408
 10
286.06686958989735
 20
253.6547606649408
 10
286.8371343612846
 20
253.6547606649408
 10
287.6073991326718
 20
253.6547606649408
 10
288.33903961207614
 20
253.6547606649408
 10
289.0706800914804
 20
253.6547606649408
 10
289.8023205708847
 20
253.6547606649408
 10
290.533961050289
 20
253.6547606649408
 10
291.26560152969336
 20
253.6547606649408
 10
291.99724200909765
 20
253.6547606649408
 10
292.6912265881595
 20
253.6547606649408
 10
293.347555266879
 20
253.6547606649408
 10
294.00388394559843
 20
253.6547606649408
 10
294.66021262431786
 20
253.6547606649408
 10
295.31654130303735
 20
253.6547606649408
 10
295.9728699817568
 20
253.6547606649408
 10
296.6291986604762
 20
253.6547606649408
 10
297.1773044779699
 20
253.6547606649408
 10
297.7254102954637
 20
253.6547606649408
 10
298.2735161129574
 20
253.6547606649408
 10
298.8216219304511
 20
253.6547606649408
 10
299.3697277479448
 20
253.6547606649408
 10
299.91783356543857
 20
253.6547606649408
 10
300.39808579512953
 20
253.6547606649408
 10
300.8104844370178
 20
253.6547606649408
 10
301.2228830789061
 20
253.6547606649408
 10
301.63528172079435
 20
253.6547606649408
 10
302.0476803626826
 20
253.6547606649408
 10
302.4600790045709
 20
253.6547606649408
 10
302.8724776464592
 20
253.6547606649408
 10
303.12848972281097
 20
253.6547606649408
 10
303.38450179916276
 20
253.6547606649408
 10
303.64051387551456
 20
253.6547606649408
 10
303.8965259518663
 20
253.6547606649408
 10
304.1525380282181
 20
253.6547606649408
 10
304.4085501045699
 20
253.6547606649408
 10
304.5799501408926
 20
253.6547606649408
 10
304.6667381371863
 20
253.6547606649408
 10
304.75352613347997
 20
253.6547606649408
 10
304.8403141297737
 20
253.6547606649408
 10
304.9271021260674
 20
253.6547606649408
 10
305.01389012236103
 20
253.6547606649408
 10
305.10067811865474
 20
253.6547606649408
  0
LINE
  5
FB
330
17
100
AcDbEntity
  8
VISIBLE
100
AcDbLine
 10
305.10067811865474
 20
223.6547606649408
 30
0.0
 11
305.10067811865474
 21
253.6547606649408
 31
0.0
  0
LINE
  5
FC
330
17
100
AcDbEntity
  8
VISIBLE
100
AcDbLine
 10
232.60067811865474
 20
213.6547606649408
 30
0.0
 11
232.60067811865474
 21
223.6547606649408
 31
0.0
  0
LINE
  5
FD
330
17
100
AcDbEntity
  8
VISIBLE
100
AcDbLine
 10
260.10067811865474
 20
223.6547606649408
 30
0.0
 11
260.10067811865474
 21
253.6547606649408
 31
0.0
  0
LWPOLYLINE
  5
FE
330
17
100
AcDbEntity
  8
HIDDEN
100
AcDbPolyline
 90
257
 70
0
 10
332.60067811865474
 20
126.99999999999997
 10
332.58561905346494
 20
128.22706142614558
 10
332.54045092891334
 20
129.45338371637087
 10
332.46520095258927
 20
130.67822817998334
 10
332.3599144522646
 20
131.900857016478
 10
332.22465484859026
 20
133.12053375996078
 10
332.0595036168938
 20
134.33652372276805
 10
331.86456023810183
 20
135.54809443801503
 10
331.63994213881625
 20
136.75451610080637
 10
331.38578462058115
 20
137.95506200784345
 10
331.10224077838194
 20
139.14900899516317
 10
330.78948140842675
 20
140.3356378737449
 10
330.44769490526517
 20
141.51423386272307
 10
330.0770871483066
 20
142.68408701994454
 10
329.67788137780576
 20
143.844492669611
 10
329.2503180603917
 20
144.99475182674936
 10
328.7946547442191
 20
146.13417161825447
 10
328.3111659038313
 20
147.26206570024948
 10
327.8001427748269
 20
148.37775467151408
 10
327.2618931784305
 20
149.4805664827303
 10
326.6967413360725
 20
150.56983684129986
 10
326.1050276740903
 20
151.64490961148917
 10
325.48710861866834
 20
152.70513720966105
 10
324.8433563811401
 20
153.74988099435484
 10
324.174158733782
 20
154.77851165098008
 10
323.47991877623394
 20
155.79040957089222
 10
322.76105469268697
 20
156.78496522462163
 10
322.0179994999851
 20
157.7615795290313
 10
321.25120078679157
 20
158.71966420818225
 10
320.461120443979
 20
159.6586421476888
 10
319.6482343864027
 20
160.5779477423509
 10
318.8130322662281
 20
161.4770272368533
 10
317.9560171779821
 20
162.35533905932735
 10
317.0777053555081
 20
163.2123541475733
 10
316.1786258610057
 20
164.04755626774792
 10
315.2593202663436
 20
164.8604423253242
 10
314.320342326837
 20
165.65052266813683
 10
313.3622576476861
 20
166.41732138133028
 10
312.3856433432764
 20
167.16037657403223
 10
311.391087689547
 20
167.87924065757915
 10
310.3791897696349
 20
168.57348061512724
 10
309.3505591130096
 20
169.24267826248533
 10
308.3058153283158
 20
169.88643050001357
 10
307.24558773014394
 20
170.50434955543554
 10
306.17051495995463
 20
171.09606321741774
 10
305.0812446013851
 20
171.66121505977574
 10
303.9784327901689
 20
172.19946465617215
 10
302.8627438189042
 20
172.7104877851765
 10
301.7348497369092
 20
173.19397662556432
 10
300.59542994540413
 20
173.64963994173692
 10
299.4451707882657
 20
174.07720325915102
 10
298.2847651385993
 20
174.4764090296518
 10
297.1149119813779
 20
174.84701678661042
 10
295.93631599239967
 20
175.18880328977195
 10
294.7496871138179
 20
175.50156265972717
 10
293.5557401264982
 20
175.7851065019264
 10
292.35519421946117
 20
176.0392640201615
 10
291.1487725566698
 20
176.26388211944703
 10
289.93720184142285
 20
176.45882549823904
 10
288.7212118786156
 20
176.62397672993546
 10
287.50153513513277
 20
176.7592363336098
 10
286.2789062986381
 20
176.86452283393447
 10
285.05406183502566
 20
176.9397728102586
 10
283.82773954480035
 20
176.9849409348102
 10
282.60067811865474
 20
176.99999999999997
 10
281.37361669250913
 20
176.9849409348102
 10
280.1472944022838
 20
176.9397728102586
 10
278.9224499386714
 20
176.86452283393447
 10
277.6998211021767
 20
176.7592363336098
 10
276.4801443586939
 20
176.62397672993546
 10
275.26415439588664
 20
176.45882549823904
 10
274.05258368063966
 20
176.26388211944703
 10
272.8461620178483
 20
176.0392640201615
 10
271.64561611081126
 20
175.7851065019264
 10
270.45166912349157
 20
175.50156265972717
 10
269.2650402449098
 20
175.18880328977195
 10
268.0864442559316
 20
174.84701678661042
 10
266.91659109871017
 20
174.4764090296518
 10
265.75618544904376
 20
174.07720325915102
 10
264.60592629190535
 20
173.64963994173692
 10
263.46650650040027
 20
173.19397662556432
 10
262.33861241840526
 20
172.7104877851765
 10
261.22292344714066
 20
172.19946465617215
 10
260.1201116359244
 20
171.66121505977574
 10
259.03084127735485
 20
171.09606321741774
 10
257.95576850716554
 20
170.50434955543554
 10
256.89554090899367
 20
169.88643050001357
 10
255.8507971242999
 20
169.24267826248533
 10
254.82216646767463
 20
168.57348061512724
 10
253.81026854776246
 20
167.87924065757915
 10
252.81571289403308
 20
167.16037657403223
 10
251.8390985896234
 20
166.41732138133028
 10
250.88101391047246
 20
165.65052266813683
 10
249.94203597096592
 20
164.86044232532421
 10
249.02273037630383
 20
164.04755626774792
 10
248.12365088180138
 20
163.2123541475733
 10
247.24533905932736
 20
162.35533905932735
 10
246.3883239710814
 20
161.47702723685333
 10
245.5531218509068
 20
160.5779477423509
 10
244.7402357933305
 20
159.6586421476888
 10
243.95015545051788
 20
158.71966420818225
 10
243.18335673732443
 20
157.7615795290313
 10
242.4403015446225
 20
156.78496522462166
 10
241.72143746107557
 20
155.79040957089225
 10
241.02719750352747
 20
154.77851165098008
 10
240.35799985616939
 20
153.74988099435484
 10
239.71424761864114
 20
152.70513720966107
 10
239.09632856321917
 20
151.64490961148917
 10
238.504614901237
 20
150.56983684129986
 10
237.93946305887897
 20
149.48056648273032
 10
237.4012134624826
 20
148.37775467151408
 10
236.89019033347822
 20
147.26206570024948
 10
236.4067014930904
 20
146.13417161825447
 10
235.9510381769178
 20
144.9947518267494
 10
235.52347485950372
 20
143.844492669611
 10
235.1242690890029
 20
142.68408701994454
 10
234.75366133204432
 20
141.5142338627231
 10
234.41187482888276
 20
140.3356378737449
 10
234.09911545892754
 20
139.14900899516317
 10
233.81557161672833
 20
137.95506200784348
 10
233.56141409849323
 20
136.7545161008064
 10
233.33679599920768
 20
135.54809443801503
 10
233.1418526204157
 20
134.33652372276805
 10
232.97670138871925
 20
133.12053375996078
 10
232.8414417850449
 20
131.900857016478
 10
232.73615528472024
 20
130.67822817998336
 10
232.66090530839614
 20
129.45338371637087
 10
232.61573718384454
 20
128.22706142614558
 10
232.60067811865474
 20
126.99999999999997
 10
232.61573718384454
 20
125.77293857385436
 10
232.66090530839614
 20
124.54661628362909
 10
232.73615528472024
 20
123.3217718200166
 10
232.84144178504488
 20
122.09914298352194
 10
232.97670138871925
 20
120.87946624003916
 10
233.1418526204157
 20
119.6634762772319
 10
233.33679599920768
 20
118.45190556198492
 10
233.56141409849323
 20
117.24548389919356
 10
233.8155716167283
 20
116.04493799215648
 10
234.09911545892754
 20
114.85099100483679
 10
234.41187482888273
 20
113.66436212625506
 10
234.7536613320443
 20
112.48576613727687
 10
235.1242690890029
 20
111.31591298005542
 10
235.5234748595037
 20
110.15550733038897
 10
235.9510381769178
 20
109.00524817325056
 10
236.4067014930904
 20
107.86582838174549
 10
236.89019033347822
 20
106.73793429975049
 10
237.40121346248256
 20
105.62224532848589
 10
237.93946305887897
 20
104.51943351726965
 10
238.504614901237
 20
103.43016315870008
 10
239.09632856321917
 20
102.35509038851077
 10
239.71424761864114
 20
101.2948627903389
 10
240.35799985616939
 20
100.25011900564513
 10
241.02719750352747
 20
99.22148834901988
 10
241.72143746107554
 20
98.2095904291077
 10
242.44030154462249
 20
97.21503477537831
 10
243.18335673732443
 20
96.23842047096863
 10
243.95015545051788
 20
95.2803357918177
 10
244.7402357933305
 20
94.34135785231115
 10
245.5531218509068
 20
93.42205225764906
 10
246.38832397108138
 20
92.52297276314664
 10
247.24533905932736
 20
91.6446609406726
 10
248.12365088180138
 20
90.78764585242664
 10
249.0227303763038
 20
89.95244373225202
 10
249.9420359709659
 20
89.13955767467576
 10
250.88101391047243
 20
88.34947733186314
 10
251.83909858962338
 20
87.58267861866968
 10
252.81571289403308
 20
86.83962342596772
 10
253.8102685477625
 20
86.12075934242078
 10
254.82216646767463
 20
85.4265193848727
 10
255.85079712429987
 20
84.75732173751462
 10
256.89554090899367
 20
84.11356949998637
 10
257.95576850716554
 20
83.4956504445644
 10
259.03084127735485
 20
82.90393678258222
 10
260.1201116359244
 20
82.3387849402242
 10
261.2229234471406
 20
81.80053534382782
 10
262.3386124184052
 20
81.28951221482345
 10
263.4665065004002
 20
80.80602337443565
 10
264.60592629190535
 20
80.35036005826302
 10
265.75618544904376
 20
79.92279674084892
 10
266.91659109871017
 20
79.52359097034814
 10
268.0864442559316
 20
79.15298321338953
 10
269.2650402449098
 20
78.81119671022799
 10
270.4516691234915
 20
78.49843734027277
 10
271.64561611081126
 20
78.21489349807355
 10
272.8461620178483
 20
77.96073597983846
 10
274.05258368063966
 20
77.73611788055291
 10
275.26415439588664
 20
77.54117450176093
 10
276.48014435869396
 20
77.37602327006447
 10
277.6998211021767
 20
77.24076366639012
 10
278.9224499386714
 20
77.13547716606547
 10
280.1472944022838
 20
77.06022718974135
 10
281.37361669250913
 20
77.01505906518976
 10
282.60067811865474
 20
76.99999999999997
 10
283.82773954480035
 20
77.01505906518976
 10
285.0540618350256
 20
77.06022718974135
 10
286.2789062986381
 20
77.13547716606547
 10
287.50153513513277
 20
77.24076366639012
 10
288.7212118786155
 20
77.37602327006447
 10
289.93720184142285
 20
77.54117450176093
 10
291.1487725566698
 20
77.73611788055291
 10
292.35519421946117
 20
77.96073597983845
 10
293.5557401264982
 20
78.21489349807354
 10
294.7496871138179
 20
78.49843734027277
 10
295.93631599239967
 20
78.81119671022797
 10
297.1149119813779
 20
79.15298321338952
 10
298.2847651385993
 20
79.52359097034812
 10
299.4451707882657
 20
79.92279674084892
 10
300.59542994540413
 20
80.35036005826302
 10
301.73484973690927
 20
80.80602337443564
 10
302.8627438189042
 20
81.28951221482345
 10
303.9784327901688
 20
81.8005353438278
 10
305.0812446013851
 20
82.3387849402242
 10
306.17051495995463
 20
82.90393678258222
 10
307.24558773014394
 20
83.4956504445644
 10
308.3058153283158
 20
84.11356949998637
 10
309.3505591130096
 20
84.75732173751462
 10
310.3791897696348
 20
85.4265193848727
 10
311.39108768954696
 20
86.12075934242077
 10
312.3856433432764
 20
86.83962342596772
 10
313.3622576476861
 20
87.58267861866966
 10
314.320342326837
 20
88.34947733186313
 10
315.2593202663436
 20
89.13955767467574
 10
316.1786258610057
 20
89.95244373225202
 10
317.0777053555081
 20
90.78764585242662
 10
317.9560171779821
 20
91.6446609406726
 10
318.8130322662281
 20
92.52297276314661
 10
319.6482343864027
 20
93.42205225764903
 10
320.461120443979
 20
94.34135785231112
 10
321.25120078679157
 20
95.28033579181768
 10
322.017999499985
 20
96.2384204709686
 10
322.761054692687
 20
97.21503477537831
 10
323.47991877623394
 20
98.2095904291077
 10
324.174158733782
 20
99.22148834901986
 10
324.8433563811401
 20
100.2501190056451
 10
325.48710861866834
 20
101.29486279033888
 10
326.1050276740903
 20
102.35509038851076
 10
326.6967413360725
 20
103.43016315870008
 10
327.2618931784305
 20
104.51943351726962
 10
327.8001427748269
 20
105.62224532848585
 10
328.31116590383124
 20
106.73793429975045
 10
328.7946547442191
 20
107.86582838174544
 10
329.2503180603917
 20
109.00524817325058
 10
329.67788137780576
 20
110.15550733038897
 10
330.0770871483066
 20
111.3159129800554
 10
330.44769490526517
 20
112.48576613727684
 10
330.78948140842675
 20
113.66436212625504
 10
331.10224077838194
 20
114.85099100483676
 10
331.38578462058115
 20
116.04493799215646
 10
331.63994213881625
 20
117.24548389919353
 10
331.8645602381018
 20
118.45190556198489
 10
332.0595036168938
 20
119.66347627723185
 10
332.22465484859026
 20
120.87946624003916
 10
332.3599144522646
 20
122.09914298352194
 10
332.46520095258927
 20
123.32177182001661
 10
332.54045092891334
 20
124.54661628362906
 10
332.58561905346494
 20
125.77293857385435
 10
332.60067811865474
 20
126.99999999999996
  0
LWPOLYLINE
  5
FF
330
17
100
AcDbEntity
  8
HIDDEN
100
AcDbPolyline
 90
257
 70
0
 10
305.10067811865474
 20
126.99999999999997
 10
305.09390153931935
 20
127.5521776417655
 10
305.07357588327113
 20
128.10402267236688
 10
305.0397133939253
 20
128.6552026809925
 10
304.9923344687792
 20
129.2053856574151
 10
304.9314676471257
 20
129.75424019198235
 10
304.8571495928623
 20
130.3014356752456
 10
304.7694250724059
 20
130.84664249710676
 10
304.66834692772744
 20
131.38953224536286
 10
304.5539760445216
 20
131.92977790352955
 10
304.42638131553196
 20
132.4670540478234
 10
304.28563959905216
 20
133.0010370431852
 10
304.13183567262945
 20
133.53140523822537
 10
303.96506218199806
 20
134.05783915897504
 10
303.78541958527273
 20
134.5800217013249
 10
303.59301609243636
 20
135.0976383220372
 10
303.3879676001587
 20
135.6103772282145
 10
303.1703976219842
 20
136.11792956511223
 10
302.9404372139322
 20
136.6199896021813
 10
302.69822489555384
 20
137.11625491722862
 10
302.4439065664927
 20
137.60642657858492
 10
302.17763541860074
 20
138.09020932517012
 10
301.89957184366085
 20
138.56731174434745
 10
301.6098833367731
 20
139.03744644745967
 10
301.308744395462
 20
139.50033024294103
 10
300.99633641456535
 20
139.9556843069015
 10
300.6728475769693
 20
140.40323435107973
 10
300.3384727402534
 20
140.84271078806407
 10
299.99341331931635
 20
141.273848893682
 10
299.63787716505067
 20
141.69638896645995
 10
299.2720784391413
 20
142.11007648405788
 10
298.8962374850627
 20
142.51466225658396
 10
298.5105806953521
 20
142.90990257669728
 10
298.11534037523876
 20
143.29555936640799
 10
297.71075460271265
 20
143.67140032048655
 10
297.2970670851147
 20
144.03719904639587
 10
296.8745270123368
 20
144.39273520066155
 10
296.44338890671884
 20
144.7377946215986
 10
296.0039124697345
 20
145.07216945831448
 10
295.55636242555624
 20
145.3956582959106
 10
295.1010083615958
 20
145.70806627680724
 10
294.6381245661144
 20
146.00920521811838
 10
294.1679898630022
 20
146.2988937250061
 10
293.69088744382486
 20
146.57695729994597
 10
293.2071046972397
 20
146.84322844783796
 10
292.7169330358834
 20
147.09754677689907
 10
292.2206677208361
 20
147.33975909527746
 10
291.718607683767
 20
147.56971950332942
 10
291.2110553468693
 20
147.78728948150393
 10
290.698316440692
 20
147.9923379737816
 10
290.1806998199797
 20
148.18474146661794
 10
289.6585172776298
 20
148.3643840633433
 10
289.1320833568801
 20
148.53115755397468
 10
288.60171516183993
 20
148.68496148039736
 10
288.0677321664782
 20
148.8257031968772
 10
287.5304560221843
 20
148.95329792586688
 10
286.9902103640176
 20
149.06766880907264
 10
286.4473206157615
 20
149.16874695375114
 10
285.90211379390036
 20
149.25647147420756
 10
285.3549183106371
 20
149.33078952847094
 10
284.80606377606983
 20
149.3916563501244
 10
284.2558807996473
 20
149.4390352752705
 10
283.70470079102165
 20
149.47289776461636
 10
283.15285576042027
 20
149.49322342066458
 10
282.60067811865474
 20
149.49999999999997
 10
282.0485004768892
 20
149.49322342066458
 10
281.49665544628783
 20
149.47289776461636
 10
280.94547543766225
 20
149.4390352752705
 10
280.39529246123965
 20
149.3916563501244
 10
279.84643792667237
 20
149.33078952847094
 10
279.2992424434091
 20
149.25647147420756
 10
278.754035621548
 20
149.16874695375114
 10
278.21114587329185
 20
149.06766880907264
 10
277.6709002151252
 20
148.95329792586688
 10
277.13362407083133
 20
148.8257031968772
 10
276.59964107546955
 20
148.68496148039736
 10
276.06927288042937
 20
148.53115755397468
 10
275.54283895967967
 20
148.3643840633433
 10
275.0206564173298
 20
148.18474146661794
 10
274.5030397966175
 20
147.9923379737816
 10
273.9903008904402
 20
147.78728948150393
 10
273.4827485535425
 20
147.56971950332942
 10
272.9806885164734
 20
147.33975909527746
 10
272.48442320142607
 20
147.09754677689907
 10
271.9942515400698
 20
146.84322844783796
 10
271.5104687934846
 20
146.57695729994597
 10
271.03336637430726
 20
146.2988937250061
 10
270.56323167119507
 20
146.00920521811838
 10
270.1003478757137
 20
145.70806627680724
 10
269.64499381175324
 20
145.3956582959106
 10
269.197443767575
 20
145.07216945831448
 10
268.75796733059065
 20
144.73779462159862
 10
268.3268292249727
 20
144.39273520066155
 10
267.9042891521948
 20
144.03719904639587
 10
267.4906016345968
 20
143.67140032048655
 10
267.0860158620707
 20
143.29555936640799
 10
266.6907755419574
 20
142.90990257669728
 10
266.30511875224676
 20
142.514662256584
 10
265.9292777981682
 20
142.11007648405788
 10
265.5634790722588
 20
141.69638896645995
 10
265.20794291799314
 20
141.273848893682
 10
264.8628834970561
 20
140.84271078806407
 10
264.5285086603402
 20
140.40323435107973
 10
264.20501982274413
 20
139.9556843069015
 10
263.8926118418475
 20
139.50033024294103
 10
263.59147290053636
 20
139.03744644745967
 10
263.30178439364863
 20
138.56731174434745
 10
263.02372081870874
 20
138.09020932517012
 10
262.75744967081675
 20
137.60642657858492
 10
262.50313134175565
 20
137.11625491722862
 10
262.26091902337726
 20
136.6199896021813
 10
262.0309586153253
 20
136.11792956511223
 10
261.8133886371508
 20
135.6103772282145
 10
261.6083401448731
 20
135.0976383220372
 10
261.41593665203675
 20
134.58002170132494
 10
261.2362940553114
 20
134.057839158975
 10
261.06952056468003
 20
133.53140523822537
 10
260.9157166382573
 20
133.0010370431852
 10
260.7749749217775
 20
132.4670540478234
 10
260.64738019278786
 20
131.92977790352955
 10
260.53300930958204
 20
131.38953224536286
 10
260.4319311649036
 20
130.84664249710676
 10
260.3442066444472
 20
130.3014356752456
 10
260.26988859018377
 20
129.75424019198235
 10
260.2090217685303
 20
129.2053856574151
 10
260.1616428433842
 20
128.6552026809925
 10
260.12778035403835
 20
128.10402267236688
 10
260.10745469799014
 20
127.5521776417655
 10
260.10067811865474
 20
126.99999999999997
 10
260.10745469799014
 20
126.44782235823445
 10
260.12778035403835
 20
125.89597732763308
 10
260.1616428433842
 20
125.34479731900745
 10
260.2090217685303
 20
124.79461434258486
 10
260.26988859018377
 20
124.24575980801761
 10
260.3442066444472
 20
123.69856432475433
 10
260.4319311649036
 20
123.1533575028932
 10
260.53300930958204
 20
122.61046775463709
 10
260.64738019278786
 20
122.0702220964704
 10
260.7749749217775
 20
121.53294595217653
 10
260.9157166382573
 20
120.99896295681476
 10
261.06952056468003
 20
120.46859476177457
 10
261.2362940553114
 20
119.94216084102491
 10
261.41593665203675
 20
119.41997829867502
 10
261.6083401448731
 20
118.90236167796274
 10
261.8133886371508
 20
118.38962277178545
 10
262.0309586153253
 20
117.88207043488771
 10
262.26091902337726
 20
117.38001039781864
 10
262.50313134175565
 20
116.88374508277133
 10
262.75744967081675
 20
116.39357342141503
 10
263.02372081870874
 20
115.90979067482984
 10
263.30178439364863
 20
115.4326882556525
 10
263.5914729005363
 20
114.96255355254029
 10
263.8926118418475
 20
114.49966975705892
 10
264.20501982274413
 20
114.04431569309845
 10
264.5285086603402
 20
113.59676564892023
 10
264.8628834970561
 20
113.15728921193588
 10
265.20794291799314
 20
112.72615110631796
 10
265.5634790722588
 20
112.30361103354
 10
265.9292777981682
 20
111.88992351594206
 10
266.30511875224676
 20
111.48533774341597
 10
266.6907755419574
 20
111.09009742330265
 10
267.0860158620707
 20
110.70444063359197
 10
267.4906016345968
 20
110.32859967951339
 10
267.90428915219474
 20
109.96280095360407
 10
268.3268292249727
 20
109.6072647993384
 10
268.75796733059065
 20
109.26220537840135
 10
269.197443767575
 20
108.92783054168547
 10
269.64499381175324
 20
108.60434170408934
 10
270.1003478757137
 20
108.2919337231927
 10
270.56323167119507
 20
107.99079478188156
 10
271.03336637430726
 20
107.70110627499385
 10
271.5104687934846
 20
107.42304270005397
 10
271.9942515400698
 20
107.15677155216198
 10
272.48442320142607
 20
106.90245322310088
 10
272.9806885164734
 20
106.6602409047225
 10
273.4827485535425
 20
106.43028049667053
 10
273.9903008904402
 20
106.21271051849602
 10
274.5030397966175
 20
106.00766202621834
 10
275.0206564173298
 20
105.815258533382
 10
275.54283895967967
 20
105.63561593665665
 10
276.0692728804293
 20
105.46884244602528
 10
276.59964107546955
 20
105.31503851960258
 10
277.1336240708313
 20
105.17429680312273
 10
277.6709002151252
 20
105.04670207413308
 10
278.21114587329185
 20
104.93233119092729
 10
278.7540356215479
 20
104.8312530462488
 10
279.29924244340907
 20
104.7435285257924
 10
279.84643792667237
 20
104.669210471529
 10
280.39529246123965
 20
104.60834364987554
 10
280.94547543766225
 20
104.56096472472944
 10
281.49665544628783
 20
104.5271022353836
 10
282.0485004768892
 20
104.50677657933538
 10
282.60067811865474
 20
104.49999999999997
 10
283.15285576042027
 20
104.50677657933538
 10
283.70470079102165
 20
104.5271022353836
 10
284.25588079964723
 20
104.56096472472944
 10
284.80606377606983
 20
104.60834364987554
 10
285.3549183106371
 20
104.669210471529
 10
285.9021137939004
 20
104.7435285257924
 10
286.4473206157615
 20
104.83125304624879
 10
286.9902103640176
 20
104.93233119092729
 10
287.5304560221843
 20
105.04670207413308
 10
288.06773216647815
 20
105.17429680312273
 10
288.60171516183993
 20
105.31503851960258
 10
289.1320833568801
 20
105.46884244602526
 10
289.6585172776298
 20
105.63561593665665
 10
290.1806998199797
 20
105.815258533382
 10
290.69831644069194
 20
106.00766202621834
 10
291.2110553468693
 20
106.21271051849602
 10
291.718607683767
 20
106.43028049667053
 10
292.2206677208361
 20
106.6602409047225
 10
292.7169330358834
 20
106.90245322310088
 10
293.2071046972397
 20
107.15677155216198
 10
293.69088744382486
 20
107.42304270005397
 10
294.1679898630022
 20
107.70110627499385
 10
294.6381245661144
 20
107.99079478188156
 10
295.1010083615958
 20
108.2919337231927
 10
295.55636242555624
 20
108.60434170408934
 10
296.0039124697345
 20
108.92783054168545
 10
296.44338890671884
 20
109.26220537840133
 10
296.8745270123368
 20
109.6072647993384
 10
297.2970670851147
 20
109.96280095360407
 10
297.71075460271265
 20
110.32859967951339
 10
298.11534037523876
 20
110.70444063359196
 10
298.5105806953521
 20
111.09009742330265
 10
298.8962374850627
 20
111.48533774341595
 10
299.2720784391413
 20
111.88992351594206
 10
299.6378771650506
 20
112.30361103354
 10
299.99341331931635
 20
112.72615110631794
 10
300.3384727402534
 20
113.15728921193586
 10
300.6728475769693
 20
113.59676564892023
 10
300.99633641456535
 20
114.04431569309845
 10
301.308744395462
 20
114.49966975705892
 10
301.6098833367731
 20
114.96255355254029
 10
301.89957184366085
 20
115.43268825565248
 10
302.17763541860074
 20
115.90979067482982
 10
302.4439065664927
 20
116.39357342141501
 10
302.69822489555384
 20
116.88374508277131
 10
302.9404372139322
 20
117.38001039781861
 10
303.1703976219842
 20
117.88207043488768
 10
303.3879676001587
 20
118.38962277178544
 10
303.59301609243636
 20
118.90236167796274
 10
303.78541958527273
 20
119.41997829867502
 10
303.96506218199806
 20
119.94216084102491
 10
304.13183567262945
 20
120.46859476177457
 10
304.28563959905216
 20
120.99896295681475
 10
304.42638131553196
 20
121.53294595217653
 10
304.5539760445216
 20
122.07022209647039
 10
304.66834692772744
 20
122.61046775463707
 10
304.7694250724059
 20
123.15335750289319
 10
304.8571495928623
 20
123.69856432475432
 10
304.9314676471257
 20
124.24575980801761
 10
304.9923344687792
 20
124.79461434258486
 10
305.0397133939253
 20
125.34479731900745
 10
305.07357588327113
 20
125.89597732763306
 10
305.09390153931935
 20
126.44782235823445
 10
305.10067811865474
 20
126.99999999999997
  0
LWPOLYLINE
  5
100
330
17
100
AcDbEntity
  8
HIDDEN
100
AcDbPolyline
 90
52
 70
0
 10
256.19508652763477
 20
96.59440840897997
 10
256.1647685663225
 20
97.08596157163883
 10
256.07427427177475
 20
97.57006328941348
 10
255.92497544525216
 20
98.03937507372859
 10
255.71913530477786
 20
98.48678263632401
 10
255.45987417705962
 20
98.90550373461298
 10
255.15112219651738
 20
99.2891909835662
 10
254.79755972845172
 20
99.6320280755988
 10
254.40454641947676
 20
99.92881794986445
 10
253.9780399507409
 20
100.17506157440022
 10
253.52450572555338
 20
100.36702614686509
 10
253.05081886046074
 20
100.50180168001837
 10
252.56415996548796
 20
100.57734511416011
 10
252.07190629341005
 20
100.59251128783343
 10
251.58151990812001
 20
100.54707029730501
 10
251.1004345673464
 20
100.44171098167125
 10
250.63594303446402
 20
100.27803048075978
 10
250.19508652763474
 20
100.05851002411772
 10
249.78454798211772
 20
99.78647731810094
 10
249.41055074378303
 20
99.46605610123774
 10
249.07876422953206
 20
99.1021036325564
 10
248.79421798471628
 20
98.7001370604894
 10
248.56122544035665
 20
98.2662497885271
 10
248.38331852592611
 20
97.80701910543215
 10
248.26319412889913
 20
97.32940648024626
 10
248.20267321268656
 20
96.84065203351574
 10
248.20267321268656
 20
96.34816478444421
 10
248.26319412889913
 20
95.8594103377137
 10
248.38331852592611
 20
95.3817977125278
 10
248.56122544035665
 20
94.92256702943284
 10
248.79421798471628
 20
94.48867975747055
 10
249.07876422953206
 20
94.08671318540354
 10
249.41055074378303
 20
93.7227607167222
 10
249.78454798211772
 20
93.40233949985901
 10
250.19508652763474
 20
93.13030679384221
 10
250.63594303446402
 20
92.91078633720016
 10
251.1004345673464
 20
92.7471058362887
 10
251.58151990812001
 20
92.64174652065493
 10
252.07190629341005
 20
92.5963055301265
 10
252.56415996548796
 20
92.61147170379984
 10
253.05081886046074
 20
92.68701513794157
 10
253.52450572555338
 20
92.82179067109486
 10
253.9780399507409
 20
93.01375524355973
 10
254.40454641947676
 20
93.2599988680955
 10
254.79755972845172
 20
93.55678874236114
 10
255.15112219651738
 20
93.89962583439375
 10
255.45987417705962
 20
94.28331308334697
 10
255.7191353047779
 20
94.70203418163592
 10
255.92497544525216
 20
95.14944174423135
 10
256.07427427177475
 20
95.61875352854646
 10
256.1647685663225
 20
96.10285524632111
 10
256.19508652763477
 20
96.59440840897997
  0
LWPOLYLINE
  5
101
330
17
100
AcDbEntity
  8
HIDDEN
100
AcDbPolyline
 90
52
 70
0
 10
286.60067811865474
 20
83.99999999999997
 10
286.57036015734246
 20
84.49155316265882
 10
286.4798658627948
 20
84.97565488043348
 10
286.33056703627216
 20
85.44496666474859
 10
286.1247268957979
 20
85.89237422734402
 10
285.8654657680796
 20
86.31109532563298
 10
285.5567137875374
 20
86.6947825745862
 10
285.2031513194717
 20
87.03761966661881
 10
284.81013801049676
 20
87.33440954088445
 10
284.3836315417609
 20
87.58065316542022
 10
283.9300973165734
 20
87.77261773788508
 10
283.45641045148074
 20
87.90739327103837
 10
282.96975155650796
 20
87.98293670518011
 10
282.4774978844301
 20
87.99810287885344
 10
281.98711149914
 20
87.95266188832501
 10
281.5060261583664
 20
87.84730257269125
 10
281.041534625484
 20
87.68362207177978
 10
280.60067811865474
 20
87.46410161513774
 10
280.1901395731377
 20
87.19206890912093
 10
279.81614233480303
 20
86.87164769225774
 10
279.484355820552
 20
86.5076952235764
 10
279.19980957573625
 20
86.1057286515094
 10
278.96681703137665
 20
85.6718413795471
 10
278.7889101169461
 20
85.21261069645215
 10
278.66878571991913
 20
84.73499807126626
 10
278.60826480370656
 20
84.24624362453574
 10
278.60826480370656
 20
83.7537563754642
 10
278.66878571991913
 20
83.26500192873368
 10
278.7889101169461
 20
82.7873893035478
 10
278.96681703137665
 20
82.32815862045284
 10
279.19980957573625
 20
81.89427134849055
 10
279.484355820552
 20
81.49230477642354
 10
279.81614233480303
 20
81.1283523077422
 10
280.1901395731377
 20
80.80793109087901
 10
280.60067811865474
 20
80.53589838486221
 10
281.041534625484
 20
80.31637792822016
 10
281.5060261583664
 20
80.1526974273087
 10
281.98711149914
 20
80.04733811167493
 10
282.4774978844301
 20
80.0018971211465
 10
282.96975155650796
 20
80.01706329481983
 10
283.45641045148074
 20
80.09260672896157
 10
283.9300973165734
 20
80.22738226211486
 10
284.3836315417609
 20
80.41934683457973
 10
284.81013801049676
 20
80.66559045911549
 10
285.2031513194717
 20
80.96238033338113
 10
285.5567137875374
 20
81.30521742541374
 10
285.8654657680796
 20
81.68890467436697
 10
286.1247268957979
 20
82.10762577265592
 10
286.33056703627216
 20
82.55503333525135
 10
286.4798658627948
 20
83.02434511956646
 10
286.57036015734246
 20
83.50844683734113
 10
286.60067811865474
 20
83.99999999999997
  0
LWPOLYLINE
  5
102
330
17
100
AcDbEntity
  8
HIDDEN
100
AcDbPolyline
 90
52
 70
0
 10
317.00626970967676
 20
96.59440840897997
 10
316.9759517483645
 20
97.08596157163883
 10
316.8854574538168
 20
97.57006328941348
 10
316.7361586272942
 20
98.03937507372859
 10
316.53031848681985
 20
98.48678263632401
 10
316.27105735910163
 20
98.90550373461298
 10
315.9623053785594
 20
99.2891909835662
 10
315.60874291049373
 20
99.6320280755988
 10
315.2157296015188
 20
99.92881794986445
 10
314.7892231327829
 20
100.17506157440022
 10
314.3356889075954
 20
100.36702614686509
 10
313.86200204250275
 20
100.50180168001837
 10
313.37534314753
 20
100.57734511416011
 10
312.88308947545204
 20
100.59251128783343
 10
312.392703090162
 20
100.54707029730501
 10
311.9116177493884
 20
100.44171098167125
 10
311.44712621650604
 20
100.27803048075978
 10
311.00626970967676
 20
100.05851002411772
 10
310.5957311641597
 20
99.78647731810094
 10
310.22173392582505
 20
99.46605610123774
 10
309.88994741157404
 20
99.1021036325564
 10
309.60540116675827
 20
98.7001370604894
 10
309.37240862239867
 20
98.2662497885271
 10
309.19450170796813
 20
97.80701910543215
 10
309.07437731094114
 20
97.32940648024626
 10
309.0138563947286
 20
96.84065203351574
 10
309.0138563947286
 20
96.34816478444421
 10
309.07437731094114
 20
95.8594103377137
 10
309.19450170796813
 20
95.3817977125278
 10
309.37240862239867
 20
94.92256702943284
 10
309.60540116675827
 20
94.48867975747055
 10
309.88994741157404
 20
94.08671318540354
 10
310.22173392582505
 20
93.7227607167222
 10
310.5957311641597
 20
93.40233949985901
 10
311.00626970967676
 20
93.13030679384221
 10
311.44712621650604
 20
92.91078633720016
 10
311.9116177493884
 20
92.7471058362887
 10
312.392703090162
 20
92.64174652065493
 10
312.88308947545204
 20
92.5963055301265
 10
313.37534314753
 20
92.61147170379984
 10
313.86200204250275
 20
92.68701513794157
 10
314.3356889075954
 20
92.82179067109486
 10
314.7892231327829
 20
93.01375524355973
 10
315.2157296015188
 20
93.2599988680955
 10
315.60874291049373
 20
93.55678874236114
 10
315.9623053785594
 20
93.89962583439375
 10
316.27105735910163
 20
94.28331308334697
 10
316.53031848681985
 20
94.70203418163592
 10
316.7361586272942
 20
95.14944174423135
 10
316.8854574538168
 20
95.61875352854646
 10
316.9759517483645
 20
96.10285524632111
 10
317.00626970967676
 20
96.59440840897997
  0
LWPOLYLINE
  5
103
330
17
100
AcDbEntity
  8
HIDDEN
100
AcDbPolyline
 90
52
 70
0
 10
329.60067811865474
 20
126.99999999999996
 10
329.57036015734246
 20
127.49155316265882
 10
329.4798658627948
 20
127.97565488043347
 10
329.33056703627216
 20
128.44496666474856
 10
329.1247268957979
 20
128.892374227344
 10
328.8654657680796
 20
129.31109532563298
 10
328.5567137875374
 20
129.69478257458618
 10
328.2031513194717
 20
130.03761966661878
 10
327.81013801049676
 20
130.33440954088445
 10
327.3836315417609
 20
130.58065316542022
 10
326.9300973165734
 20
130.77261773788507
 10
326.45641045148074
 20
130.90739327103836
 10
325.96975155650796
 20
130.9829367051801
 10
325.4774978844301
 20
130.99810287885342
 10
324.98711149914
 20
130.952661888325
 10
324.5060261583664
 20
130.84730257269123
 10
324.041534625484
 20
130.68362207177978
 10
323.60067811865474
 20
130.4641016151377
 10
323.1901395731377
 20
130.1920689091209
 10
322.81614233480303
 20
129.87164769225774
 10
322.4843558205521
 20
129.50769522357638
 10
322.19980957573625
 20
129.1057286515094
 10
321.96681703137665
 20
128.6718413795471
 10
321.7889101169461
 20
128.21261069645215
 10
321.66878571991913
 20
127.73499807126625
 10
321.60826480370656
 20
127.24624362453574
 10
321.60826480370656
 20
126.75375637546419
 10
321.66878571991913
 20
126.26500192873368
 10
321.7889101169461
 20
125.78738930354778
 10
321.96681703137665
 20
125.32815862045283
 10
322.19980957573625
 20
124.89427134849053
 10
322.4843558205521
 20
124.49230477642354
 10
322.81614233480303
 20
124.12835230774219
 10
323.1901395731377
 20
123.80793109087901
 10
323.60067811865474
 20
123.53589838486221
 10
324.041534625484
 20
123.31637792822015
 10
324.5060261583664
 20
123.15269742730868
 10
324.98711149914
 20
123.04733811167492
 10
325.4774978844301
 20
123.0018971211465
 10
325.96975155650796
 20
123.01706329481982
 10
326.45641045148074
 20
123.09260672896156
 10
326.9300973165734
 20
123.22738226211484
 10
327.3836315417609
 20
123.41934683457971
 10
327.81013801049676
 20
123.66559045911548
 10
328.2031513194717
 20
123.96238033338113
 10
328.5567137875374
 20
124.30521742541373
 10
328.8654657680796
 20
124.68890467436695
 10
329.1247268957979
 20
125.10762577265592
 10
329.33056703627216
 20
125.55503333525135
 10
329.4798658627948
 20
126.02434511956645
 10
329.57036015734246
 20
126.50844683734111
 10
329.60067811865474
 20
126.99999999999996
  0
LWPOLYLINE
  5
104
330
17
100
AcDbEntity
  8
HIDDEN
100
AcDbPolyline
 90
52
 70
0
 10
243.60067811865474
 20
126.99999999999997
 10
243.5703601573425
 20
127.49155316265883
 10
243.47986586279478
 20
127.97565488043348
 10
243.33056703627216
 20
128.4449666647486
 10
243.1247268957979
 20
128.89237422734402
 10
242.86546576807962
 20
129.31109532563298
 10
242.55671378753738
 20
129.6947825745862
 10
242.20315131947171
 20
130.0376196666188
 10
241.81013801049676
 20
130.33440954088445
 10
241.3836315417609
 20
130.58065316542022
 10
240.93009731657338
 20
130.7726177378851
 10
240.45641045148074
 20
130.9073932710384
 10
239.96975155650796
 20
130.98293670518012
 10
239.47749788443005
 20
130.99810287885344
 10
238.98711149913998
 20
130.95266188832503
 10
238.5060261583664
 20
130.84730257269126
 10
238.04153462548402
 20
130.68362207177978
 10
237.60067811865474
 20
130.46410161513774
 10
237.1901395731377
 20
130.19206890912093
 10
236.81614233480303
 20
129.87164769225774
 10
236.48435582055205
 20
129.5076952235764
 10
236.19980957573628
 20
129.1057286515094
 10
235.96681703137665
 20
128.67184137954712
 10
235.7889101169461
 20
128.21261069645215
 10
235.66878571991913
 20
127.73499807126626
 10
235.60826480370656
 20
127.24624362453575
 10
235.60826480370656
 20
126.7537563754642
 10
235.66878571991913
 20
126.2650019287337
 10
235.7889101169461
 20
125.7873893035478
 10
235.96681703137665
 20
125.32815862045284
 10
236.19980957573628
 20
124.89427134849055
 10
236.48435582055205
 20
124.49230477642355
 10
236.81614233480303
 20
124.1283523077422
 10
237.1901395731377
 20
123.80793109087902
 10
237.60067811865474
 20
123.53589838486222
 10
238.04153462548402
 20
123.31637792822016
 10
238.5060261583664
 20
123.1526974273087
 10
238.98711149913998
 20
123.04733811167493
 10
239.47749788443005
 20
123.00189712114651
 10
239.96975155650796
 20
123.01706329481983
 10
240.45641045148074
 20
123.09260672896157
 10
240.93009731657338
 20
123.22738226211487
 10
241.3836315417609
 20
123.41934683457973
 10
241.81013801049676
 20
123.66559045911549
 10
242.20315131947171
 20
123.96238033338115
 10
242.55671378753738
 20
124.30521742541374
 10
242.86546576807962
 20
124.68890467436697
 10
243.1247268957979
 20
125.10762577265594
 10
243.33056703627216
 20
125.55503333525137
 10
243.47986586279478
 20
126.02434511956646
 10
243.5703601573425
 20
126.50844683734113
 10
243.60067811865474
 20
126.99999999999997
  0
LWPOLYLINE
  5
105
330
17
100
AcDbEntity
  8
HIDDEN
100
AcDbPolyline
 90
52
 70
0
 10
256.19508652763477
 20
157.40559159102196
 10
256.1647685663225
 20
157.89714475368083
 10
256.07427427177475
 20
158.38124647145548
 10
255.92497544525216
 20
158.85055825577058
 10
255.71913530477786
 20
159.297965818366
 10
255.45987417705962
 20
159.71668691665496
 10
255.15112219651738
 20
160.1003741656082
 10
254.79755972845172
 20
160.4432112576408
 10
254.40454641947676
 20
160.74000113190644
 10
253.9780399507409
 20
160.9862447564422
 10
253.52450572555338
 20
161.1782093289071
 10
253.05081886046074
 20
161.31298486206038
 10
252.56415996548796
 20
161.3885282962021
 10
252.07190629341005
 20
161.40369446987543
 10
251.58151990812001
 20
161.358253479347
 10
251.1004345673464
 20
161.25289416371325
 10
250.63594303446402
 20
161.0892136628018
 10
250.19508652763474
 20
160.86969320615972
 10
249.78454798211772
 20
160.59766050014292
 10
249.41055074378303
 20
160.27723928327975
 10
249.07876422953206
 20
159.9132868145984
 10
248.79421798471628
 20
159.51132024253138
 10
248.56122544035665
 20
159.0774329705691
 10
248.38331852592611
 20
158.61820228747413
 10
248.26319412889913
 20
158.14058966228825
 10
248.20267321268656
 20
157.65183521555775
 10
248.20267321268656
 20
157.1593479664862
 10
248.26319412889913
 20
156.6705935197557
 10
248.38331852592611
 20
156.19298089456979
 10
248.56122544035665
 20
155.73375021147484
 10
248.79421798471628
 20
155.29986293951254
 10
249.07876422953206
 20
154.89789636744555
 10
249.41055074378303
 20
154.5339438987642
 10
249.78454798211772
 20
154.213522681901
 10
250.19508652763474
 20
153.94148997588422
 10
250.63594303446402
 20
153.72196951924215
 10
251.1004345673464
 20
153.5582890183307
 10
251.58151990812001
 20
153.45292970269693
 10
252.07190629341005
 20
153.40748871216852
 10
252.56415996548796
 20
153.42265488584184
 10
253.05081886046074
 20
153.49819831998357
 10
253.52450572555338
 20
153.63297385313686
 10
253.9780399507409
 20
153.82493842560172
 10
254.40454641947676
 20
154.07118205013748
 10
254.79755972845172
 20
154.36797192440315
 10
255.15112219651738
 20
154.71080901643575
 10
255.45987417705962
 20
155.09449626538895
 10
255.7191353047779
 20
155.51321736367794
 10
255.92497544525216
 20
155.96062492627337
 10
256.07427427177475
 20
156.42993671058846
 10
256.1647685663225
 20
156.9140384283631
 10
256.19508652763477
 20
157.40559159102196
  0
LWPOLYLINE
  5
106
330
17
100
AcDbEntity
  8
HIDDEN
100
AcDbPolyline
 90
127
 70
0
 10
292.60067811865474
 20
126.99999999999997
 10
292.58824733084396
 20
127.49845885660694
 10
292.55098587230873
 20
127.99567846595814
 10
292.488986380906
 20
128.49042266176173
 10
292.4024029971402
 20
128.98146143199395
 10
292.2914509809455
 20
129.4675739769029
 10
292.15640617651616
 20
129.947551744109
 10
291.99760432651385
 20
130.42020143325666
 10
291.8154402373588
 20
130.88434796274692
 10
291.6103667976789
 20
131.33883739117556
 10
291.38289385235703
 20
131.78253978621316
 10
291.1335869349763
 20
132.21435203379494
 10
290.8630658618147
 20
132.63320058063618
 10
290.57200319088395
 20
133.03804410325475
 10
290.2611225498445
 20
133.42787609686536
 10
289.931196836953
 20
133.80172737770917
 10
289.58304629951544
 20
134.15866849259714
 10
289.21753649462335
 20
134.4978120296773
 10
288.8355761372421
 20
134.81831482468027
 10
288.43811484100263
 20
135.11938005715854
 10
288.02614075731236
 20
135.40025923150768
 10
287.60067811865474
 20
135.66025403784437
 10
287.1627846921864
 20
135.89871808811466
 10
286.71354914996084
 20
136.11505852311672
 10
286.25408836231867
 20
136.30873748644203
 10
285.7855446211716
 20
136.47927346167128
 10
285.3090828000848
 20
136.62624246950008
 10
284.8258874582179
 20
136.7492791218182
 10
284.337159895324
 20
136.84807753012205
 10
283.8441151651296
 20
136.9223920660017
 10
283.347979054519
 20
136.97203797181177
 10
282.8499850360355
 20
136.99689182000813
 10
282.351371201274
 20
136.99689182000813
 10
281.8533771827905
 20
136.97203797181177
 10
281.3572410721799
 20
136.9223920660017
 10
280.86419634198546
 20
136.84807753012205
 10
280.3754687790916
 20
136.7492791218182
 10
279.8922734372247
 20
136.62624246950008
 10
279.4158116161379
 20
136.47927346167128
 10
278.9472678749908
 20
136.30873748644203
 10
278.48780708734864
 20
136.11505852311672
 10
278.0385715451231
 20
135.89871808811466
 10
277.60067811865474
 20
135.66025403784437
 10
277.1752154799971
 20
135.40025923150768
 10
276.76324139630685
 20
135.11938005715854
 10
276.3657801000674
 20
134.81831482468027
 10
275.98381974268614
 20
134.4978120296773
 10
275.61830993779404
 20
134.15866849259714
 10
275.2701594003565
 20
133.80172737770917
 10
274.94023368746497
 20
133.42787609686536
 10
274.62935304642554
 20
133.03804410325475
 10
274.3382903754948
 20
132.63320058063618
 10
274.0677693023332
 20
132.21435203379497
 10
273.81846238495245
 20
131.78253978621316
 10
273.59098943963056
 20
131.33883739117556
 10
273.38591599995067
 20
130.88434796274692
 10
273.20375191079563
 20
130.42020143325666
 10
273.0449500607933
 20
129.947551744109
 10
272.90990525636397
 20
129.4675739769029
 10
272.7989532401693
 20
128.98146143199395
 10
272.7123698564035
 20
128.49042266176173
 10
272.65037036500075
 20
127.99567846595814
 10
272.6131089064655
 20
127.49845885660694
 10
272.60067811865474
 20
126.99999999999997
 10
272.6131089064655
 20
126.501541143393
 10
272.65037036500075
 20
126.00432153404181
 10
272.7123698564035
 20
125.50957733823823
 10
272.7989532401693
 20
125.018538568006
 10
272.90990525636397
 20
124.53242602309703
 10
273.0449500607933
 20
124.05244825589094
 10
273.20375191079563
 20
123.57979856674328
 10
273.38591599995067
 20
123.11565203725303
 10
273.59098943963056
 20
122.6611626088244
 10
273.81846238495245
 20
122.2174602137868
 10
274.0677693023332
 20
121.78564796620499
 10
274.3382903754948
 20
121.36679941936376
 10
274.62935304642554
 20
120.9619558967452
 10
274.94023368746497
 20
120.57212390313458
 10
275.2701594003565
 20
120.19827262229077
 10
275.61830993779404
 20
119.84133150740278
 10
275.98381974268614
 20
119.50218797032264
 10
276.3657801000674
 20
119.18168517531967
 10
276.76324139630685
 20
118.8806199428414
 10
277.1752154799972
 20
118.59974076849225
 10
277.60067811865474
 20
118.33974596215558
 10
278.0385715451231
 20
118.10128191188528
 10
278.48780708734864
 20
117.88494147688324
 10
278.94726787499076
 20
117.69126251355793
 10
279.4158116161379
 20
117.52072653832866
 10
279.8922734372247
 20
117.37375753049984
 10
280.3754687790916
 20
117.25072087818174
 10
280.86419634198546
 20
117.15192246987789
 10
281.3572410721799
 20
117.07760793399825
 10
281.8533771827905
 20
117.02796202818817
 10
282.351371201274
 20
117.00310817999181
 10
282.8499850360355
 20
117.00310817999181
 10
283.347979054519
 20
117.02796202818817
 10
283.8441151651296
 20
117.07760793399825
 10
284.337159895324
 20
117.15192246987789
 10
284.8258874582179
 20
117.25072087818174
 10
285.3090828000848
 20
117.37375753049986
 10
285.7855446211716
 20
117.52072653832866
 10
286.25408836231867
 20
117.69126251355793
 10
286.71354914996084
 20
117.88494147688324
 10
287.1627846921864
 20
118.10128191188528
 10
287.60067811865474
 20
118.33974596215559
 10
288.02614075731236
 20
118.59974076849225
 10
288.43811484100263
 20
118.8806199428414
 10
288.8355761372421
 20
119.18168517531967
 10
289.21753649462335
 20
119.50218797032262
 10
289.58304629951544
 20
119.84133150740278
 10
289.931196836953
 20
120.19827262229077
 10
290.2611225498445
 20
120.57212390313458
 10
290.57200319088395
 20
120.9619558967452
 10
290.8630658618147
 20
121.36679941936374
 10
291.1335869349763
 20
121.78564796620499
 10
291.38289385235703
 20
122.21746021378678
 10
291.6103667976789
 20
122.66116260882438
 10
291.8154402373588
 20
123.11565203725303
 10
291.99760432651385
 20
123.57979856674328
 10
292.15640617651616
 20
124.05244825589092
 10
292.2914509809455
 20
124.53242602309703
 10
292.4024029971402
 20
125.018538568006
 10
292.488986380906
 20
125.50957733823823
 10
292.55098587230873
 20
126.0043215340418
 10
292.58824733084396
 20
126.501541143393
 10
292.60067811865474
 20
126.99999999999997
  0
LWPOLYLINE
  5
107
330
17
100
AcDbEntity
  8
HIDDEN
100
AcDbPolyline
 90
52
 70
0
 10
286.60067811865474
 20
169.99999999999997
 10
286.57036015734246
 20
170.49155316265882
 10
286.4798658627948
 20
170.97565488043347
 10
286.33056703627216
 20
171.4449666647486
 10
286.1247268957979
 20
171.89237422734402
 10
285.8654657680796
 20
172.31109532563298
 10
285.5567137875374
 20
172.6947825745862
 10
285.2031513194717
 20
173.0376196666188
 10
284.81013801049676
 20
173.33440954088445
 10
284.3836315417609
 20
173.58065316542022
 10
283.9300973165734
 20
173.77261773788507
 10
283.45641045148074
 20
173.90739327103836
 10
282.96975155650796
 20
173.98293670518012
 10
282.4774978844301
 20
173.99810287885344
 10
281.98711149914
 20
173.952661888325
 10
281.5060261583664
 20
173.84730257269126
 10
281.041534625484
 20
173.68362207177978
 10
280.60067811865474
 20
173.46410161513774
 10
280.19013957313774
 20
173.19206890912093
 10
279.81614233480303
 20
172.87164769225774
 10
279.4843558205521
 20
172.5076952235764
 10
279.1998095757363
 20
172.1057286515094
 10
278.96681703137665
 20
171.67184137954712
 10
278.7889101169461
 20
171.21261069645215
 10
278.66878571991913
 20
170.73499807126626
 10
278.60826480370656
 20
170.24624362453574
 10
278.60826480370656
 20
169.7537563754642
 10
278.66878571991913
 20
169.26500192873368
 10
278.7889101169461
 20
168.7873893035478
 10
278.96681703137665
 20
168.32815862045283
 10
279.1998095757363
 20
167.89427134849055
 10
279.4843558205521
 20
167.49230477642354
 10
279.81614233480303
 20
167.1283523077422
 10
280.19013957313774
 20
166.807931090879
 10
280.60067811865474
 20
166.5358983848622
 10
281.041534625484
 20
166.31637792822016
 10
281.5060261583664
 20
166.15269742730868
 10
281.98711149914
 20
166.04733811167495
 10
282.4774978844301
 20
166.0018971211465
 10
282.96975155650796
 20
166.01706329481982
 10
283.45641045148074
 20
166.09260672896158
 10
283.9300973165734
 20
166.22738226211487
 10
284.3836315417609
 20
166.41934683457973
 10
284.81013801049676
 20
166.6655904591155
 10
285.2031513194717
 20
166.96238033338113
 10
285.5567137875374
 20
167.30521742541373
 10
285.8654657680796
 20
167.68890467436697
 10
286.1247268957979
 20
168.10762577265592
 10
286.33056703627216
 20
168.55503333525135
 10
286.4798658627948
 20
169.02434511956648
 10
286.57036015734246
 20
169.50844683734113
 10
286.60067811865474
 20
169.99999999999997
  0
LWPOLYLINE
  5
108
330
17
100
AcDbEntity
  8
HIDDEN
100
AcDbPolyline
 90
52
 70
0
 10
317.00626970967676
 20
157.40559159102196
 10
316.9759517483645
 20
157.89714475368083
 10
316.8854574538168
 20
158.38124647145548
 10
316.7361586272942
 20
158.85055825577058
 10
316.53031848681985
 20
159.297965818366
 10
316.27105735910163
 20
159.71668691665496
 10
315.9623053785594
 20
160.1003741656082
 10
315.60874291049373
 20
160.4432112576408
 10
315.2157296015188
 20
160.74000113190644
 10
314.7892231327829
 20
160.9862447564422
 10
314.3356889075954
 20
161.1782093289071
 10
313.86200204250275
 20
161.31298486206038
 10
313.37534314753
 20
161.3885282962021
 10
312.88308947545204
 20
161.40369446987543
 10
312.392703090162
 20
161.358253479347
 10
311.9116177493884
 20
161.25289416371325
 10
311.44712621650604
 20
161.0892136628018
 10
311.00626970967676
 20
160.86969320615972
 10
310.5957311641597
 20
160.59766050014292
 10
310.22173392582505
 20
160.27723928327975
 10
309.88994741157404
 20
159.9132868145984
 10
309.60540116675827
 20
159.51132024253138
 10
309.37240862239867
 20
159.0774329705691
 10
309.19450170796813
 20
158.61820228747413
 10
309.07437731094114
 20
158.14058966228825
 10
309.0138563947286
 20
157.65183521555775
 10
309.0138563947286
 20
157.1593479664862
 10
309.07437731094114
 20
156.6705935197557
 10
309.19450170796813
 20
156.19298089456979
 10
309.37240862239867
 20
155.73375021147484
 10
309.60540116675827
 20
155.29986293951254
 10
309.88994741157404
 20
154.89789636744555
 10
310.22173392582505
 20
154.5339438987642
 10
310.5957311641597
 20
154.213522681901
 10
311.00626970967676
 20
153.94148997588422
 10
311.44712621650604
 20
153.72196951924215
 10
311.9116177493884
 20
153.5582890183307
 10
312.392703090162
 20
153.45292970269693
 10
312.88308947545204
 20
153.40748871216852
 10
313.37534314753
 20
153.42265488584184
 10
313.86200204250275
 20
153.49819831998357
 10
314.3356889075954
 20
153.63297385313686
 10
314.7892231327829
 20
153.82493842560172
 10
315.2157296015188
 20
154.07118205013748
 10
315.60874291049373
 20
154.36797192440315
 10
315.9623053785594
 20
154.71080901643575
 10
316.27105735910163
 20
155.09449626538895
 10
316.53031848681985
 20
155.51321736367794
 10
316.7361586272942
 20
155.96062492627337
 10
316.8854574538168
 20
156.42993671058846
 10
316.9759517483645
 20
156.9140384283631
 10
317.00626970967676
 20
157.40559159102196
  0
LWPOLYLINE
  5
109
330
17
100
AcDbEntity
  8
VISIBLE
100
AcDbPolyline
 90
257
 70
0
 10
332.60067811865474
 20
126.99999999999997
 10
332.58561905346494
 20
128.22706142614558
 10
332.54045092891334
 20
129.45338371637087
 10
332.46520095258927
 20
130.67822817998334
 10
332.3599144522646
 20
131.900857016478
 10
332.22465484859026
 20
133.12053375996078
 10
332.0595036168938
 20
134.33652372276805
 10
331.86456023810183
 20
135.54809443801503
 10
331.63994213881625
 20
136.75451610080637
 10
331.38578462058115
 20
137.95506200784345
 10
331.10224077838194
 20
139.14900899516317
 10
330.78948140842675
 20
140.3356378737449
 10
330.44769490526517
 20
141.51423386272307
 10
330.0770871483066
 20
142.68408701994454
 10
329.67788137780576
 20
143.844492669611
 10
329.2503180603917
 20
144.99475182674936
 10
328.7946547442191
 20
146.13417161825447
 10
328.3111659038313
 20
147.26206570024948
 10
327.8001427748269
 20
148.37775467151408
 10
327.2618931784305
 20
149.4805664827303
 10
326.6967413360725
 20
150.56983684129986
 10
326.1050276740903
 20
151.64490961148917
 10
325.48710861866834
 20
152.70513720966105
 10
324.8433563811401
 20
153.74988099435484
 10
324.174158733782
 20
154.77851165098008
 10
323.47991877623394
 20
155.79040957089222
 10
322.76105469268697
 20
156.78496522462163
 10
322.0179994999851
 20
157.7615795290313
 10
321.25120078679157
 20
158.71966420818225
 10
320.461120443979
 20
159.6586421476888
 10
319.6482343864027
 20
160.5779477423509
 10
318.8130322662281
 20
161.4770272368533
 10
317.9560171779821
 20
162.35533905932735
 10
317.0777053555081
 20
163.2123541475733
 10
316.1786258610057
 20
164.04755626774792
 10
315.2593202663436
 20
164.8604423253242
 10
314.320342326837
 20
165.65052266813683
 10
313.3622576476861
 20
166.41732138133028
 10
312.3856433432764
 20
167.16037657403223
 10
311.391087689547
 20
167.87924065757915
 10
310.3791897696349
 20
168.57348061512724
 10
309.3505591130096
 20
169.24267826248533
 10
308.3058153283158
 20
169.88643050001357
 10
307.24558773014394
 20
170.50434955543554
 10
306.17051495995463
 20
171.09606321741774
 10
305.0812446013851
 20
171.66121505977574
 10
303.9784327901689
 20
172.19946465617215
 10
302.8627438189042
 20
172.7104877851765
 10
301.7348497369092
 20
173.19397662556432
 10
300.59542994540413
 20
173.64963994173692
 10
299.4451707882657
 20
174.07720325915102
 10
298.2847651385993
 20
174.4764090296518
 10
297.1149119813779
 20
174.84701678661042
 10
295.93631599239967
 20
175.18880328977195
 10
294.7496871138179
 20
175.50156265972717
 10
293.5557401264982
 20
175.7851065019264
 10
292.35519421946117
 20
176.0392640201615
 10
291.1487725566698
 20
176.26388211944703
 10
289.93720184142285
 20
176.45882549823904
 10
288.7212118786156
 20
176.62397672993546
 10
287.50153513513277
 20
176.7592363336098
 10
286.2789062986381
 20
176.86452283393447
 10
285.05406183502566
 20
176.9397728102586
 10
283.82773954480035
 20
176.9849409348102
 10
282.60067811865474
 20
176.99999999999997
 10
281.37361669250913
 20
176.9849409348102
 10
280.1472944022838
 20
176.9397728102586
 10
278.9224499386714
 20
176.86452283393447
 10
277.6998211021767
 20
176.7592363336098
 10
276.4801443586939
 20
176.62397672993546
 10
275.26415439588664
 20
176.45882549823904
 10
274.05258368063966
 20
176.26388211944703
 10
272.8461620178483
 20
176.0392640201615
 10
271.64561611081126
 20
175.7851065019264
 10
270.45166912349157
 20
175.50156265972717
 10
269.2650402449098
 20
175.18880328977195
 10
268.0864442559316
 20
174.84701678661042
 10
266.91659109871017
 20
174.4764090296518
 10
265.75618544904376
 20
174.07720325915102
 10
264.60592629190535
 20
173.64963994173692
 10
263.46650650040027
 20
173.19397662556432
 10
262.33861241840526
 20
172.7104877851765
 10
261.22292344714066
 20
172.19946465617215
 10
260.1201116359244
 20
171.66121505977574
 10
259.03084127735485
 20
171.09606321741774
 10
257.95576850716554
 20
170.50434955543554
 10
256.89554090899367
 20
169.88643050001357
 10
255.8507971242999
 20
169.24267826248533
 10
254.82216646767463
 20
168.57348061512724
 10
253.81026854776246
 20
167.87924065757915
 10
252.81571289403308
 20
167.16037657403223
 10
251.8390985896234
 20
166.41732138133028
 10
250.88101391047246
 20
165.65052266813683
 10
249.94203597096592
 20
164.86044232532421
 10
249.02273037630383
 20
164.04755626774792
 10
248.12365088180138
 20
163.2123541475733
 10
247.24533905932736
 20
162.35533905932735
 10
246.3883239710814
 20
161.47702723685333
 10
245.5531218509068
 20
160.5779477423509
 10
244.7402357933305
 20
159.6586421476888
 10
243.95015545051788
 20
158.71966420818225
 10
243.18335673732443
 20
157.7615795290313
 10
242.4403015446225
 20
156.78496522462166
 10
241.72143746107557
 20
155.79040957089225
 10
241.02719750352747
 20
154.77851165098008
 10
240.35799985616939
 20
153.74988099435484
 10
239.71424761864114
 20
152.70513720966107
 10
239.09632856321917
 20
151.64490961148917
 10
238.504614901237
 20
150.56983684129986
 10
237.93946305887897
 20
149.48056648273032
 10
237.4012134624826
 20
148.37775467151408
 10
236.89019033347822
 20
147.26206570024948
 10
236.4067014930904
 20
146.13417161825447
 10
235.9510381769178
 20
144.9947518267494
 10
235.52347485950372
 20
143.844492669611
 10
235.1242690890029
 20
142.68408701994454
 10
234.75366133204432
 20
141.5142338627231
 10
234.41187482888276
 20
140.3356378737449
 10
234.09911545892754
 20
139.14900899516317
 10
233.81557161672833
 20
137.95506200784348
 10
233.56141409849323
 20
136.7545161008064
 10
233.33679599920768
 20
135.54809443801503
 10
233.1418526204157
 20
134.33652372276805
 10
232.97670138871925
 20
133.12053375996078
 10
232.8414417850449
 20
131.900857016478
 10
232.73615528472024
 20
130.67822817998336
 10
232.66090530839614
 20
129.45338371637087
 10
232.61573718384454
 20
128.22706142614558
 10
232.60067811865474
 20
126.99999999999997
 10
232.61573718384454
 20
125.77293857385436
 10
232.66090530839614
 20
124.54661628362909
 10
232.73615528472024
 20
123.3217718200166
 10
232.84144178504488
 20
122.09914298352194
 10
232.97670138871925
 20
120.87946624003916
 10
233.1418526204157
 20
119.6634762772319
 10
233.33679599920768
 20
118.45190556198492
 10
233.56141409849323
 20
117.24548389919356
 10
233.8155716167283
 20
116.04493799215648
 10
234.09911545892754
 20
114.85099100483679
 10
234.41187482888273
 20
113.66436212625506
 10
234.7536613320443
 20
112.48576613727687
 10
235.1242690890029
 20
111.31591298005542
 10
235.5234748595037
 20
110.15550733038897
 10
235.9510381769178
 20
109.00524817325056
 10
236.4067014930904
 20
107.86582838174549
 10
236.89019033347822
 20
106.73793429975049
 10
237.40121346248256
 20
105.62224532848589
 10
237.93946305887897
 20
104.51943351726965
 10
238.504614901237
 20
103.43016315870008
 10
239.09632856321917
 20
102.35509038851077
 10
239.71424761864114
 20
101.2948627903389
 10
240.35799985616939
 20
100.25011900564513
 10
241.02719750352747
 20
99.22148834901988
 10
241.72143746107554
 20
98.2095904291077
 10
242.44030154462249
 20
97.21503477537831
 10
243.18335673732443
 20
96.23842047096863
 10
243.95015545051788
 20
95.2803357918177
 10
244.7402357933305
 20
94.34135785231115
 10
245.5531218509068
 20
93.42205225764906
 10
246.38832397108138
 20
92.52297276314664
 10
247.24533905932736
 20
91.6446609406726
 10
248.12365088180138
 20
90.78764585242664
 10
249.0227303763038
 20
89.95244373225202
 10
249.9420359709659
 20
89.13955767467576
 10
250.88101391047243
 20
88.34947733186314
 10
251.83909858962338
 20
87.58267861866968
 10
252.81571289403308
 20
86.83962342596772
 10
253.8102685477625
 20
86.12075934242078
 10
254.82216646767463
 20
85.4265193848727
 10
255.85079712429987
 20
84.75732173751462
 10
256.89554090899367
 20
84.11356949998637
 10
257.95576850716554
 20
83.4956504445644
 10
259.03084127735485
 20
82.90393678258222
 10
260.1201116359244
 20
82.3387849402242
 10
261.2229234471406
 20
81.80053534382782
 10
262.3386124184052
 20
81.28951221482345
 10
263.4665065004002
 20
80.80602337443565
 10
264.60592629190535
 20
80.35036005826302
 10
265.75618544904376
 20
79.92279674084892
 10
266.91659109871017
 20
79.52359097034814
 10
268.0864442559316
 20
79.15298321338953
 10
269.2650402449098
 20
78.81119671022799
 10
270.4516691234915
 20
78.49843734027277
 10
271.64561611081126
 20
78.21489349807355
 10
272.8461620178483
 20
77.96073597983846
 10
274.05258368063966
 20
77.73611788055291
 10
275.26415439588664
 20
77.54117450176093
 10
276.48014435869396
 20
77.37602327006447
 10
277.6998211021767
 20
77.24076366639012
 10
278.9224499386714
 20
77.13547716606547
 10
280.1472944022838
 20
77.06022718974135
 10
281.37361669250913
 20
77.01505906518976
 10
282.60067811865474
 20
76.99999999999997
 10
283.82773954480035
 20
77.01505906518976
 10
285.0540618350256
 20
77.06022718974135
 10
286.2789062986381
 20
77.13547716606547
 10
287.50153513513277
 20
77.24076366639012
 10
288.7212118786155
 20
77.37602327006447
 10
289.93720184142285
 20
77.54117450176093
 10
291.1487725566698
 20
77.73611788055291
 10
292.35519421946117
 20
77.96073597983845
 10
293.5557401264982
 20
78.21489349807354
 10
294.7496871138179
 20
78.49843734027277
 10
295.93631599239967
 20
78.81119671022797
 10
297.1149119813779
 20
79.15298321338952
 10
298.2847651385993
 20
79.52359097034812
 10
299.4451707882657
 20
79.92279674084892
 10
300.59542994540413
 20
80.35036005826302
 10
301.73484973690927
 20
80.80602337443564
 10
302.8627438189042
 20
81.28951221482345
 10
303.9784327901688
 20
81.8005353438278
 10
305.0812446013851
 20
82.3387849402242
 10
306.17051495995463
 20
82.90393678258222
 10
307.24558773014394
 20
83.4956504445644
 10
308.3058153283158
 20
84.11356949998637
 10
309.3505591130096
 20
84.75732173751462
 10
310.3791897696348
 20
85.4265193848727
 10
311.39108768954696
 20
86.12075934242077
 10
312.3856433432764
 20
86.83962342596772
 10
313.3622576476861
 20
87.58267861866966
 10
314.320342326837
 20
88.34947733186313
 10
315.2593202663436
 20
89.13955767467574
 10
316.1786258610057
 20
89.95244373225202
 10
317.0777053555081
 20
90.78764585242662
 10
317.9560171779821
 20
91.6446609406726
 10
318.8130322662281
 20
92.52297276314661
 10
319.6482343864027
 20
93.42205225764903
 10
320.461120443979
 20
94.34135785231112
 10
321.25120078679157
 20
95.28033579181768
 10
322.017999499985
 20
96.2384204709686
 10
322.761054692687
 20
97.21503477537831
 10
323.47991877623394
 20
98.2095904291077
 10
324.174158733782
 20
99.22148834901986
 10
324.8433563811401
 20
100.2501190056451
 10
325.48710861866834
 20
101.29486279033888
 10
326.1050276740903
 20
102.35509038851076
 10
326.6967413360725
 20
103.43016315870008
 10
327.2618931784305
 20
104.51943351726962
 10
327.8001427748269
 20
105.62224532848585
 10
328.31116590383124
 20
106.73793429975045
 10
328.7946547442191
 20
107.86582838174544
 10
329.2503180603917
 20
109.00524817325058
 10
329.67788137780576
 20
110.15550733038897
 10
330.0770871483066
 20
111.3159129800554
 10
330.44769490526517
 20
112.48576613727684
 10
330.78948140842675
 20
113.66436212625504
 10
331.10224077838194
 20
114.85099100483676
 10
331.38578462058115
 20
116.04493799215646
 10
331.63994213881625
 20
117.24548389919353
 10
331.8645602381018
 20
118.45190556198489
 10
332.0595036168938
 20
119.66347627723185
 10
332.22465484859026
 20
120.87946624003916
 10
332.3599144522646
 20
122.09914298352194
 10
332.46520095258927
 20
123.32177182001661
 10
332.54045092891334
 20
124.54661628362906
 10
332.58561905346494
 20
125.77293857385435
 10
332.60067811865474
 20
126.99999999999996
  0
LWPOLYLINE
  5
10A
330
17
100
AcDbEntity
  8
VISIBLE
100
AcDbPolyline
 90
52
 70
0
 10
256.19508652763477
 20
96.59440840897997
 10
256.1647685663225
 20
97.08596157163883
 10
256.07427427177475
 20
97.57006328941348
 10
255.92497544525216
 20
98.03937507372859
 10
255.71913530477786
 20
98.48678263632401
 10
255.45987417705962
 20
98.90550373461298
 10
255.15112219651738
 20
99.2891909835662
 10
254.79755972845172
 20
99.6320280755988
 10
254.40454641947676
 20
99.92881794986445
 10
253.9780399507409
 20
100.17506157440022
 10
253.52450572555338
 20
100.36702614686509
 10
253.05081886046074
 20
100.50180168001837
 10
252.56415996548796
 20
100.57734511416011
 10
252.07190629341005
 20
100.59251128783343
 10
251.58151990812001
 20
100.54707029730501
 10
251.1004345673464
 20
100.44171098167125
 10
250.63594303446402
 20
100.27803048075978
 10
250.19508652763474
 20
100.05851002411772
 10
249.78454798211772
 20
99.78647731810094
 10
249.41055074378303
 20
99.46605610123774
 10
249.07876422953206
 20
99.1021036325564
 10
248.79421798471628
 20
98.7001370604894
 10
248.56122544035665
 20
98.2662497885271
 10
248.38331852592611
 20
97.80701910543215
 10
248.26319412889913
 20
97.32940648024626
 10
248.20267321268656
 20
96.84065203351574
 10
248.20267321268656
 20
96.34816478444421
 10
248.26319412889913
 20
95.8594103377137
 10
248.38331852592611
 20
95.3817977125278
 10
248.56122544035665
 20
94.92256702943284
 10
248.79421798471628
 20
94.48867975747055
 10
249.07876422953206
 20
94.08671318540354
 10
249.41055074378303
 20
93.7227607167222
 10
249.78454798211772
 20
93.40233949985901
 10
250.19508652763474
 20
93.13030679384221
 10
250.63594303446402
 20
92.91078633720016
 10
251.1004345673464
 20
92.7471058362887
 10
251.58151990812001
 20
92.64174652065493
 10
252.07190629341005
 20
92.5963055301265
 10
252.56415996548796
 20
92.61147170379984
 10
253.05081886046074
 20
92.68701513794157
 10
253.52450572555338
 20
92.82179067109486
 10
253.9780399507409
 20
93.01375524355973
 10
254.40454641947676
 20
93.2599988680955
 10
254.79755972845172
 20
93.55678874236114
 10
255.15112219651738
 20
93.89962583439375
 10
255.45987417705962
 20
94.28331308334697
 10
255.7191353047779
 20
94.70203418163592
 10
255.92497544525216
 20
95.14944174423135
 10
256.07427427177475
 20
95.61875352854646
 10
256.1647685663225
 20
96.10285524632111
 10
256.19508652763477
 20
96.59440840897997
  0
LWPOLYLINE
  5
10B
330
17
100
AcDbEntity
  8
VISIBLE
100
AcDbPolyline
 90
52
 70
0
 10
286.60067811865474
 20
83.99999999999997
 10
286.57036015734246
 20
84.49155316265882
 10
286.4798658627948
 20
84.97565488043348
 10
286.33056703627216
 20
85.44496666474859
 10
286.1247268957979
 20
85.89237422734402
 10
285.8654657680796
 20
86.31109532563298
 10
285.5567137875374
 20
86.6947825745862
 10
285.2031513194717
 20
87.03761966661881
 10
284.81013801049676
 20
87.33440954088445
 10
284.3836315417609
 20
87.58065316542022
 10
283.9300973165734
 20
87.77261773788508
 10
283.45641045148074
 20
87.90739327103837
 10
282.96975155650796
 20
87.98293670518011
 10
282.4774978844301
 20
87.99810287885344
 10
281.98711149914
 20
87.95266188832501
 10
281.5060261583664
 20
87.84730257269125
 10
281.041534625484
 20
87.68362207177978
 10
280.60067811865474
 20
87.46410161513774
 10
280.1901395731377
 20
87.19206890912093
 10
279.81614233480303
 20
86.87164769225774
 10
279.484355820552
 20
86.5076952235764
 10
279.19980957573625
 20
86.1057286515094
 10
278.96681703137665
 20
85.6718413795471
 10
278.7889101169461
 20
85.21261069645215
 10
278.66878571991913
 20
84.73499807126626
 10
278.60826480370656
 20
84.24624362453574
 10
278.60826480370656
 20
83.7537563754642
 10
278.66878571991913
 20
83.26500192873368
 10
278.7889101169461
 20
82.7873893035478
 10
278.96681703137665
 20
82.32815862045284
 10
279.19980957573625
 20
81.89427134849055
 10
279.484355820552
 20
81.49230477642354
 10
279.81614233480303
 20
81.1283523077422
 10
280.1901395731377
 20
80.80793109087901
 10
280.60067811865474
 20
80.53589838486221
 10
281.041534625484
 20
80.31637792822016
 10
281.5060261583664
 20
80.1526974273087
 10
281.98711149914
 20
80.04733811167493
 10
282.4774978844301
 20
80.0018971211465
 10
282.96975155650796
 20
80.01706329481983
 10
283.45641045148074
 20
80.09260672896157
 10
283.9300973165734
 20
80.22738226211486
 10
284.3836315417609
 20
80.41934683457973
 10
284.81013801049676
 20
80.66559045911549
 10
285.2031513194717
 20
80.96238033338113
 10
285.5567137875374
 20
81.30521742541374
 10
285.8654657680796
 20
81.68890467436697
 10
286.1247268957979
 20
82.10762577265592
 10
286.33056703627216
 20
82.55503333525135
 10
286.4798658627948
 20
83.02434511956646
 10
286.57036015734246
 20
83.50844683734113
 10
286.60067811865474
 20
83.99999999999997
  0
LWPOLYLINE
  5
10C
330
17
100
AcDbEntity
  8
VISIBLE
100
AcDbPolyline
 90
52
 70
0
 10
317.00626970967676
 20
96.59440840897997
 10
316.9759517483645
 20
97.08596157163883
 10
316.8854574538168
 20
97.57006328941348
 10
316.7361586272942
 20
98.03937507372859
 10
316.53031848681985
 20
98.48678263632401
 10
316.27105735910163
 20
98.90550373461298
 10
315.9623053785594
 20
99.2891909835662
 10
315.60874291049373
 20
99.6320280755988
 10
315.2157296015188
 20
99.92881794986445
 10
314.7892231327829
 20
100.17506157440022
 10
314.3356889075954
 20
100.36702614686509
 10
313.86200204250275
 20
100.50180168001837
 10
313.37534314753
 20
100.57734511416011
 10
312.88308947545204
 20
100.59251128783343
 10
312.392703090162
 20
100.54707029730501
 10
311.9116177493884
 20
100.44171098167125
 10
311.44712621650604
 20
100.27803048075978
 10
311.00626970967676
 20
100.05851002411772
 10
310.5957311641597
 20
99.78647731810094
 10
310.22173392582505
 20
99.46605610123774
 10
309.88994741157404
 20
99.1021036325564
 10
309.60540116675827
 20
98.7001370604894
 10
309.37240862239867
 20
98.2662497885271
 10
309.19450170796813
 20
97.80701910543215
 10
309.07437731094114
 20
97.32940648024626
 10
309.0138563947286
 20
96.84065203351574
 10
309.0138563947286
 20
96.34816478444421
 10
309.07437731094114
 20
95.8594103377137
 10
309.19450170796813
 20
95.3817977125278
 10
309.37240862239867
 20
94.92256702943284
 10
309.60540116675827
 20
94.48867975747055
 10
309.88994741157404
 20
94.08671318540354
 10
310.22173392582505
 20
93.7227607167222
 10
310.5957311641597
 20
93.40233949985901
 10
311.00626970967676
 20
93.13030679384221
 10
311.44712621650604
 20
92.91078633720016
 10
311.9116177493884
 20
92.7471058362887
 10
312.392703090162
 20
92.64174652065493
 10
312.88308947545204
 20
92.5963055301265
 10
313.37534314753
 20
92.61147170379984
 10
313.86200204250275
 20
92.68701513794157
 10
314.3356889075954
 20
92.82179067109486
 10
314.7892231327829
 20
93.01375524355973
 10
315.2157296015188
 20
93.2599988680955
 10
315.60874291049373
 20
93.55678874236114
 10
315.9623053785594
 20
93.89962583439375
 10
316.27105735910163
 20
94.28331308334697
 10
316.53031848681985
 20
94.70203418163592
 10
316.7361586272942
 20
95.14944174423135
 10
316.8854574538168
 20
95.61875352854646
 10
316.9759517483645
 20
96.10285524632111
 10
317.00626970967676
 20
96.59440840897997
  0
LWPOLYLINE
  5
10D
330
17
100
AcDbEntity
  8
VISIBLE
100
AcDbPolyline
 90
52
 70
0
 10
329.60067811865474
 20
126.99999999999996
 10
329.57036015734246
 20
127.49155316265882
 10
329.4798658627948
 20
127.97565488043347
 10
329.33056703627216
 20
128.44496666474856
 10
329.1247268957979
 20
128.892374227344
 10
328.8654657680796
 20
129.31109532563298
 10
328.5567137875374
 20
129.69478257458618
 10
328.2031513194717
 20
130.03761966661878
 10
327.81013801049676
 20
130.33440954088445
 10
327.3836315417609
 20
130.58065316542022
 10
326.9300973165734
 20
130.77261773788507
 10
326.45641045148074
 20
130.90739327103836
 10
325.96975155650796
 20
130.9829367051801
 10
325.4774978844301
 20
130.99810287885342
 10
324.98711149914
 20
130.952661888325
 10
324.5060261583664
 20
130.84730257269123
 10
324.041534625484
 20
130.68362207177978
 10
323.60067811865474
 20
130.4641016151377
 10
323.1901395731377
 20
130.1920689091209
 10
322.81614233480303
 20
129.87164769225774
 10
322.4843558205521
 20
129.50769522357638
 10
322.19980957573625
 20
129.1057286515094
 10
321.96681703137665
 20
128.6718413795471
 10
321.7889101169461
 20
128.21261069645215
 10
321.66878571991913
 20
127.73499807126625
 10
321.60826480370656
 20
127.24624362453574
 10
321.60826480370656
 20
126.75375637546419
 10
321.66878571991913
 20
126.26500192873368
 10
321.7889101169461
 20
125.78738930354778
 10
321.96681703137665
 20
125.32815862045283
 10
322.19980957573625
 20
124.89427134849053
 10
322.4843558205521
 20
124.49230477642354
 10
322.81614233480303
 20
124.12835230774219
 10
323.1901395731377
 20
123.80793109087901
 10
323.60067811865474
 20
123.53589838486221
 10
324.041534625484
 20
123.31637792822015
 10
324.5060261583664
 20
123.15269742730868
 10
324.98711149914
 20
123.04733811167492
 10
325.4774978844301
 20
123.0018971211465
 10
325.96975155650796
 20
123.01706329481982
 10
326.45641045148074
 20
123.09260672896156
 10
326.9300973165734
 20
123.22738226211484
 10
327.3836315417609
 20
123.41934683457971
 10
327.81013801049676
 20
123.66559045911548
 10
328.2031513194717
 20
123.96238033338113
 10
328.5567137875374
 20
124.30521742541373
 10
328.8654657680796
 20
124.68890467436695
 10
329.1247268957979
 20
125.10762577265592
 10
329.33056703627216
 20
125.55503333525135
 10
329.4798658627948
 20
126.02434511956645
 10
329.57036015734246
 20
126.50844683734111
 10
329.60067811865474
 20
126.99999999999996
  0
LWPOLYLINE
  5
10E
330
17
100
AcDbEntity
  8
VISIBLE
100
AcDbPolyline
 90
52
 70
0
 10
243.60067811865474
 20
126.99999999999997
 10
243.5703601573425
 20
127.49155316265883
 10
243.47986586279478
 20
127.97565488043348
 10
243.33056703627216
 20
128.4449666647486
 10
243.1247268957979
 20
128.89237422734402
 10
242.86546576807962
 20
129.31109532563298
 10
242.55671378753738
 20
129.6947825745862
 10
242.20315131947171
 20
130.0376196666188
 10
241.81013801049676
 20
130.33440954088445
 10
241.3836315417609
 20
130.58065316542022
 10
240.93009731657338
 20
130.7726177378851
 10
240.45641045148074
 20
130.9073932710384
 10
239.96975155650796
 20
130.98293670518012
 10
239.47749788443005
 20
130.99810287885344
 10
238.98711149913998
 20
130.95266188832503
 10
238.5060261583664
 20
130.84730257269126
 10
238.04153462548402
 20
130.68362207177978
 10
237.60067811865474
 20
130.46410161513774
 10
237.1901395731377
 20
130.19206890912093
 10
236.81614233480303
 20
129.87164769225774
 10
236.48435582055205
 20
129.5076952235764
 10
236.19980957573628
 20
129.1057286515094
 10
235.96681703137665
 20
128.67184137954712
 10
235.7889101169461
 20
128.21261069645215
 10
235.66878571991913
 20
127.73499807126626
 10
235.60826480370656
 20
127.24624362453575
 10
235.60826480370656
 20
126.7537563754642
 10
235.66878571991913
 20
126.2650019287337
 10
235.7889101169461
 20
125.7873893035478
 10
235.96681703137665
 20
125.32815862045284
 10
236.19980957573628
 20
124.89427134849055
 10
236.48435582055205
 20
124.49230477642355
 10
236.81614233480303
 20
124.1283523077422
 10
237.1901395731377
 20
123.80793109087902
 10
237.60067811865474
 20
123.53589838486222
 10
238.04153462548402
 20
123.31637792822016
 10
238.5060261583664
 20
123.1526974273087
 10
238.98711149913998
 20
123.04733811167493
 10
239.47749788443005
 20
123.00189712114651
 10
239.96975155650796
 20
123.01706329481983
 10
240.45641045148074
 20
123.09260672896157
 10
240.93009731657338
 20
123.22738226211487
 10
241.3836315417609
 20
123.41934683457973
 10
241.81013801049676
 20
123.66559045911549
 10
242.20315131947171
 20
123.96238033338115
 10
242.55671378753738
 20
124.30521742541374
 10
242.86546576807962
 20
124.68890467436697
 10
243.1247268957979
 20
125.10762577265594
 10
243.33056703627216
 20
125.55503333525137
 10
243.47986586279478
 20
126.02434511956646
 10
243.5703601573425
 20
126.50844683734113
 10
243.60067811865474
 20
126.99999999999997
  0
LWPOLYLINE
  5
10F
330
17
100
AcDbEntity
  8
VISIBLE
100
AcDbPolyline
 90
52
 70
0
 10
256.19508652763477
 20
157.40559159102196
 10
256.1647685663225
 20
157.89714475368083
 10
256.07427427177475
 20
158.38124647145548
 10
255.92497544525216
 20
158.85055825577058
 10
255.71913530477786
 20
159.297965818366
 10
255.45987417705962
 20
159.71668691665496
 10
255.15112219651738
 20
160.1003741656082
 10
254.79755972845172
 20
160.4432112576408
 10
254.40454641947676
 20
160.74000113190644
 10
253.9780399507409
 20
160.9862447564422
 10
253.52450572555338
 20
161.1782093289071
 10
253.05081886046074
 20
161.31298486206038
 10
252.56415996548796
 20
161.3885282962021
 10
252.07190629341005
 20
161.40369446987543
 10
251.58151990812001
 20
161.358253479347
 10
251.1004345673464
 20
161.25289416371325
 10
250.63594303446402
 20
161.0892136628018
 10
250.19508652763474
 20
160.86969320615972
 10
249.78454798211772
 20
160.59766050014292
 10
249.41055074378303
 20
160.27723928327975
 10
249.07876422953206
 20
159.9132868145984
 10
248.79421798471628
 20
159.51132024253138
 10
248.56122544035665
 20
159.0774329705691
 10
248.38331852592611
 20
158.61820228747413
 10
248.26319412889913
 20
158.14058966228825
 10
248.20267321268656
 20
157.65183521555775
 10
248.20267321268656
 20
157.1593479664862
 10
248.26319412889913
 20
156.6705935197557
 10
248.38331852592611
 20
156.19298089456979
 10
248.56122544035665
 20
155.73375021147484
 10
248.79421798471628
 20
155.29986293951254
 10
249.07876422953206
 20
154.89789636744555
 10
249.41055074378303
 20
154.5339438987642
 10
249.78454798211772
 20
154.213522681901
 10
250.19508652763474
 20
153.94148997588422
 10
250.63594303446402
 20
153.72196951924215
 10
251.1004345673464
 20
153.5582890183307
 10
251.58151990812001
 20
153.45292970269693
 10
252.07190629341005
 20
153.40748871216852
 10
252.56415996548796
 20
153.42265488584184
 10
253.05081886046074
 20
153.49819831998357
 10
253.52450572555338
 20
153.63297385313686
 10
253.9780399507409
 20
153.82493842560172
 10
254.40454641947676
 20
154.07118205013748
 10
254.79755972845172
 20
154.36797192440315
 10
255.15112219651738
 20
154.71080901643575
 10
255.45987417705962
 20
155.09449626538895
 10
255.7191353047779
 20
155.51321736367794
 10
255.92497544525216
 20
155.96062492627337
 10
256.07427427177475
 20
156.42993671058846
 10
256.1647685663225
 20
156.9140384283631
 10
256.19508652763477
 20
157.40559159102196
  0
LWPOLYLINE
  5
110
330
17
100
AcDbEntity
  8
VISIBLE
100
AcDbPolyline
 90
52
 70
0
 10
286.60067811865474
 20
169.99999999999997
 10
286.57036015734246
 20
170.49155316265882
 10
286.4798658627948
 20
170.97565488043347
 10
286.33056703627216
 20
171.4449666647486
 10
286.1247268957979
 20
171.89237422734402
 10
285.8654657680796
 20
172.31109532563298
 10
285.5567137875374
 20
172.6947825745862
 10
285.2031513194717
 20
173.0376196666188
 10
284.81013801049676
 20
173.33440954088445
 10
284.3836315417609
 20
173.58065316542022
 10
283.9300973165734
 20
173.77261773788507
 10
283.45641045148074
 20
173.90739327103836
 10
282.96975155650796
 20
173.98293670518012
 10
282.4774978844301
 20
173.99810287885344
 10
281.98711149914
 20
173.952661888325
 10
281.5060261583664
 20
173.84730257269126
 10
281.041534625484
 20
173.68362207177978
 10
280.60067811865474
 20
173.46410161513774
 10
280.19013957313774
 20
173.19206890912093
 10
279.81614233480303
 20
172.87164769225774
 10
279.4843558205521
 20
172.5076952235764
 10
279.1998095757363
 20
172.1057286515094
 10
278.96681703137665
 20
171.67184137954712
 10
278.7889101169461
 20
171.21261069645215
 10
278.66878571991913
 20
170.73499807126626
 10
278.60826480370656
 20
170.24624362453574
 10
278.60826480370656
 20
169.7537563754642
 10
278.66878571991913
 20
169.26500192873368
 10
278.7889101169461
 20
168.7873893035478
 10
278.96681703137665
 20
168.32815862045283
 10
279.1998095757363
 20
167.89427134849055
 10
279.4843558205521
 20
167.49230477642354
 10
279.81614233480303
 20
167.1283523077422
 10
280.19013957313774
 20
166.807931090879
 10
280.60067811865474
 20
166.5358983848622
 10
281.041534625484
 20
166.31637792822016
 10
281.5060261583664
 20
166.15269742730868
 10
281.98711149914
 20
166.04733811167495
 10
282.4774978844301
 20
166.0018971211465
 10
282.96975155650796
 20
166.01706329481982
 10
283.45641045148074
 20
166.09260672896158
 10
283.9300973165734
 20
166.22738226211487
 10
284.3836315417609
 20
166.41934683457973
 10
284.81013801049676
 20
166.6655904591155
 10
285.2031513194717
 20
166.96238033338113
 10
285.5567137875374
 20
167.30521742541373
 10
285.8654657680796
 20
167.68890467436697
 10
286.1247268957979
 20
168.10762577265592
 10
286.33056703627216
 20
168.55503333525135
 10
286.4798658627948
 20
169.02434511956648
 10
286.57036015734246
 20
169.50844683734113
 10
286.60067811865474
 20
169.99999999999997
  0
LWPOLYLINE
  5
111
330
17
100
AcDbEntity
  8
VISIBLE
100
AcDbPolyline
 90
52
 70
0
 10
317.00626970967676
 20
157.40559159102196
 10
316.9759517483645
 20
157.89714475368083
 10
316.8854574538168
 20
158.38124647145548
 10
316.7361586272942
 20
158.85055825577058
 10
316.53031848681985
 20
159.297965818366
 10
316.27105735910163
 20
159.71668691665496
 10
315.9623053785594
 20
160.1003741656082
 10
315.60874291049373
 20
160.4432112576408
 10
315.2157296015188
 20
160.74000113190644
 10
314.7892231327829
 20
160.9862447564422
 10
314.3356889075954
 20
161.1782093289071
 10
313.86200204250275
 20
161.31298486206038
 10
313.37534314753
 20
161.3885282962021
 10
312.88308947545204
 20
161.40369446987543
 10
312.392703090162
 20
161.358253479347
 10
311.9116177493884
 20
161.25289416371325
 10
311.44712621650604
 20
161.0892136628018
 10
311.00626970967676
 20
160.86969320615972
 10
310.5957311641597
 20
160.59766050014292
 10
310.22173392582505
 20
160.27723928327975
 10
309.88994741157404
 20
159.9132868145984
 10
309.60540116675827
 20
159.51132024253138
 10
309.37240862239867
 20
159.0774329705691
 10
309.19450170796813
 20
158.61820228747413
 10
309.07437731094114
 20
158.14058966228825
 10
309.0138563947286
 20
157.65183521555775
 10
309.0138563947286
 20
157.1593479664862
 10
309.07437731094114
 20
156.6705935197557
 10
309.19450170796813
 20
156.19298089456979
 10
309.37240862239867
 20
155.73375021147484
 10
309.60540116675827
 20
155.29986293951254
 10
309.88994741157404
 20
154.89789636744555
 10
310.22173392582505
 20
154.5339438987642
 10
310.5957311641597
 20
154.213522681901
 10
311.00626970967676
 20
153.94148997588422
 10
311.44712621650604
 20
153.72196951924215
 10
311.9116177493884
 20
153.5582890183307
 10
312.392703090162
 20
153.45292970269693
 10
312.88308947545204
 20
153.40748871216852
 10
313.37534314753
 20
153.42265488584184
 10
313.86200204250275
 20
153.49819831998357
 10
314.3356889075954
 20
153.63297385313686
 10
314.7892231327829
 20
153.82493842560172
 10
315.2157296015188
 20
154.07118205013748
 10
315.60874291049373
 20
154.36797192440315
 10
315.9623053785594
 20
154.71080901643575
 10
316.27105735910163
 20
155.09449626538895
 10
316.53031848681985
 20
155.51321736367794
 10
316.7361586272942
 20
155.96062492627337
 10
316.8854574538168
 20
156.42993671058846
 10
316.9759517483645
 20
156.9140384283631
 10
317.00626970967676
 20
157.40559159102196
  0
LWPOLYLINE
  5
112
330
17
100
AcDbEntity
  8
VISIBLE
100
AcDbPolyline
 90
257
 70
0
 10
305.10067811865474
 20
126.99999999999997
 10
305.09390153931935
 20
127.5521776417655
 10
305.07357588327113
 20
128.10402267236688
 10
305.0397133939253
 20
128.6552026809925
 10
304.9923344687792
 20
129.2053856574151
 10
304.9314676471257
 20
129.75424019198235
 10
304.8571495928623
 20
130.3014356752456
 10
304.7694250724059
 20
130.84664249710676
 10
304.66834692772744
 20
131.38953224536286
 10
304.5539760445216
 20
131.92977790352955
 10
304.42638131553196
 20
132.4670540478234
 10
304.28563959905216
 20
133.0010370431852
 10
304.13183567262945
 20
133.53140523822537
 10
303.96506218199806
 20
134.05783915897504
 10
303.78541958527273
 20
134.5800217013249
 10
303.59301609243636
 20
135.0976383220372
 10
303.3879676001587
 20
135.6103772282145
 10
303.1703976219842
 20
136.11792956511223
 10
302.9404372139322
 20
136.6199896021813
 10
302.69822489555384
 20
137.11625491722862
 10
302.4439065664927
 20
137.60642657858492
 10
302.17763541860074
 20
138.09020932517012
 10
301.89957184366085
 20
138.56731174434745
 10
301.6098833367731
 20
139.03744644745967
 10
301.308744395462
 20
139.50033024294103
 10
300.99633641456535
 20
139.9556843069015
 10
300.6728475769693
 20
140.40323435107973
 10
300.3384727402534
 20
140.84271078806407
 10
299.99341331931635
 20
141.273848893682
 10
299.63787716505067
 20
141.69638896645995
 10
299.2720784391413
 20
142.11007648405788
 10
298.8962374850627
 20
142.51466225658396
 10
298.5105806953521
 20
142.90990257669728
 10
298.11534037523876
 20
143.29555936640799
 10
297.71075460271265
 20
143.67140032048655
 10
297.2970670851147
 20
144.03719904639587
 10
296.8745270123368
 20
144.39273520066155
 10
296.44338890671884
 20
144.7377946215986
 10
296.0039124697345
 20
145.07216945831448
 10
295.55636242555624
 20
145.3956582959106
 10
295.1010083615958
 20
145.70806627680724
 10
294.6381245661144
 20
146.00920521811838
 10
294.1679898630022
 20
146.2988937250061
 10
293.69088744382486
 20
146.57695729994597
 10
293.2071046972397
 20
146.84322844783796
 10
292.7169330358834
 20
147.09754677689907
 10
292.2206677208361
 20
147.33975909527746
 10
291.718607683767
 20
147.56971950332942
 10
291.2110553468693
 20
147.78728948150393
 10
290.698316440692
 20
147.9923379737816
 10
290.1806998199797
 20
148.18474146661794
 10
289.6585172776298
 20
148.3643840633433
 10
289.1320833568801
 20
148.53115755397468
 10
288.60171516183993
 20
148.68496148039736
 10
288.0677321664782
 20
148.8257031968772
 10
287.5304560221843
 20
148.95329792586688
 10
286.9902103640176
 20
149.06766880907264
 10
286.4473206157615
 20
149.16874695375114
 10
285.90211379390036
 20
149.25647147420756
 10
285.3549183106371
 20
149.33078952847094
 10
284.80606377606983
 20
149.3916563501244
 10
284.2558807996473
 20
149.4390352752705
 10
283.70470079102165
 20
149.47289776461636
 10
283.15285576042027
 20
149.49322342066458
 10
282.60067811865474
 20
149.49999999999997
 10
282.0485004768892
 20
149.49322342066458
 10
281.49665544628783
 20
149.47289776461636
 10
280.94547543766225
 20
149.4390352752705
 10
280.39529246123965
 20
149.3916563501244
 10
279.84643792667237
 20
149.33078952847094
 10
279.2992424434091
 20
149.25647147420756
 10
278.754035621548
 20
149.16874695375114
 10
278.21114587329185
 20
149.06766880907264
 10
277.6709002151252
 20
148.95329792586688
 10
277.13362407083133
 20
148.8257031968772
 10
276.59964107546955
 20
148.68496148039736
 10
276.06927288042937
 20
148.53115755397468
 10
275.54283895967967
 20
148.3643840633433
 10
275.0206564173298
 20
148.18474146661794
 10
274.5030397966175
 20
147.9923379737816
 10
273.9903008904402
 20
147.78728948150393
 10
273.4827485535425
 20
147.56971950332942
 10
272.9806885164734
 20
147.33975909527746
 10
272.48442320142607
 20
147.09754677689907
 10
271.9942515400698
 20
146.84322844783796
 10
271.5104687934846
 20
146.57695729994597
 10
271.03336637430726
 20
146.2988937250061
 10
270.56323167119507
 20
146.00920521811838
 10
270.1003478757137
 20
145.70806627680724
 10
269.64499381175324
 20
145.3956582959106
 10
269.197443767575
 20
145.07216945831448
 10
268.75796733059065
 20
144.73779462159862
 10
268.3268292249727
 20
144.39273520066155
 10
267.9042891521948
 20
144.03719904639587
 10
267.4906016345968
 20
143.67140032048655
 10
267.0860158620707
 20
143.29555936640799
 10
266.6907755419574
 20
142.90990257669728
 10
266.30511875224676
 20
142.514662256584
 10
265.9292777981682
 20
142.11007648405788
 10
265.5634790722588
 20
141.69638896645995
 10
265.20794291799314
 20
141.273848893682
 10
264.8628834970561
 20
140.84271078806407
 10
264.5285086603402
 20
140.40323435107973
 10
264.20501982274413
 20
139.9556843069015
 10
263.8926118418475
 20
139.50033024294103
 10
263.59147290053636
 20
139.03744644745967
 10
263.30178439364863
 20
138.56731174434745
 10
263.02372081870874
 20
138.09020932517012
 10
262.75744967081675
 20
137.60642657858492
 10
262.50313134175565
 20
137.11625491722862
 10
262.26091902337726
 20
136.6199896021813
 10
262.0309586153253
 20
136.11792956511223
 10
261.8133886371508
 20
135.6103772282145
 10
261.6083401448731
 20
135.0976383220372
 10
261.41593665203675
 20
134.58002170132494
 10
261.2362940553114
 20
134.057839158975
 10
261.06952056468003
 20
133.53140523822537
 10
260.9157166382573
 20
133.0010370431852
 10
260.7749749217775
 20
132.4670540478234
 10
260.64738019278786
 20
131.92977790352955
 10
260.53300930958204
 20
131.38953224536286
 10
260.4319311649036
 20
130.84664249710676
 10
260.3442066444472
 20
130.3014356752456
 10
260.26988859018377
 20
129.75424019198235
 10
260.2090217685303
 20
129.2053856574151
 10
260.1616428433842
 20
128.6552026809925
 10
260.12778035403835
 20
128.10402267236688
 10
260.10745469799014
 20
127.5521776417655
 10
260.10067811865474
 20
126.99999999999997
 10
260.10745469799014
 20
126.44782235823445
 10
260.12778035403835
 20
125.89597732763308
 10
260.1616428433842
 20
125.34479731900745
 10
260.2090217685303
 20
124.79461434258486
 10
260.26988859018377
 20
124.24575980801761
 10
260.3442066444472
 20
123.69856432475433
 10
260.4319311649036
 20
123.1533575028932
 10
260.53300930958204
 20
122.61046775463709
 10
260.64738019278786
 20
122.0702220964704
 10
260.7749749217775
 20
121.53294595217653
 10
260.9157166382573
 20
120.99896295681476
 10
261.06952056468003
 20
120.46859476177457
 10
261.2362940553114
 20
119.94216084102491
 10
261.41593665203675
 20
119.41997829867502
 10
261.6083401448731
 20
118.90236167796274
 10
261.8133886371508
 20
118.38962277178545
 10
262.0309586153253
 20
117.88207043488771
 10
262.26091902337726
 20
117.38001039781864
 10
262.50313134175565
 20
116.88374508277133
 10
262.75744967081675
 20
116.39357342141503
 10
263.02372081870874
 20
115.90979067482984
 10
263.30178439364863
 20
115.4326882556525
 10
263.5914729005363
 20
114.96255355254029
 10
263.8926118418475
 20
114.49966975705892
 10
264.20501982274413
 20
114.04431569309845
 10
264.5285086603402
 20
113.59676564892023
 10
264.8628834970561
 20
113.15728921193588
 10
265.20794291799314
 20
112.72615110631796
 10
265.5634790722588
 20
112.30361103354
 10
265.9292777981682
 20
111.88992351594206
 10
266.30511875224676
 20
111.48533774341597
 10
266.6907755419574
 20
111.09009742330265
 10
267.0860158620707
 20
110.70444063359197
 10
267.4906016345968
 20
110.32859967951339
 10
267.90428915219474
 20
109.96280095360407
 10
268.3268292249727
 20
109.6072647993384
 10
268.75796733059065
 20
109.26220537840135
 10
269.197443767575
 20
108.92783054168547
 10
269.64499381175324
 20
108.60434170408934
 10
270.1003478757137
 20
108.2919337231927
 10
270.56323167119507
 20
107.99079478188156
 10
271.03336637430726
 20
107.70110627499385
 10
271.5104687934846
 20
107.42304270005397
 10
271.9942515400698
 20
107.15677155216198
 10
272.48442320142607
 20
106.90245322310088
 10
272.9806885164734
 20
106.6602409047225
 10
273.4827485535425
 20
106.43028049667053
 10
273.9903008904402
 20
106.21271051849602
 10
274.5030397966175
 20
106.00766202621834
 10
275.0206564173298
 20
105.815258533382
 10
275.54283895967967
 20
105.63561593665665
 10
276.0692728804293
 20
105.46884244602528
 10
276.59964107546955
 20
105.31503851960258
 10
277.1336240708313
 20
105.17429680312273
 10
277.6709002151252
 20
105.04670207413308
 10
278.21114587329185
 20
104.93233119092729
 10
278.7540356215479
 20
104.8312530462488
 10
279.29924244340907
 20
104.7435285257924
 10
279.84643792667237
 20
104.669210471529
 10
280.39529246123965
 20
104.60834364987554
 10
280.94547543766225
 20
104.56096472472944
 10
281.49665544628783
 20
104.5271022353836
 10
282.0485004768892
 20
104.50677657933538
 10
282.60067811865474
 20
104.49999999999997
 10
283.15285576042027
 20
104.50677657933538
 10
283.70470079102165
 20
104.5271022353836
 10
284.25588079964723
 20
104.56096472472944
 10
284.80606377606983
 20
104.60834364987554
 10
285.3549183106371
 20
104.669210471529
 10
285.9021137939004
 20
104.7435285257924
 10
286.4473206157615
 20
104.83125304624879
 10
286.9902103640176
 20
104.93233119092729
 10
287.5304560221843
 20
105.04670207413308
 10
288.06773216647815
 20
105.17429680312273
 10
288.60171516183993
 20
105.31503851960258
 10
289.1320833568801
 20
105.46884244602526
 10
289.6585172776298
 20
105.63561593665665
 10
290.1806998199797
 20
105.815258533382
 10
290.69831644069194
 20
106.00766202621834
 10
291.2110553468693
 20
106.21271051849602
 10
291.718607683767
 20
106.43028049667053
 10
292.2206677208361
 20
106.6602409047225
 10
292.7169330358834
 20
106.90245322310088
 10
293.2071046972397
 20
107.15677155216198
 10
293.69088744382486
 20
107.42304270005397
 10
294.1679898630022
 20
107.70110627499385
 10
294.6381245661144
 20
107.99079478188156
 10
295.1010083615958
 20
108.2919337231927
 10
295.55636242555624
 20
108.60434170408934
 10
296.0039124697345
 20
108.92783054168545
 10
296.44338890671884
 20
109.26220537840133
 10
296.8745270123368
 20
109.6072647993384
 10
297.2970670851147
 20
109.96280095360407
 10
297.71075460271265
 20
110.32859967951339
 10
298.11534037523876
 20
110.70444063359196
 10
298.5105806953521
 20
111.09009742330265
 10
298.8962374850627
 20
111.48533774341595
 10
299.2720784391413
 20
111.88992351594206
 10
299.6378771650506
 20
112.30361103354
 10
299.99341331931635
 20
112.72615110631794
 10
300.3384727402534
 20
113.15728921193586
 10
300.6728475769693
 20
113.59676564892023
 10
300.99633641456535
 20
114.04431569309845
 10
301.308744395462
 20
114.49966975705892
 10
301.6098833367731
 20
114.96255355254029
 10
301.89957184366085
 20
115.43268825565248
 10
302.17763541860074
 20
115.90979067482982
 10
302.4439065664927
 20
116.39357342141501
 10
302.69822489555384
 20
116.88374508277131
 10
302.9404372139322
 20
117.38001039781861
 10
303.1703976219842
 20
117.88207043488768
 10
303.3879676001587
 20
118.38962277178544
 10
303.59301609243636
 20
118.90236167796274
 10
303.78541958527273
 20
119.41997829867502
 10
303.96506218199806
 20
119.94216084102491
 10
304.13183567262945
 20
120.46859476177457
 10
304.28563959905216
 20
120.99896295681475
 10
304.42638131553196
 20
121.53294595217653
 10
304.5539760445216
 20
122.07022209647039
 10
304.66834692772744
 20
122.61046775463707
 10
304.7694250724059
 20
123.15335750289319
 10
304.8571495928623
 20
123.69856432475432
 10
304.9314676471257
 20
124.24575980801761
 10
304.9923344687792
 20
124.79461434258486
 10
305.0397133939253
 20
125.34479731900745
 10
305.07357588327113
 20
125.89597732763306
 10
305.09390153931935
 20
126.44782235823445
 10
305.10067811865474
 20
126.99999999999997
  0
LWPOLYLINE
  5
113
330
17
100
AcDbEntity
  8
VISIBLE
100
AcDbPolyline
 90
127
 70
0
 10
292.60067811865474
 20
126.99999999999997
 10
292.58824733084396
 20
127.49845885660694
 10
292.55098587230873
 20
127.99567846595814
 10
292.488986380906
 20
128.49042266176173
 10
292.4024029971402
 20
128.98146143199395
 10
292.2914509809455
 20
129.4675739769029
 10
292.15640617651616
 20
129.947551744109
 10
291.99760432651385
 20
130.42020143325666
 10
291.8154402373588
 20
130.88434796274692
 10
291.6103667976789
 20
131.33883739117556
 10
291.38289385235703
 20
131.78253978621316
 10
291.1335869349763
 20
132.21435203379494
 10
290.8630658618147
 20
132.63320058063618
 10
290.57200319088395
 20
133.03804410325475
 10
290.2611225498445
 20
133.42787609686536
 10
289.931196836953
 20
133.80172737770917
 10
289.58304629951544
 20
134.15866849259714
 10
289.21753649462335
 20
134.4978120296773
 10
288.8355761372421
 20
134.81831482468027
 10
288.43811484100263
 20
135.11938005715854
 10
288.02614075731236
 20
135.40025923150768
 10
287.60067811865474
 20
135.66025403784437
 10
287.1627846921864
 20
135.89871808811466
 10
286.71354914996084
 20
136.11505852311672
 10
286.25408836231867
 20
136.30873748644203
 10
285.7855446211716
 20
136.47927346167128
 10
285.3090828000848
 20
136.62624246950008
 10
284.8258874582179
 20
136.7492791218182
 10
284.337159895324
 20
136.84807753012205
 10
283.8441151651296
 20
136.9223920660017
 10
283.347979054519
 20
136.97203797181177
 10
282.8499850360355
 20
136.99689182000813
 10
282.351371201274
 20
136.99689182000813
 10
281.8533771827905
 20
136.97203797181177
 10
281.3572410721799
 20
136.9223920660017
 10
280.86419634198546
 20
136.84807753012205
 10
280.3754687790916
 20
136.7492791218182
 10
279.8922734372247
 20
136.62624246950008
 10
279.4158116161379
 20
136.47927346167128
 10
278.9472678749908
 20
136.30873748644203
 10
278.48780708734864
 20
136.11505852311672
 10
278.0385715451231
 20
135.89871808811466
 10
277.60067811865474
 20
135.66025403784437
 10
277.1752154799971
 20
135.40025923150768
 10
276.76324139630685
 20
135.11938005715854
 10
276.3657801000674
 20
134.81831482468027
 10
275.98381974268614
 20
134.4978120296773
 10
275.61830993779404
 20
134.15866849259714
 10
275.2701594003565
 20
133.80172737770917
 10
274.94023368746497
 20
133.42787609686536
 10
274.62935304642554
 20
133.03804410325475
 10
274.3382903754948
 20
132.63320058063618
 10
274.0677693023332
 20
132.21435203379497
 10
273.81846238495245
 20
131.78253978621316
 10
273.59098943963056
 20
131.33883739117556
 10
273.38591599995067
 20
130.88434796274692
 10
273.20375191079563
 20
130.42020143325666
 10
273.0449500607933
 20
129.947551744109
 10
272.90990525636397
 20
129.4675739769029
 10
272.7989532401693
 20
128.98146143199395
 10
272.7123698564035
 20
128.49042266176173
 10
272.65037036500075
 20
127.99567846595814
 10
272.6131089064655
 20
127.49845885660694
 10
272.60067811865474
 20
126.99999999999997
 10
272.6131089064655
 20
126.501541143393
 10
272.65037036500075
 20
126.00432153404181
 10
272.7123698564035
 20
125.50957733823823
 10
272.7989532401693
 20
125.018538568006
 10
272.90990525636397
 20
124.53242602309703
 10
273.0449500607933
 20
124.05244825589094
 10
273.20375191079563
 20
123.57979856674328
 10
273.38591599995067
 20
123.11565203725303
 10
273.59098943963056
 20
122.6611626088244
 10
273.81846238495245
 20
122.2174602137868
 10
274.0677693023332
 20
121.78564796620499
 10
274.3382903754948
 20
121.36679941936376
 10
274.62935304642554
 20
120.9619558967452
 10
274.94023368746497
 20
120.57212390313458
 10
275.2701594003565
 20
120.19827262229077
 10
275.61830993779404
 20
119.84133150740278
 10
275.98381974268614
 20
119.50218797032264
 10
276.3657801000674
 20
119.18168517531967
 10
276.76324139630685
 20
118.8806199428414
 10
277.1752154799972
 20
118.59974076849225
 10
277.60067811865474
 20
118.33974596215558
 10
278.0385715451231
 20
118.10128191188528
 10
278.48780708734864
 20
117.88494147688324
 10
278.94726787499076
 20
117.69126251355793
 10
279.4158116161379
 20
117.52072653832866
 10
279.8922734372247
 20
117.37375753049984
 10
280.3754687790916
 20
117.25072087818174
 10
280.86419634198546
 20
117.15192246987789
 10
281.3572410721799
 20
117.07760793399825
 10
281.8533771827905
 20
117.02796202818817
 10
282.351371201274
 20
117.00310817999181
 10
282.8499850360355
 20
117.00310817999181
 10
283.347979054519
 20
117.02796202818817
 10
283.8441151651296
 20
117.07760793399825
 10
284.337159895324
 20
117.15192246987789
 10
284.8258874582179
 20
117.25072087818174
 10
285.3090828000848
 20
117.37375753049986
 10
285.7855446211716
 20
117.52072653832866
 10
286.25408836231867
 20
117.69126251355793
 10
286.71354914996084
 20
117.88494147688324
 10
287.1627846921864
 20
118.10128191188528
 10
287.60067811865474
 20
118.33974596215559
 10
288.02614075731236
 20
118.59974076849225
 10
288.43811484100263
 20
118.8806199428414
 10
288.8355761372421
 20
119.18168517531967
 10
289.21753649462335
 20
119.50218797032262
 10
289.58304629951544
 20
119.84133150740278
 10
289.931196836953
 20
120.19827262229077
 10
290.2611225498445
 20
120.57212390313458
 10
290.57200319088395
 20
120.9619558967452
 10
290.8630658618147
 20
121.36679941936374
 10
291.1335869349763
 20
121.78564796620499
 10
291.38289385235703
 20
122.21746021378678
 10
291.6103667976789
 20
122.66116260882438
 10
291.8154402373588
 20
123.11565203725303
 10
291.99760432651385
 20
123.57979856674328
 10
292.15640617651616
 20
124.05244825589092
 10
292.2914509809455
 20
124.53242602309703
 10
292.4024029971402
 20
125.018538568006
 10
292.488986380906
 20
125.50957733823823
 10
292.55098587230873
 20
126.0043215340418
 10
292.58824733084396
 20
126.501541143393
 10
292.60067811865474
 20
126.99999999999997
  0
LWPOLYLINE
  5
114
330
17
100
AcDbEntity
  8
HIDDEN
100
AcDbPolyline
 90
202
 70
0
 10
174.39
 20
223.6547606649408
 10
174.30268427128
 20
223.6547606649408
 10
174.21536854255996
 20
223.6547606649408
 10
174.12805281383993
 20
223.6547606649408
 10
174.04073708511993
 20
223.6547606649408
 10
173.9534213563999
 20
223.6547606649408
 10
173.86610562767987
 20
223.6547606649408
 10
173.77878989895987
 20
223.6547606649408
 10
173.69147417023984
 20
223.6547606649408
 10
173.60415844151981
 20
223.6547606649408
 10
173.51684271279981
 20
223.6547606649408
 10
173.42952698407979
 20
223.6547606649408
 10
173.34221125535979
 20
223.6547606649408
 10
173.25489552663976
 20
223.6547606649408
 10
173.16757979791976
 20
223.6547606649408
 10
172.9708156592119
 20
223.6547606649408
 10
172.7132468482886
 20
223.6547606649408
 10
172.45567803736532
 20
223.6547606649408
 10
172.198109226442
 20
223.6547606649408
 10
171.9405404155187
 20
223.6547606649408
 10
171.68297160459542
 20
223.6547606649408
 10
171.4254027936721
 20
223.6547606649408
 10
171.16783398274882
 20
223.6547606649408
 10
170.9102651718255
 20
223.6547606649408
 10
170.6526963609022
 20
223.6547606649408
 10
170.3951275499789
 20
223.6547606649408
 10
170.1375587390556
 20
223.6547606649408
 10
169.87998992813232
 20
223.6547606649408
 10
169.622421117209
 20
223.6547606649408
 10
169.31989873299716
 20
223.6547606649408
 10
168.90499241556398
 20
223.6547606649408
 10
168.49008609813077
 20
223.6547606649408
 10
168.07517978069757
 20
223.6547606649408
 10
167.6602734632644
 20
223.6547606649408
 10
167.24536714583118
 20
223.6547606649408
 10
166.83046082839797
 20
223.6547606649408
 10
166.4155545109648
 20
223.6547606649408
 10
166.0006481935316
 20
223.6547606649408
 10
165.5857418760984
 20
223.6547606649408
 10
165.1708355586652
 20
223.6547606649408
 10
164.75592924123202
 20
223.6547606649408
 10
164.34102292379882
 20
223.6547606649408
 10
163.9261166063656
 20
223.6547606649408
 10
163.51121028893243
 20
223.6547606649408
 10
162.9695239124759
 20
223.6547606649408
 10
162.4180852237868
 20
223.6547606649408
 10
161.86664653509771
 20
223.6547606649408
 10
161.3152078464086
 20
223.6547606649408
 10
160.76376915771954
 20
223.6547606649408
 10
160.21233046903043
 20
223.6547606649408
 10
159.66089178034136
 20
223.6547606649408
 10
159.10945309165226
 20
223.6547606649408
 10
158.55801440296318
 20
223.6547606649408
 10
158.00657571427408
 20
223.6547606649408
 10
157.45513702558497
 20
223.6547606649408
 10
156.9036983368959
 20
223.6547606649408
 10
156.3522596482068
 20
223.6547606649408
 10
155.8008209595177
 20
223.6547606649408
 10
155.18716459494428
 20
223.6547606649408
 10
154.52684497345757
 20
223.6547606649408
 10
153.86652535197092
 20
223.6547606649408
 10
153.20620573048424
 20
223.6547606649408
 10
152.54588610899756
 20
223.6547606649408
 10
151.88556648751089
 20
223.6547606649408
 10
151.22524686602418
 20
223.6547606649408
 10
150.56492724453753
 20
223.6547606649408
 10
149.90460762305082
 20
223.6547606649408
 10
149.24428800156417
 20
223.6547606649408
 10
148.58396838007747
 20
223.6547606649408
 10
147.9236487585908
 20
223.6547606649408
 10
147.2633291371041
 20
223.6547606649408
 10
146.60300951561743
 20
223.6547606649408
 10
145.9264535191904
 20
223.6547606649408
 10
145.19036414798208
 20
223.6547606649408
 10
144.4542747767738
 20
223.6547606649408
 10
143.71818540556546
 20
223.6547606649408
 10
142.98209603435717
 20
223.6547606649408
 10
142.24600666314885
 20
223.6547606649408
 10
141.50991729194055
 20
223.6547606649408
 10
140.7738279207322
 20
223.6547606649408
 10
140.0377385495239
 20
223.6547606649408
 10
139.3016491783156
 20
223.6547606649408
 10
138.5655598071073
 20
223.6547606649408
 10
137.82947043589897
 20
223.6547606649408
 10
137.09338106469067
 20
223.6547606649408
 10
136.35729169348235
 20
223.6547606649408
 10
135.62120232227403
 20
223.6547606649408
 10
134.8518051039163
 20
223.6547606649408
 10
134.07685657770023
 20
223.6547606649408
 10
133.30190805148422
 20
223.6547606649408
 10
132.52695952526818
 20
223.6547606649408
 10
131.7520109990522
 20
223.6547606649408
 10
130.97706247283617
 20
223.6547606649408
 10
130.20211394662016
 20
223.6547606649408
 10
129.4271654204041
 20
223.6547606649408
 10
128.65221689418811
 20
223.6547606649408
 10
127.87726836797208
 20
223.6547606649408
 10
127.10231984175606
 20
223.6547606649408
 10
126.32737131554006
 20
223.6547606649408
 10
125.55242278932401
 20
223.6547606649408
 10
124.77747426310802
 20
223.6547606649408
 10
124.00252573689197
 20
223.6547606649408
 10
123.22757721067597
 20
223.6547606649408
 10
122.45262868445995
 20
223.6547606649408
 10
121.67768015824393
 20
223.6547606649408
 10
120.90273163202788
 20
223.6547606649408
 10
120.12778310581189
 20
223.6547606649408
 10
119.35283457959586
 20
223.6547606649408
 10
118.57788605337984
 20
223.6547606649408
 10
117.80293752716383
 20
223.6547606649408
 10
117.0279890009478
 20
223.6547606649408
 10
116.25304047473179
 20
223.6547606649408
 10
115.47809194851575
 20
223.6547606649408
 10
114.70314342229975
 20
223.6547606649408
 10
113.92819489608372
 20
223.6547606649408
 10
113.15879767772594
 20
223.6547606649408
 10
112.42270830651763
 20
223.6547606649408
 10
111.68661893530933
 20
223.6547606649408
 10
110.950529564101
 20
223.6547606649408
 10
110.2144401928927
 20
223.6547606649408
 10
109.4783508216844
 20
223.6547606649408
 10
108.74226145047606
 20
223.6547606649408
 10
108.00617207926777
 20
223.6547606649408
 10
107.27008270805943
 20
223.6547606649408
 10
106.53399333685115
 20
223.6547606649408
 10
105.79790396564283
 20
223.6547606649408
 10
105.06181459443452
 20
223.6547606649408
 10
104.3257252232262
 20
223.6547606649408
 10
103.58963585201789
 20
223.6547606649408
 10
102.85354648080957
 20
223.6547606649408
 10
102.17699048438257
 20
223.6547606649408
 10
101.51667086289586
 20
223.6547606649408
 10
100.85635124140919
 20
223.6547606649408
 10
100.19603161992252
 20
223.6547606649408
 10
99.53571199843583
 20
223.6547606649408
 10
98.87539237694915
 20
223.6547606649408
 10
98.21507275546247
 20
223.6547606649408
 10
97.5547531339758
 20
223.6547606649408
 10
96.89443351248912
 20
223.6547606649408
 10
96.23411389100242
 20
223.6547606649408
 10
95.57379426951574
 20
223.6547606649408
 10
94.91347464802908
 20
223.6547606649408
 10
94.25315502654237
 20
223.6547606649408
 10
93.5928354050557
 20
223.6547606649408
 10
92.97917904048228
 20
223.6547606649408
 10
92.42774035179319
 20
223.6547606649408
 10
91.8763016631041
 20
223.6547606649408
 10
91.324862974415
 20
223.6547606649408
 10
90.77342428572591
 20
223.6547606649408
 10
90.22198559703682
 20
223.6547606649408
 10
89.67054690834772
 20
223.6547606649408
 10
89.11910821965863
 20
223.6547606649408
 10
88.56766953096955
 20
223.6547606649408
 10
88.01623084228044
 20
223.6547606649408
 10
87.46479215359136
 20
223.6547606649408
 10
86.91335346490227
 20
223.6547606649408
 10
86.3619147762132
 20
223.6547606649408
 10
85.81047608752408
 20
223.6547606649408
 10
85.26878971106754
 20
223.6547606649408
 10
84.85388339363436
 20
223.6547606649408
 10
84.43897707620118
 20
223.6547606649408
 10
84.02407075876796
 20
223.6547606649408
 10
83.60916444133477
 20
223.6547606649408
 10
83.19425812390159
 20
223.6547606649408
 10
82.77935180646838
 20
223.6547606649408
 10
82.36444548903518
 20
223.6547606649408
 10
81.94953917160197
 20
223.6547606649408
 10
81.53463285416878
 20
223.6547606649408
 10
81.11972653673558
 20
223.6547606649408
 10
80.70482021930238
 20
223.6547606649408
 10
80.2899139018692
 20
223.6547606649408
 10
79.875007584436
 20
223.6547606649408
 10
79.4601012670028
 20
223.6547606649408
 10
79.15757888279097
 20
223.6547606649408
 10
78.90001007186767
 20
223.6547606649408
 10
78.64244126094437
 20
223.6547606649408
 10
78.38487245002105
 20
223.6547606649408
 10
78.12730363909775
 20
223.6547606649408
 10
77.86973482817446
 20
223.6547606649408
 10
77.61216601725116
 20
223.6547606649408
 10
77.35459720632787
 20
223.6547606649408
 10
77.09702839540456
 20
223.6547606649408
 10
76.83945958448128
 20
223.6547606649408
 10
76.58189077355797
 20
223.6547606649408
 10
76.32432196263467
 20
223.6547606649408
 10
76.06675315171138
 20
223.6547606649408
 10
75.80918434078808
 20
223.6547606649408
 10
75.61242020208022
 20
223.6547606649408
 10
75.52510447336022
 20
223.6547606649408
 10
75.43778874464019
 20
223.6547606649408
 10
75.35047301592017
 20
223.6547606649408
 10
75.26315728720016
 20
223.6547606649408
 10
75.17584155848014
 20
223.6547606649408
 10
75.08852582976013
 20
223.6547606649408
 10
75.0012101010401
 20
223.6547606649408
 10
74.9138943723201
 20
223.6547606649408
 10
74.82657864360007
 20
223.6547606649408
 10
74.73926291488006
 20
223.6547606649408
 10
74.65194718616004
 20
223.6547606649408
 10
74.56463145744002
 20
223.6547606649408
 10
74.47731572872001
 20
223.6547606649408
 10
74.38999999999999
 20
223.6547606649408
  0
LWPOLYLINE
  5
115
330
17
100
AcDbEntity
  8
HIDDEN
100
AcDbPolyline
 90
202
 70
0
 10
174.39
 20
213.6547606649408
 10
174.30268427128
 20
213.6547606649408
 10
174.21536854255996
 20
213.6547606649408
 10
174.12805281383993
 20
213.6547606649408
 10
174.04073708511993
 20
213.6547606649408
 10
173.9534213563999
 20
213.6547606649408
 10
173.86610562767987
 20
213.6547606649408
 10
173.77878989895987
 20
213.6547606649408
 10
173.69147417023984
 20
213.6547606649408
 10
173.60415844151981
 20
213.6547606649408
 10
173.51684271279981
 20
213.6547606649408
 10
173.42952698407979
 20
213.6547606649408
 10
173.34221125535979
 20
213.6547606649408
 10
173.25489552663976
 20
213.6547606649408
 10
173.16757979791976
 20
213.6547606649408
 10
172.9708156592119
 20
213.6547606649408
 10
172.7132468482886
 20
213.6547606649408
 10
172.45567803736532
 20
213.6547606649408
 10
172.198109226442
 20
213.6547606649408
 10
171.9405404155187
 20
213.6547606649408
 10
171.68297160459542
 20
213.6547606649408
 10
171.4254027936721
 20
213.6547606649408
 10
171.16783398274882
 20
213.6547606649408
 10
170.9102651718255
 20
213.6547606649408
 10
170.6526963609022
 20
213.6547606649408
 10
170.3951275499789
 20
213.6547606649408
 10
170.1375587390556
 20
213.6547606649408
 10
169.87998992813232
 20
213.6547606649408
 10
169.622421117209
 20
213.6547606649408
 10
169.31989873299716
 20
213.6547606649408
 10
168.90499241556398
 20
213.6547606649408
 10
168.49008609813077
 20
213.6547606649408
 10
168.07517978069757
 20
213.6547606649408
 10
167.6602734632644
 20
213.6547606649408
 10
167.24536714583118
 20
213.6547606649408
 10
166.83046082839797
 20
213.6547606649408
 10
166.4155545109648
 20
213.6547606649408
 10
166.0006481935316
 20
213.6547606649408
 10
165.5857418760984
 20
213.6547606649408
 10
165.1708355586652
 20
213.6547606649408
 10
164.75592924123202
 20
213.6547606649408
 10
164.34102292379882
 20
213.6547606649408
 10
163.9261166063656
 20
213.6547606649408
 10
163.51121028893243
 20
213.6547606649408
 10
162.9695239124759
 20
213.6547606649408
 10
162.4180852237868
 20
213.6547606649408
 10
161.86664653509771
 20
213.6547606649408
 10
161.3152078464086
 20
213.6547606649408
 10
160.76376915771954
 20
213.6547606649408
 10
160.21233046903043
 20
213.6547606649408
 10
159.66089178034136
 20
213.6547606649408
 10
159.10945309165226
 20
213.6547606649408
 10
158.55801440296318
 20
213.6547606649408
 10
158.00657571427408
 20
213.6547606649408
 10
157.45513702558497
 20
213.6547606649408
 10
156.9036983368959
 20
213.6547606649408
 10
156.3522596482068
 20
213.6547606649408
 10
155.8008209595177
 20
213.6547606649408
 10
155.18716459494428
 20
213.6547606649408
 10
154.52684497345757
 20
213.6547606649408
 10
153.86652535197092
 20
213.6547606649408
 10
153.20620573048424
 20
213.6547606649408
 10
152.54588610899756
 20
213.6547606649408
 10
151.88556648751089
 20
213.6547606649408
 10
151.22524686602418
 20
213.6547606649408
 10
150.56492724453753
 20
213.6547606649408
 10
149.90460762305082
 20
213.6547606649408
 10
149.24428800156417
 20
213.6547606649408
 10
148.58396838007747
 20
213.6547606649408
 10
147.9236487585908
 20
213.6547606649408
 10
147.2633291371041
 20
213.6547606649408
 10
146.60300951561743
 20
213.6547606649408
 10
145.9264535191904
 20
213.6547606649408
 10
145.19036414798208
 20
213.6547606649408
 10
144.4542747767738
 20
213.6547606649408
 10
143.71818540556546
 20
213.6547606649408
 10
142.98209603435717
 20
213.6547606649408
 10
142.24600666314885
 20
213.6547606649408
 10
141.50991729194055
 20
213.6547606649408
 10
140.7738279207322
 20
213.6547606649408
 10
140.0377385495239
 20
213.6547606649408
 10
139.3016491783156
 20
213.6547606649408
 10
138.5655598071073
 20
213.6547606649408
 10
137.82947043589897
 20
213.6547606649408
 10
137.09338106469067
 20
213.6547606649408
 10
136.35729169348235
 20
213.6547606649408
 10
135.62120232227403
 20
213.6547606649408
 10
134.8518051039163
 20
213.6547606649408
 10
134.07685657770023
 20
213.6547606649408
 10
133.30190805148422
 20
213.6547606649408
 10
132.52695952526818
 20
213.6547606649408
 10
131.7520109990522
 20
213.6547606649408
 10
130.97706247283617
 20
213.6547606649408
 10
130.20211394662016
 20
213.6547606649408
 10
129.4271654204041
 20
213.6547606649408
 10
128.65221689418811
 20
213.6547606649408
 10
127.87726836797208
 20
213.6547606649408
 10
127.10231984175606
 20
213.6547606649408
 10
126.32737131554006
 20
213.6547606649408
 10
125.55242278932401
 20
213.6547606649408
 10
124.77747426310802
 20
213.6547606649408
 10
124.00252573689197
 20
213.6547606649408
 10
123.22757721067597
 20
213.6547606649408
 10
122.45262868445995
 20
213.6547606649408
 10
121.67768015824393
 20
213.6547606649408
 10
120.90273163202788
 20
213.6547606649408
 10
120.12778310581189
 20
213.6547606649408
 10
119.35283457959586
 20
213.6547606649408
 10
118.57788605337984
 20
213.6547606649408
 10
117.80293752716383
 20
213.6547606649408
 10
117.0279890009478
 20
213.6547606649408
 10
116.25304047473179
 20
213.6547606649408
 10
115.47809194851575
 20
213.6547606649408
 10
114.70314342229975
 20
213.6547606649408
 10
113.92819489608372
 20
213.6547606649408
 10
113.15879767772594
 20
213.6547606649408
 10
112.42270830651763
 20
213.6547606649408
 10
111.68661893530933
 20
213.6547606649408
 10
110.950529564101
 20
213.6547606649408
 10
110.2144401928927
 20
213.6547606649408
 10
109.4783508216844
 20
213.6547606649408
 10
108.74226145047606
 20
213.6547606649408
 10
108.00617207926777
 20
213.6547606649408
 10
107.27008270805943
 20
213.6547606649408
 10
106.53399333685115
 20
213.6547606649408
 10
105.79790396564283
 20
213.6547606649408
 10
105.06181459443452
 20
213.6547606649408
 10
104.3257252232262
 20
213.6547606649408
 10
103.58963585201789
 20
213.6547606649408
 10
102.85354648080957
 20
213.6547606649408
 10
102.17699048438257
 20
213.6547606649408
 10
101.51667086289586
 20
213.6547606649408
 10
100.85635124140919
 20
213.6547606649408
 10
100.19603161992252
 20
213.6547606649408
 10
99.53571199843583
 20
213.6547606649408
 10
98.87539237694915
 20
213.6547606649408
 10
98.21507275546247
 20
213.6547606649408
 10
97.5547531339758
 20
213.6547606649408
 10
96.89443351248912
 20
213.6547606649408
 10
96.23411389100242
 20
213.6547606649408
 10
95.57379426951574
 20
213.6547606649408
 10
94.91347464802908
 20
213.6547606649408
 10
94.25315502654237
 20
213.6547606649408
 10
93.5928354050557
 20
213.6547606649408
 10
92.97917904048228
 20
213.6547606649408
 10
92.42774035179319
 20
213.6547606649408
 10
91.8763016631041
 20
213.6547606649408
 10
91.324862974415
 20
213.6547606649408
 10
90.77342428572591
 20
213.6547606649408
 10
90.22198559703682
 20
213.6547606649408
 10
89.67054690834772
 20
213.6547606649408
 10
89.11910821965863
 20
213.6547606649408
 10
88.56766953096955
 20
213.6547606649408
 10
88.01623084228044
 20
213.6547606649408
 10
87.46479215359136
 20
213.6547606649408
 10
86.91335346490227
 20
213.6547606649408
 10
86.3619147762132
 20
213.6547606649408
 10
85.81047608752408
 20
213.6547606649408
 10
85.26878971106754
 20
213.6547606649408
 10
84.85388339363436
 20
213.6547606649408
 10
84.43897707620118
 20
213.6547606649408
 10
84.02407075876796
 20
213.6547606649408
 10
83.60916444133477
 20
213.6547606649408
 10
83.19425812390159
 20
213.6547606649408
 10
82.77935180646838
 20
213.6547606649408
 10
82.36444548903518
 20
213.6547606649408
 10
81.94953917160197
 20
213.6547606649408
 10
81.53463285416878
 20
213.6547606649408
 10
81.11972653673558
 20
213.6547606649408
 10
80.70482021930238
 20
213.6547606649408
 10
80.2899139018692
 20
213.6547606649408
 10
79.875007584436
 20
213.6547606649408
 10
79.4601012670028
 20
213.6547606649408
 10
79.15757888279097
 20
213.6547606649408
 10
78.90001007186767
 20
213.6547606649408
 10
78.64244126094437
 20
213.6547606649408
 10
78.38487245002105
 20
213.6547606649408
 10
78.12730363909775
 20
213.6547606649408
 10
77.86973482817446
 20
213.6547606649408
 10
77.61216601725116
 20
213.6547606649408
 10
77.35459720632787
 20
213.6547606649408
 10
77.09702839540456
 20
213.6547606649408
 10
76.83945958448128
 20
213.6547606649408
 10
76.58189077355797
 20
213.6547606649408
 10
76.32432196263467
 20
213.6547606649408
 10
76.06675315171138
 20
213.6547606649408
 10
75.80918434078808
 20
213.6547606649408
 10
75.61242020208022
 20
213.6547606649408
 10
75.52510447336022
 20
213.6547606649408
 10
75.43778874464019
 20
213.6547606649408
 10
75.35047301592017
 20
213.6547606649408
 10
75.26315728720016
 20
213.6547606649408
 10
75.17584155848014
 20
213.6547606649408
 10
75.08852582976013
 20
213.6547606649408
 10
75.0012101010401
 20
213.6547606649408
 10
74.9138943723201
 20
213.6547606649408
 10
74.82657864360007
 20
213.6547606649408
 10
74.73926291488006
 20
213.6547606649408
 10
74.65194718616004
 20
213.6547606649408
 10
74.56463145744002
 20
213.6547606649408
 10
74.47731572872001
 20
213.6547606649408
 10
74.38999999999999
 20
213.6547606649408
  0
LWPOLYLINE
  5
116
330
17
100
AcDbEntity
  8
HIDDEN
100
AcDbPolyline
 90
10
 70
0
 10
93.98440840897999
 20
223.6547606649408
 10
94.67794733084435
 20
223.6547606649408
 10
95.35157117998395
 20
223.6547606649408
 10
95.98167226517762
 20
223.6547606649408
 10
96.55269382026187
 20
223.6547606649408
 10
97.04531238215745
 20
223.6547606649408
 10
97.44363143079197
 20
223.6547606649408
 10
97.74086863581081
 20
223.6547606649408
 10
97.9175143647498
 20
223.6547606649408
 10
97.98440840897999
 20
223.6547606649408
  0
LWPOLYLINE
  5
117
330
17
100
AcDbEntity
  8
HIDDEN
100
AcDbPolyline
 90
18
 70
0
 10
97.98440840897999
 20
223.6547606649408
 10
97.90181800204952
 20
223.6547606649408
 10
97.69269664898411
 20
223.6547606649408
 10
97.36402527271316
 20
223.6547606649408
 10
96.92545000872352
 20
223.6547606649408
 10
96.3891412339485
 20
223.6547606649408
 10
95.76455655668343
 20
223.6547606649408
 10
95.07342184378054
 20
223.6547606649408
 10
94.35091347667274
 20
223.6547606649408
 10
93.61790334128723
 20
223.6547606649408
 10
92.89539497417944
 20
223.6547606649408
 10
92.20426026127654
 20
223.6547606649408
 10
91.57967558401148
 20
223.6547606649408
 10
91.04336680923646
 20
223.6547606649408
 10
90.60479154524681
 20
223.6547606649408
 10
90.27612016897586
 20
223.6547606649408
 10
90.06699881591044
 20
223.6547606649408
 10
89.98440840897999
 20
223.6547606649408
  0
LWPOLYLINE
  5
118
330
17
100
AcDbEntity
  8
HIDDEN
100
AcDbPolyline
 90
10
 70
0
 10
89.98440840897999
 20
223.6547606649408
 10
90.05130245321017
 20
223.6547606649408
 10
90.22794818214916
 20
223.6547606649408
 10
90.52518538716801
 20
223.6547606649408
 10
90.92350443580253
 20
223.6547606649408
 10
91.41612299769811
 20
223.6547606649408
 10
91.98714455278235
 20
223.6547606649408
 10
92.61724563797604
 20
223.6547606649408
 10
93.29086948711563
 20
223.6547606649408
 10
93.98440840897999
 20
223.6547606649408
  0
LWPOLYLINE
  5
119
330
17
100
AcDbEntity
  8
HIDDEN
100
AcDbPolyline
 90
10
 70
0
 10
81.38999999999999
 20
223.6547606649408
 10
82.08353892186435
 20
223.6547606649408
 10
82.75716277100395
 20
223.6547606649408
 10
83.38726385619762
 20
223.6547606649408
 10
83.95828541128186
 20
223.6547606649408
 10
84.45090397317745
 20
223.6547606649408
 10
84.84922302181197
 20
223.6547606649408
 10
85.14646022683081
 20
223.6547606649408
 10
85.3231059557698
 20
223.6547606649408
 10
85.38999999999999
 20
223.6547606649408
  0
LWPOLYLINE
  5
11A
330
17
100
AcDbEntity
  8
HIDDEN
100
AcDbPolyline
 90
18
 70
0
 10
85.38999999999999
 20
223.6547606649408
 10
85.30740959306952
 20
223.6547606649408
 10
85.09828824000411
 20
223.6547606649408
 10
84.76961686373316
 20
223.6547606649408
 10
84.33104159974351
 20
223.6547606649408
 10
83.79473282496849
 20
223.6547606649408
 10
83.17014814770343
 20
223.6547606649408
 10
82.47901343480054
 20
223.6547606649408
 10
81.75650506769273
 20
223.6547606649408
 10
81.02349493230724
 20
223.6547606649408
 10
80.30098656519944
 20
223.6547606649408
 10
79.60985185229654
 20
223.6547606649408
 10
78.98526717503148
 20
223.6547606649408
 10
78.44895840025646
 20
223.6547606649408
 10
78.01038313626681
 20
223.6547606649408
 10
77.68171175999586
 20
223.6547606649408
 10
77.47259040693044
 20
223.6547606649408
 10
77.38999999999999
 20
223.6547606649408
  0
LWPOLYLINE
  5
11B
330
17
100
AcDbEntity
  8
HIDDEN
100
AcDbPolyline
 90
10
 70
0
 10
77.38999999999999
 20
223.6547606649408
 10
77.45689404423017
 20
223.6547606649408
 10
77.63353977316916
 20
223.6547606649408
 10
77.930776978188
 20
223.6547606649408
 10
78.32909602682253
 20
223.6547606649408
 10
78.82171458871811
 20
223.6547606649408
 10
79.39273614380235
 20
223.6547606649408
 10
80.02283722899602
 20
223.6547606649408
 10
80.69646107813563
 20
223.6547606649408
 10
81.38999999999999
 20
223.6547606649408
  0
LWPOLYLINE
  5
11C
330
17
100
AcDbEntity
  8
HIDDEN
100
AcDbPolyline
 90
10
 70
0
 10
93.98440840897999
 20
223.6547606649408
 10
94.67794733084435
 20
223.6547606649408
 10
95.35157117998395
 20
223.6547606649408
 10
95.98167226517762
 20
223.6547606649408
 10
96.55269382026187
 20
223.6547606649408
 10
97.04531238215745
 20
223.6547606649408
 10
97.44363143079197
 20
223.6547606649408
 10
97.74086863581081
 20
223.6547606649408
 10
97.9175143647498
 20
223.6547606649408
 10
97.98440840897999
 20
223.6547606649408
  0
LWPOLYLINE
  5
11D
330
17
100
AcDbEntity
  8
HIDDEN
100
AcDbPolyline
 90
18
 70
0
 10
97.98440840897999
 20
223.6547606649408
 10
97.90181800204952
 20
223.6547606649408
 10
97.69269664898411
 20
223.6547606649408
 10
97.36402527271316
 20
223.6547606649408
 10
96.92545000872352
 20
223.6547606649408
 10
96.3891412339485
 20
223.6547606649408
 10
95.76455655668343
 20
223.6547606649408
 10
95.07342184378054
 20
223.6547606649408
 10
94.35091347667274
 20
223.6547606649408
 10
93.61790334128723
 20
223.6547606649408
 10
92.89539497417944
 20
223.6547606649408
 10
92.20426026127654
 20
223.6547606649408
 10
91.57967558401148
 20
223.6547606649408
 10
91.04336680923646
 20
223.6547606649408
 10
90.60479154524681
 20
223.6547606649408
 10
90.27612016897586
 20
223.6547606649408
 10
90.06699881591044
 20
223.6547606649408
 10
89.98440840897999
 20
223.6547606649408
  0
LWPOLYLINE
  5
11E
330
17
100
AcDbEntity
  8
HIDDEN
100
AcDbPolyline
 90
10
 70
0
 10
89.98440840897999
 20
223.6547606649408
 10
90.05130245321017
 20
223.6547606649408
 10
90.22794818214916
 20
223.6547606649408
 10
90.52518538716801
 20
223.6547606649408
 10
90.92350443580253
 20
223.6547606649408
 10
91.41612299769811
 20
223.6547606649408
 10
91.98714455278235
 20
223.6547606649408
 10
92.61724563797604
 20
223.6547606649408
 10
93.29086948711563
 20
223.6547606649408
 10
93.98440840897999
 20
223.6547606649408
  0
LWPOLYLINE
  5
11F
330
17
100
AcDbEntity
  8
HIDDEN
100
AcDbPolyline
 90
10
 70
0
 10
124.38999999999997
 20
223.6547606649408
 10
125.08353892186433
 20
223.6547606649408
 10
125.75716277100393
 20
223.6547606649408
 10
126.38726385619762
 20
223.6547606649408
 10
126.95828541128185
 20
223.6547606649408
 10
127.45090397317745
 20
223.6547606649408
 10
127.84922302181195
 20
223.6547606649408
 10
128.1464602268308
 20
223.6547606649408
 10
128.3231059557698
 20
223.6547606649408
 10
128.39
 20
223.6547606649408
  0
LWPOLYLINE
  5
120
330
17
100
AcDbEntity
  8
HIDDEN
100
AcDbPolyline
 90
17
 70
0
 10
128.39
 20
223.6547606649408
 10
128.30224769263637
 20
223.6547606649408
 10
128.06783451588905
 20
223.6547606649408
 10
127.69603200802368
 20
223.6547606649408
 10
127.2006425686535
 20
223.6547606649408
 10
126.59955011332315
 20
223.6547606649408
 10
125.91417215130896
 20
223.6547606649408
 10
125.16882326884708
 20
223.6547606649408
 10
124.38999999999997
 20
223.6547606649408
 10
123.61117673115288
 20
223.6547606649408
 10
122.86582784869098
 20
223.6547606649408
 10
122.18044988667681
 20
223.6547606649408
 10
121.57935743134645
 20
223.6547606649408
 10
121.08396799197627
 20
223.6547606649408
 10
120.7121654841109
 20
223.6547606649408
 10
120.47775230736359
 20
223.6547606649408
 10
120.38999999999997
 20
223.6547606649408
  0
LWPOLYLINE
  5
121
330
17
100
AcDbEntity
  8
HIDDEN
100
AcDbPolyline
 90
9
 70
0
 10
120.38999999999997
 20
223.6547606649408
 10
120.47150405356126
 20
223.6547606649408
 10
120.7002956035784
 20
223.6547606649408
 10
121.06799591984709
 20
223.6547606649408
 10
121.56157287525379
 20
223.6547606649408
 10
122.17041396859523
 20
223.6547606649408
 10
122.86167439785453
 20
223.6547606649408
 10
123.61047272202772
 20
223.6547606649408
 10
124.38999999999997
 20
223.6547606649408
  0
LWPOLYLINE
  5
122
330
17
100
AcDbEntity
  8
HIDDEN
100
AcDbPolyline
 90
9
 70
0
 10
124.38999999999999
 20
223.6547606649408
 10
125.16952727797224
 20
223.6547606649408
 10
125.91832560214544
 20
223.6547606649408
 10
126.60958603140473
 20
223.6547606649408
 10
127.21842712474619
 20
223.6547606649408
 10
127.71200408015288
 20
223.6547606649408
 10
128.07970439642156
 20
223.6547606649408
 10
128.3084959464387
 20
223.6547606649408
 10
128.39
 20
223.6547606649408
  0
LWPOLYLINE
  5
123
330
17
100
AcDbEntity
  8
HIDDEN
100
AcDbPolyline
 90
17
 70
0
 10
128.39
 20
223.6547606649408
 10
128.30224769263637
 20
223.6547606649408
 10
128.06783451588907
 20
223.6547606649408
 10
127.69603200802369
 20
223.6547606649408
 10
127.20064256865352
 20
223.6547606649408
 10
126.59955011332316
 20
223.6547606649408
 10
125.91417215130897
 20
223.6547606649408
 10
125.16882326884709
 20
223.6547606649408
 10
124.38999999999999
 20
223.6547606649408
 10
123.6111767311529
 20
223.6547606649408
 10
122.865827848691
 20
223.6547606649408
 10
122.18044988667683
 20
223.6547606649408
 10
121.57935743134647
 20
223.6547606649408
 10
121.0839679919763
 20
223.6547606649408
 10
120.71216548411091
 20
223.6547606649408
 10
120.4777523073636
 20
223.6547606649408
 10
120.38999999999999
 20
223.6547606649408
  0
LWPOLYLINE
  5
124
330
17
100
AcDbEntity
  8
HIDDEN
100
AcDbPolyline
 90
9
 70
0
 10
120.38999999999999
 20
223.6547606649408
 10
120.47150405356128
 20
223.6547606649408
 10
120.70029560357843
 20
223.6547606649408
 10
121.0679959198471
 20
223.6547606649408
 10
121.5615728752538
 20
223.6547606649408
 10
122.17041396859526
 20
223.6547606649408
 10
122.86167439785454
 20
223.6547606649408
 10
123.61047272202774
 20
223.6547606649408
 10
124.38999999999999
 20
223.6547606649408
  0
LWPOLYLINE
  5
125
330
17
100
AcDbEntity
  8
HIDDEN
100
AcDbPolyline
 90
10
 70
0
 10
154.79559159102197
 20
223.6547606649408
 10
155.48913051288633
 20
223.6547606649408
 10
156.16275436202594
 20
223.6547606649408
 10
156.79285544721964
 20
223.6547606649408
 10
157.36387700230387
 20
223.6547606649408
 10
157.85649556419946
 20
223.6547606649408
 10
158.25481461283397
 20
223.6547606649408
 10
158.55205181785283
 20
223.6547606649408
 10
158.7286975467918
 20
223.6547606649408
 10
158.795591591022
 20
223.6547606649408
  0
LWPOLYLINE
  5
126
330
17
100
AcDbEntity
  8
HIDDEN
100
AcDbPolyline
 90
18
 70
0
 10
158.795591591022
 20
223.6547606649408
 10
158.71300118409152
 20
223.6547606649408
 10
158.50387983102613
 20
223.6547606649408
 10
158.17520845475516
 20
223.6547606649408
 10
157.73663319076553
 20
223.6547606649408
 10
157.20032441599048
 20
223.6547606649408
 10
156.57573973872545
 20
223.6547606649408
 10
155.88460502582254
 20
223.6547606649408
 10
155.16209665871474
 20
223.6547606649408
 10
154.42908652332923
 20
223.6547606649408
 10
153.70657815622144
 20
223.6547606649408
 10
153.01544344331853
 20
223.6547606649408
 10
152.3908587660535
 20
223.6547606649408
 10
151.85454999127845
 20
223.6547606649408
 10
151.4159747272888
 20
223.6547606649408
 10
151.08730335101785
 20
223.6547606649408
 10
150.87818199795245
 20
223.6547606649408
 10
150.79559159102197
 20
223.6547606649408
  0
LWPOLYLINE
  5
127
330
17
100
AcDbEntity
  8
HIDDEN
100
AcDbPolyline
 90
10
 70
0
 10
150.79559159102197
 20
223.6547606649408
 10
150.86248563525217
 20
223.6547606649408
 10
151.03913136419115
 20
223.6547606649408
 10
151.33636856921
 20
223.6547606649408
 10
151.73468761784451
 20
223.6547606649408
 10
152.2273061797401
 20
223.6547606649408
 10
152.79832773482434
 20
223.6547606649408
 10
153.42842882001804
 20
223.6547606649408
 10
154.10205266915762
 20
223.6547606649408
 10
154.79559159102197
 20
223.6547606649408
  0
LWPOLYLINE
  5
128
330
17
100
AcDbEntity
  8
HIDDEN
100
AcDbPolyline
 90
47
 70
0
 10
124.38999999999999
 20
223.6547606649408
 10
125.15671326027264
 20
223.6547606649408
 10
125.92342652054529
 20
223.6547606649408
 10
126.69013978081794
 20
223.6547606649408
 10
127.44996599530107
 20
223.6547606649408
 10
128.2070373914684
 20
223.6547606649408
 10
128.96410878763572
 20
223.6547606649408
 10
129.71296769401368
 20
223.6547606649408
 10
130.45087661400584
 20
223.6547606649408
 10
131.188785533998
 20
223.6547606649408
 10
131.92263129556315
 20
223.6547606649408
 10
132.63209810656647
 20
223.6547606649408
 10
133.3415649175698
 20
223.6547606649408
 10
134.05103172857315
 20
223.6547606649408
 10
134.72847219747985
 20
223.6547606649408
 10
135.40057494270374
 20
223.6547606649408
 10
136.07267768792767
 20
223.6547606649408
 10
136.7185997772866
 20
223.6547606649408
 10
137.34488637474684
 20
223.6547606649408
 10
137.97117297220706
 20
223.6547606649408
 10
138.5821189796368
 20
223.6547606649408
 10
139.15471351199028
 20
223.6547606649408
 10
139.7273080443438
 20
223.6547606649408
 10
140.2999025766973
 20
223.6547606649408
 10
140.81160433547268
 20
223.6547606649408
 10
141.32330609424804
 20
223.6547606649408
 10
141.8350078530234
 20
223.6547606649408
 10
142.29861838316234
 20
223.6547606649408
 10
142.74299242184668
 20
223.6547606649408
 10
143.18736646053105
 20
223.6547606649408
 10
143.6004907928757
 20
223.6547606649408
 10
143.97194885010074
 20
223.6547606649408
 10
144.3434069073258
 20
223.6547606649408
 10
144.7037810671146
 20
223.6547606649408
 10
144.99765184228576
 20
223.6547606649408
 10
145.2915226174569
 20
223.6547606649408
 10
145.58539339262808
 20
223.6547606649408
 10
145.80959312989114
 20
223.6547606649408
 10
146.02218102750285
 20
223.6547606649408
 10
146.23476892511457
 20
223.6547606649408
 10
146.3993817977444
 20
223.6547606649408
 10
146.52801340163782
 20
223.6547606649408
 10
146.65664500553123
 20
223.6547606649408
 10
146.7608269206329
 20
223.6547606649408
 10
146.80388461375526
 20
223.6547606649408
 10
146.84694230687762
 20
223.6547606649408
 10
146.89
 20
223.6547606649408
  0
LWPOLYLINE
  5
129
330
17
100
AcDbEntity
  8
HIDDEN
100
AcDbPolyline
 90
92
 70
0
 10
146.89
 20
223.6547606649408
 10
146.8032120037063
 20
223.6547606649408
 10
146.71642400741263
 20
223.6547606649408
 10
146.62963601111892
 20
223.6547606649408
 10
146.54284801482524
 20
223.6547606649408
 10
146.45606001853156
 20
223.6547606649408
 10
146.36927202223785
 20
223.6547606649408
 10
146.19787198591513
 20
223.6547606649408
 10
145.94185990956333
 20
223.6547606649408
 10
145.68584783321157
 20
223.6547606649408
 10
145.42983575685977
 20
223.6547606649408
 10
145.17382368050798
 20
223.6547606649408
 10
144.9178116041562
 20
223.6547606649408
 10
144.66179952780442
 20
223.6547606649408
 10
144.24940088591615
 20
223.6547606649408
 10
143.83700224402787
 20
223.6547606649408
 10
143.4246036021396
 20
223.6547606649408
 10
143.01220496025132
 20
223.6547606649408
 10
142.59980631836305
 20
223.6547606649408
 10
142.18740767647478
 20
223.6547606649408
 10
141.70715544678382
 20
223.6547606649408
 10
141.15904962929008
 20
223.6547606649408
 10
140.61094381179637
 20
223.6547606649408
 10
140.06283799430264
 20
223.6547606649408
 10
139.51473217680893
 20
223.6547606649408
 10
138.9666263593152
 20
223.6547606649408
 10
138.4185205418215
 20
223.6547606649408
 10
137.76219186310203
 20
223.6547606649408
 10
137.10586318438257
 20
223.6547606649408
 10
136.44953450566314
 20
223.6547606649408
 10
135.79320582694368
 20
223.6547606649408
 10
135.13687714822424
 20
223.6547606649408
 10
134.48054846950475
 20
223.6547606649408
 10
133.7865638904429
 20
223.6547606649408
 10
133.05492341103857
 20
223.6547606649408
 10
132.32328293163428
 20
223.6547606649408
 10
131.59164245223
 20
223.6547606649408
 10
130.86000197282567
 20
223.6547606649408
 10
130.12836149342138
 20
223.6547606649408
 10
129.39672101401706
 20
223.6547606649408
 10
128.6264562426298
 20
223.6547606649408
 10
127.85619147124258
 20
223.6547606649408
 10
127.08592669985534
 20
223.6547606649408
 10
126.31566192846809
 20
223.6547606649408
 10
125.54539715708086
 20
223.6547606649408
 10
124.77513238569361
 20
223.6547606649408
 10
124.00486761430638
 20
223.6547606649408
 10
123.23460284291912
 20
223.6547606649408
 10
122.46433807153188
 20
223.6547606649408
 10
121.69407330014464
 20
223.6547606649408
 10
120.9238085287574
 20
223.6547606649408
 10
120.15354375737016
 20
223.6547606649408
 10
119.38327898598291
 20
223.6547606649408
 10
118.6516385065786
 20
223.6547606649408
 10
117.9199980271743
 20
223.6547606649408
 10
117.18835754777
 20
223.6547606649408
 10
116.45671706836569
 20
223.6547606649408
 10
115.7250765889614
 20
223.6547606649408
 10
114.99343610955708
 20
223.6547606649408
 10
114.2994515304952
 20
223.6547606649408
 10
113.64312285177576
 20
223.6547606649408
 10
112.9867941730563
 20
223.6547606649408
 10
112.33046549433685
 20
223.6547606649408
 10
111.67413681561739
 20
223.6547606649408
 10
111.01780813689794
 20
223.6547606649408
 10
110.36147945817848
 20
223.6547606649408
 10
109.81337364068477
 20
223.6547606649408
 10
109.26526782319105
 20
223.6547606649408
 10
108.71716200569733
 20
223.6547606649408
 10
108.16905618820361
 20
223.6547606649408
 10
107.62095037070989
 20
223.6547606649408
 10
107.07284455321617
 20
223.6547606649408
 10
106.59259232352518
 20
223.6547606649408
 10
106.18019368163691
 20
223.6547606649408
 10
105.76779503974865
 20
223.6547606649408
 10
105.35539639786037
 20
223.6547606649408
 10
104.9429977559721
 20
223.6547606649408
 10
104.53059911408383
 20
223.6547606649408
 10
104.11820047219555
 20
223.6547606649408
 10
103.86218839584377
 20
223.6547606649408
 10
103.606176319492
 20
223.6547606649408
 10
103.3501642431402
 20
223.6547606649408
 10
103.09415216678842
 20
223.6547606649408
 10
102.83814009043664
 20
223.6547606649408
 10
102.58212801408484
 20
223.6547606649408
 10
102.41072797776211
 20
223.6547606649408
 10
102.32393998146843
 20
223.6547606649408
 10
102.23715198517473
 20
223.6547606649408
 10
102.15036398888105
 20
223.6547606649408
 10
102.06357599258736
 20
223.6547606649408
 10
101.97678799629367
 20
223.6547606649408
 10
101.88999999999999
 20
223.6547606649408
  0
LWPOLYLINE
  5
12A
330
17
100
AcDbEntity
  8
HIDDEN
100
AcDbPolyline
 90
46
 70
0
 10
101.88999999999999
 20
223.6547606649408
 10
101.93401453074729
 20
223.6547606649408
 10
101.9780290614946
 20
223.6547606649408
 10
102.02204359224189
 20
223.6547606649408
 10
102.13478891481483
 20
223.6547606649408
 10
102.26627899879476
 20
223.6547606649408
 10
102.3977690827747
 20
223.6547606649408
 10
102.57830030340278
 20
223.6547606649408
 10
102.79561237651697
 20
223.6547606649408
 10
103.01292444963116
 20
223.6547606649408
 10
103.25991122407659
 20
223.6547606649408
 10
103.56031246091823
 20
223.6547606649408
 10
103.86071369775986
 20
223.6547606649408
 10
104.17244514086968
 20
223.6547606649408
 10
104.55215782158862
 20
223.6547606649408
 10
104.93187050230759
 20
223.6547606649408
 10
105.31158318302653
 20
223.6547606649408
 10
105.76050817630525
 20
223.6547606649408
 10
106.21475719362702
 20
223.6547606649408
 10
106.6690062109488
 20
223.6547606649408
 10
107.17241515087673
 20
223.6547606649408
 10
107.6954880598471
 20
223.6547606649408
 10
108.21856096881748
 20
223.6547606649408
 10
108.77275685095
 20
223.6547606649408
 10
109.35807570624472
 20
223.6547606649408
 10
109.9433945615394
 20
223.6547606649408
 10
110.54439490886529
 20
223.6547606649408
 10
111.18459898626905
 20
223.6547606649408
 10
111.82480306367282
 20
223.6547606649408
 10
112.4683524471038
 20
223.6547606649408
 10
113.15539080888824
 20
223.6547606649408
 10
113.8424291706727
 20
223.6547606649408
 10
114.52946753245715
 20
223.6547606649408
 10
115.24924393282927
 20
223.6547606649408
 10
115.974476672966
 20
223.6547606649408
 10
116.69970941310275
 20
223.6547606649408
 10
117.44363268200355
 20
223.6547606649408
 10
118.19793957799551
 20
223.6547606649408
 10
118.9522464739875
 20
223.6547606649408
 10
119.71494835954192
 20
223.6547606649408
 10
120.48884356451298
 20
223.6547606649408
 10
121.26273876948402
 20
223.6547606649408
 10
122.03874600183052
 20
223.6547606649408
 10
122.82249733455367
 20
223.6547606649408
 10
123.60624866727683
 20
223.6547606649408
 10
124.38999999999999
 20
223.6547606649408
  0
LWPOLYLINE
  5
12B
330
17
100
AcDbEntity
  8
HIDDEN
100
AcDbPolyline
 90
10
 70
0
 10
167.39
 20
223.6547606649408
 10
168.08353892186435
 20
223.6547606649408
 10
168.75716277100395
 20
223.6547606649408
 10
169.38726385619762
 20
223.6547606649408
 10
169.95828541128185
 20
223.6547606649408
 10
170.45090397317745
 20
223.6547606649408
 10
170.84922302181195
 20
223.6547606649408
 10
171.1464602268308
 20
223.6547606649408
 10
171.3231059557698
 20
223.6547606649408
 10
171.39
 20
223.6547606649408
  0
LWPOLYLINE
  5
12C
330
17
100
AcDbEntity
  8
HIDDEN
100
AcDbPolyline
 90
18
 70
0
 10
171.39
 20
223.6547606649408
 10
171.3074095930695
 20
223.6547606649408
 10
171.0982882400041
 20
223.6547606649408
 10
170.76961686373318
 20
223.6547606649408
 10
170.33104159974351
 20
223.6547606649408
 10
169.7947328249685
 20
223.6547606649408
 10
169.17014814770343
 20
223.6547606649408
 10
168.47901343480055
 20
223.6547606649408
 10
167.75650506769273
 20
223.6547606649408
 10
167.02349493230724
 20
223.6547606649408
 10
166.30098656519942
 20
223.6547606649408
 10
165.60985185229654
 20
223.6547606649408
 10
164.98526717503148
 20
223.6547606649408
 10
164.44895840025646
 20
223.6547606649408
 10
164.0103831362668
 20
223.6547606649408
 10
163.68171175999586
 20
223.6547606649408
 10
163.47259040693044
 20
223.6547606649408
 10
163.39
 20
223.6547606649408
  0
LWPOLYLINE
  5
12D
330
17
100
AcDbEntity
  8
HIDDEN
100
AcDbPolyline
 90
10
 70
0
 10
163.39
 20
223.6547606649408
 10
163.45689404423018
 20
223.6547606649408
 10
163.63353977316916
 20
223.6547606649408
 10
163.93077697818802
 20
223.6547606649408
 10
164.32909602682253
 20
223.6547606649408
 10
164.82171458871812
 20
223.6547606649408
 10
165.39273614380235
 20
223.6547606649408
 10
166.02283722899602
 20
223.6547606649408
 10
166.69646107813563
 20
223.6547606649408
 10
167.39
 20
223.6547606649408
  0
LWPOLYLINE
  5
12E
330
17
100
AcDbEntity
  8
HIDDEN
100
AcDbPolyline
 90
10
 70
0
 10
154.79559159102197
 20
223.6547606649408
 10
155.48913051288633
 20
223.6547606649408
 10
156.16275436202594
 20
223.6547606649408
 10
156.79285544721964
 20
223.6547606649408
 10
157.36387700230387
 20
223.6547606649408
 10
157.85649556419946
 20
223.6547606649408
 10
158.25481461283397
 20
223.6547606649408
 10
158.55205181785283
 20
223.6547606649408
 10
158.7286975467918
 20
223.6547606649408
 10
158.795591591022
 20
223.6547606649408
  0
LWPOLYLINE
  5
12F
330
17
100
AcDbEntity
  8
HIDDEN
100
AcDbPolyline
 90
18
 70
0
 10
158.795591591022
 20
223.6547606649408
 10
158.71300118409152
 20
223.6547606649408
 10
158.50387983102613
 20
223.6547606649408
 10
158.17520845475516
 20
223.6547606649408
 10
157.73663319076553
 20
223.6547606649408
 10
157.20032441599048
 20
223.6547606649408
 10
156.57573973872545
 20
223.6547606649408
 10
155.88460502582254
 20
223.6547606649408
 10
155.16209665871474
 20
223.6547606649408
 10
154.42908652332923
 20
223.6547606649408
 10
153.70657815622144
 20
223.6547606649408
 10
153.01544344331853
 20
223.6547606649408
 10
152.3908587660535
 20
223.6547606649408
 10
151.85454999127845
 20
223.6547606649408
 10
151.4159747272888
 20
223.6547606649408
 10
151.08730335101785
 20
223.6547606649408
 10
150.87818199795245
 20
223.6547606649408
 10
150.79559159102197
 20
223.6547606649408
  0
LWPOLYLINE
  5
130
330
17
100
AcDbEntity
  8
HIDDEN
100
AcDbPolyline
 90
10
 70
0
 10
150.79559159102197
 20
223.6547606649408
 10
150.86248563525217
 20
223.6547606649408
 10
151.03913136419115
 20
223.6547606649408
 10
151.33636856921
 20
223.6547606649408
 10
151.73468761784451
 20
223.6547606649408
 10
152.2273061797401
 20
223.6547606649408
 10
152.79832773482434
 20
223.6547606649408
 10
153.42842882001804
 20
223.6547606649408
 10
154.10205266915762
 20
223.6547606649408
 10
154.79559159102197
 20
223.6547606649408
  0
LWPOLYLINE
  5
131
330
17
100
AcDbEntity
  8
HIDDEN
100
AcDbPolyline
 90
10
 70
0
 10
93.98440840897999
 20
213.6547606649408
 10
94.67794733084435
 20
213.6547606649408
 10
95.35157117998395
 20
213.6547606649408
 10
95.98167226517762
 20
213.6547606649408
 10
96.55269382026187
 20
213.6547606649408
 10
97.04531238215745
 20
213.6547606649408
 10
97.44363143079197
 20
213.6547606649408
 10
97.74086863581081
 20
213.6547606649408
 10
97.9175143647498
 20
213.6547606649408
 10
97.98440840897999
 20
213.6547606649408
  0
LWPOLYLINE
  5
132
330
17
100
AcDbEntity
  8
HIDDEN
100
AcDbPolyline
 90
18
 70
0
 10
97.98440840897999
 20
213.6547606649408
 10
97.90181800204952
 20
213.6547606649408
 10
97.69269664898411
 20
213.6547606649408
 10
97.36402527271316
 20
213.6547606649408
 10
96.92545000872352
 20
213.6547606649408
 10
96.3891412339485
 20
213.6547606649408
 10
95.76455655668343
 20
213.6547606649408
 10
95.07342184378054
 20
213.6547606649408
 10
94.35091347667274
 20
213.6547606649408
 10
93.61790334128723
 20
213.6547606649408
 10
92.89539497417944
 20
213.6547606649408
 10
92.20426026127654
 20
213.6547606649408
 10
91.57967558401148
 20
213.6547606649408
 10
91.04336680923646
 20
213.6547606649408
 10
90.60479154524681
 20
213.6547606649408
 10
90.27612016897586
 20
213.6547606649408
 10
90.06699881591044
 20
213.6547606649408
 10
89.98440840897999
 20
213.6547606649408
  0
LWPOLYLINE
  5
133
330
17
100
AcDbEntity
  8
HIDDEN
100
AcDbPolyline
 90
10
 70
0
 10
89.98440840897999
 20
213.6547606649408
 10
90.05130245321017
 20
213.6547606649408
 10
90.22794818214916
 20
213.6547606649408
 10
90.52518538716801
 20
213.6547606649408
 10
90.92350443580253
 20
213.6547606649408
 10
91.41612299769811
 20
213.6547606649408
 10
91.98714455278235
 20
213.6547606649408
 10
92.61724563797604
 20
213.6547606649408
 10
93.29086948711563
 20
213.6547606649408
 10
93.98440840897999
 20
213.6547606649408
  0
LWPOLYLINE
  5
134
330
17
100
AcDbEntity
  8
HIDDEN
100
AcDbPolyline
 90
10
 70
0
 10
81.38999999999999
 20
213.6547606649408
 10
82.08353892186435
 20
213.6547606649408
 10
82.75716277100395
 20
213.6547606649408
 10
83.38726385619762
 20
213.6547606649408
 10
83.95828541128186
 20
213.6547606649408
 10
84.45090397317745
 20
213.6547606649408
 10
84.84922302181197
 20
213.6547606649408
 10
85.14646022683081
 20
213.6547606649408
 10
85.3231059557698
 20
213.6547606649408
 10
85.38999999999999
 20
213.6547606649408
  0
LWPOLYLINE
  5
135
330
17
100
AcDbEntity
  8
HIDDEN
100
AcDbPolyline
 90
18
 70
0
 10
85.38999999999999
 20
213.6547606649408
 10
85.30740959306952
 20
213.6547606649408
 10
85.09828824000411
 20
213.6547606649408
 10
84.76961686373316
 20
213.6547606649408
 10
84.33104159974351
 20
213.6547606649408
 10
83.79473282496849
 20
213.6547606649408
 10
83.17014814770343
 20
213.6547606649408
 10
82.47901343480054
 20
213.6547606649408
 10
81.75650506769273
 20
213.6547606649408
 10
81.02349493230724
 20
213.6547606649408
 10
80.30098656519944
 20
213.6547606649408
 10
79.60985185229654
 20
213.6547606649408
 10
78.98526717503148
 20
213.6547606649408
 10
78.44895840025646
 20
213.6547606649408
 10
78.01038313626681
 20
213.6547606649408
 10
77.68171175999586
 20
213.6547606649408
 10
77.47259040693044
 20
213.6547606649408
 10
77.38999999999999
 20
213.6547606649408
  0
LWPOLYLINE
  5
136
330
17
100
AcDbEntity
  8
HIDDEN
100
AcDbPolyline
 90
10
 70
0
 10
77.38999999999999
 20
213.6547606649408
 10
77.45689404423017
 20
213.6547606649408
 10
77.63353977316916
 20
213.6547606649408
 10
77.930776978188
 20
213.6547606649408
 10
78.32909602682253
 20
213.6547606649408
 10
78.82171458871811
 20
213.6547606649408
 10
79.39273614380235
 20
213.6547606649408
 10
80.02283722899602
 20
213.6547606649408
 10
80.69646107813563
 20
213.6547606649408
 10
81.38999999999999
 20
213.6547606649408
  0
LWPOLYLINE
  5
137
330
17
100
AcDbEntity
  8
HIDDEN
100
AcDbPolyline
 90
10
 70
0
 10
93.98440840897999
 20
213.6547606649408
 10
94.67794733084435
 20
213.6547606649408
 10
95.35157117998395
 20
213.6547606649408
 10
95.98167226517762
 20
213.6547606649408
 10
96.55269382026187
 20
213.6547606649408
 10
97.04531238215745
 20
213.6547606649408
 10
97.44363143079197
 20
213.6547606649408
 10
97.74086863581081
 20
213.6547606649408
 10
97.9175143647498
 20
213.6547606649408
 10
97.98440840897999
 20
213.6547606649408
  0
LWPOLYLINE
  5
138
330
17
100
AcDbEntity
  8
HIDDEN
100
AcDbPolyline
 90
18
 70
0
 10
97.98440840897999
 20
213.6547606649408
 10
97.90181800204952
 20
213.6547606649408
 10
97.69269664898411
 20
213.6547606649408
 10
97.36402527271316
 20
213.6547606649408
 10
96.92545000872352
 20
213.6547606649408
 10
96.3891412339485
 20
213.6547606649408
 10
95.76455655668343
 20
213.6547606649408
 10
95.07342184378054
 20
213.6547606649408
 10
94.35091347667274
 20
213.6547606649408
 10
93.61790334128723
 20
213.6547606649408
 10
92.89539497417944
 20
213.6547606649408
 10
92.20426026127654
 20
213.6547606649408
 10
91.57967558401148
 20
213.6547606649408
 10
91.04336680923646
 20
213.6547606649408
 10
90.60479154524681
 20
213.6547606649408
 10
90.27612016897586
 20
213.6547606649408
 10
90.06699881591044
 20
213.6547606649408
 10
89.98440840897999
 20
213.6547606649408
  0
LWPOLYLINE
  5
139
330
17
100
AcDbEntity
  8
HIDDEN
100
AcDbPolyline
 90
10
 70
0
 10
89.98440840897999
 20
213.6547606649408
 10
90.05130245321017
 20
213.6547606649408
 10
90.22794818214916
 20
213.6547606649408
 10
90.52518538716801
 20
213.6547606649408
 10
90.92350443580253
 20
213.6547606649408
 10
91.41612299769811
 20
213.6547606649408
 10
91.98714455278235
 20
213.6547606649408
 10
92.61724563797604
 20
213.6547606649408
 10
93.29086948711563
 20
213.6547606649408
 10
93.98440840897999
 20
213.6547606649408
  0
LWPOLYLINE
  5
13A
330
17
100
AcDbEntity
  8
HIDDEN
100
AcDbPolyline
 90
10
 70
0
 10
124.38999999999997
 20
213.6547606649408
 10
125.08353892186433
 20
213.6547606649408
 10
125.75716277100393
 20
213.6547606649408
 10
126.38726385619762
 20
213.6547606649408
 10
126.95828541128185
 20
213.6547606649408
 10
127.45090397317745
 20
213.6547606649408
 10
127.84922302181195
 20
213.6547606649408
 10
128.1464602268308
 20
213.6547606649408
 10
128.3231059557698
 20
213.6547606649408
 10
128.39
 20
213.6547606649408
  0
LWPOLYLINE
  5
13B
330
17
100
AcDbEntity
  8
HIDDEN
100
AcDbPolyline
 90
17
 70
0
 10
128.39
 20
213.6547606649408
 10
128.30224769263637
 20
213.6547606649408
 10
128.06783451588905
 20
213.6547606649408
 10
127.69603200802368
 20
213.6547606649408
 10
127.2006425686535
 20
213.6547606649408
 10
126.59955011332315
 20
213.6547606649408
 10
125.91417215130896
 20
213.6547606649408
 10
125.16882326884708
 20
213.6547606649408
 10
124.38999999999997
 20
213.6547606649408
 10
123.61117673115288
 20
213.6547606649408
 10
122.86582784869098
 20
213.6547606649408
 10
122.18044988667681
 20
213.6547606649408
 10
121.57935743134645
 20
213.6547606649408
 10
121.08396799197627
 20
213.6547606649408
 10
120.7121654841109
 20
213.6547606649408
 10
120.47775230736359
 20
213.6547606649408
 10
120.38999999999997
 20
213.6547606649408
  0
LWPOLYLINE
  5
13C
330
17
100
AcDbEntity
  8
HIDDEN
100
AcDbPolyline
 90
9
 70
0
 10
120.38999999999997
 20
213.6547606649408
 10
120.47150405356126
 20
213.6547606649408
 10
120.7002956035784
 20
213.6547606649408
 10
121.06799591984709
 20
213.6547606649408
 10
121.56157287525379
 20
213.6547606649408
 10
122.17041396859523
 20
213.6547606649408
 10
122.86167439785453
 20
213.6547606649408
 10
123.61047272202772
 20
213.6547606649408
 10
124.38999999999997
 20
213.6547606649408
  0
LWPOLYLINE
  5
13D
330
17
100
AcDbEntity
  8
HIDDEN
100
AcDbPolyline
 90
9
 70
0
 10
124.38999999999999
 20
213.6547606649408
 10
125.16952727797224
 20
213.6547606649408
 10
125.91832560214544
 20
213.6547606649408
 10
126.60958603140473
 20
213.6547606649408
 10
127.21842712474619
 20
213.6547606649408
 10
127.71200408015288
 20
213.6547606649408
 10
128.07970439642156
 20
213.6547606649408
 10
128.3084959464387
 20
213.6547606649408
 10
128.39
 20
213.6547606649408
  0
LWPOLYLINE
  5
13E
330
17
100
AcDbEntity
  8
HIDDEN
100
AcDbPolyline
 90
17
 70
0
 10
128.39
 20
213.6547606649408
 10
128.30224769263637
 20
213.6547606649408
 10
128.06783451588907
 20
213.6547606649408
 10
127.69603200802369
 20
213.6547606649408
 10
127.20064256865352
 20
213.6547606649408
 10
126.59955011332316
 20
213.6547606649408
 10
125.91417215130897
 20
213.6547606649408
 10
125.16882326884709
 20
213.6547606649408
 10
124.38999999999999
 20
213.6547606649408
 10
123.6111767311529
 20
213.6547606649408
 10
122.865827848691
 20
213.6547606649408
 10
122.18044988667683
 20
213.6547606649408
 10
121.57935743134647
 20
213.6547606649408
 10
121.0839679919763
 20
213.6547606649408
 10
120.71216548411091
 20
213.6547606649408
 10
120.4777523073636
 20
213.6547606649408
 10
120.38999999999999
 20
213.6547606649408
  0
LWPOLYLINE
  5
13F
330
17
100
AcDbEntity
  8
HIDDEN
100
AcDbPolyline
 90
9
 70
0
 10
120.38999999999999
 20
213.6547606649408
 10
120.47150405356128
 20
213.6547606649408
 10
120.70029560357843
 20
213.6547606649408
 10
121.0679959198471
 20
213.6547606649408
 10
121.5615728752538
 20
213.6547606649408
 10
122.17041396859526
 20
213.6547606649408
 10
122.86167439785454
 20
213.6547606649408
 10
123.61047272202774
 20
213.6547606649408
 10
124.38999999999999
 20
213.6547606649408
  0
LWPOLYLINE
  5
140
330
17
100
AcDbEntity
  8
HIDDEN
100
AcDbPolyline
 90
10
 70
0
 10
154.79559159102197
 20
213.6547606649408
 10
155.48913051288633
 20
213.6547606649408
 10
156.16275436202594
 20
213.6547606649408
 10
156.79285544721964
 20
213.6547606649408
 10
157.36387700230387
 20
213.6547606649408
 10
157.85649556419946
 20
213.6547606649408
 10
158.25481461283397
 20
213.6547606649408
 10
158.55205181785283
 20
213.6547606649408
 10
158.7286975467918
 20
213.6547606649408
 10
158.795591591022
 20
213.6547606649408
  0
LWPOLYLINE
  5
141
330
17
100
AcDbEntity
  8
HIDDEN
100
AcDbPolyline
 90
18
 70
0
 10
158.795591591022
 20
213.6547606649408
 10
158.71300118409152
 20
213.6547606649408
 10
158.50387983102613
 20
213.6547606649408
 10
158.17520845475516
 20
213.6547606649408
 10
157.73663319076553
 20
213.6547606649408
 10
157.20032441599048
 20
213.6547606649408
 10
156.57573973872545
 20
213.6547606649408
 10
155.88460502582254
 20
213.6547606649408
 10
155.16209665871474
 20
213.6547606649408
 10
154.42908652332923
 20
213.6547606649408
 10
153.70657815622144
 20
213.6547606649408
 10
153.01544344331853
 20
213.6547606649408
 10
152.3908587660535
 20
213.6547606649408
 10
151.85454999127845
 20
213.6547606649408
 10
151.4159747272888
 20
213.6547606649408
 10
151.08730335101785
 20
213.6547606649408
 10
150.87818199795245
 20
213.6547606649408
 10
150.79559159102197
 20
213.6547606649408
  0
LWPOLYLINE
  5
142
330
17
100
AcDbEntity
  8
HIDDEN
100
AcDbPolyline
 90
10
 70
0
 10
150.79559159102197
 20
213.6547606649408
 10
150.86248563525217
 20
213.6547606649408
 10
151.03913136419115
 20
213.6547606649408
 10
151.33636856921
 20
213.6547606649408
 10
151.73468761784451
 20
213.6547606649408
 10
152.2273061797401
 20
213.6547606649408
 10
152.79832773482434
 20
213.6547606649408
 10
153.42842882001804
 20
213.6547606649408
 10
154.10205266915762
 20
213.6547606649408
 10
154.79559159102197
 20
213.6547606649408
  0
LWPOLYLINE
  5
143
330
17
100
AcDbEntity
  8
HIDDEN
100
AcDbPolyline
 90
21
 70
0
 10
124.38999999999999
 20
213.6547606649408
 10
125.17375133272314
 20
213.6547606649408
 10
125.95187059244509
 20
213.6547606649408
 10
126.72296746756199
 20
213.6547606649408
 10
127.47727436355395
 20
213.6547606649408
 10
128.2108140053636
 20
213.6547606649408
 10
128.92513406597112
 20
213.6547606649408
 10
129.61217242775558
 20
213.6547606649408
 10
130.25906711721373
 20
213.6547606649408
 10
130.87574895657076
 20
213.6547606649408
 10
131.46106781186546
 20
213.6547606649408
 10
131.98414072083582
 20
213.6547606649408
 10
132.4678856917213
 20
213.6547606649408
 10
132.91148666095697
 20
213.6547606649408
 10
133.2911993416759
 20
213.6547606649408
 10
133.61426099105392
 20
213.6547606649408
 10
133.89092246683057
 20
213.6547606649408
 10
134.10823453994476
 20
213.6547606649408
 10
134.25198490808674
 20
213.6547606649408
 10
134.3459854692527
 20
213.6547606649408
 10
134.39
 20
213.6547606649408
  0
LWPOLYLINE
  5
144
330
17
100
AcDbEntity
  8
HIDDEN
100
AcDbPolyline
 90
42
 70
0
 10
134.39
 20
213.6547606649408
 10
134.30438799281598
 20
213.6547606649408
 10
134.21877598563196
 20
213.6547606649408
 10
134.12124033053055
 20
213.6547606649408
 10
133.86869725250332
 20
213.6547606649408
 10
133.6161541744761
 20
213.6547606649408
 10
133.3415728812513
 20
213.6547606649408
 10
132.9347622968412
 20
213.6547606649408
 10
132.52795171243108
 20
213.6547606649408
 10
132.0924550583808
 20
213.6547606649408
 10
131.5517761489832
 20
213.6547606649408
 10
131.0110972395856
 20
213.6547606649408
 10
130.4399164939618
 20
213.6547606649408
 10
129.79248115777241
 20
213.6547606649408
 10
129.14504582158304
 20
213.6547606649408
 10
128.47107787268624
 20
213.6547606649408
 10
127.74935122091614
 20
213.6547606649408
 10
127.02762456914604
 20
213.6547606649408
 10
126.28956894840755
 20
213.6547606649408
 10
125.52974136904453
 20
213.6547606649408
 10
124.7699137896815
 20
213.6547606649408
 10
124.01008621031848
 20
213.6547606649408
 10
123.25025863095546
 20
213.6547606649408
 10
122.49043105159242
 20
213.6547606649408
 10
121.75237543085393
 20
213.6547606649408
 10
121.03064877908383
 20
213.6547606649408
 10
120.30892212731372
 20
213.6547606649408
 10
119.63495417841695
 20
213.6547606649408
 10
118.98751884222757
 20
213.6547606649408
 10
118.34008350603818
 20
213.6547606649408
 10
117.76890276041436
 20
213.6547606649408
 10
117.22822385101676
 20
213.6547606649408
 10
116.68754494161917
 20
213.6547606649408
 10
116.25204828756888
 20
213.6547606649408
 10
115.84523770315877
 20
213.6547606649408
 10
115.43842711874868
 20
213.6547606649408
 10
115.16384582552388
 20
213.6547606649408
 10
114.91130274749665
 20
213.6547606649408
 10
114.65875966946942
 20
213.6547606649408
 10
114.56122401436802
 20
213.6547606649408
 10
114.475612007184
 20
213.6547606649408
 10
114.38999999999999
 20
213.6547606649408
  0
LWPOLYLINE
  5
145
330
17
100
AcDbEntity
  8
HIDDEN
100
AcDbPolyline
 90
21
 70
0
 10
114.38999999999999
 20
213.6547606649408
 10
114.43401453074729
 20
213.6547606649408
 10
114.52801509191323
 20
213.6547606649408
 10
114.67176546005521
 20
213.6547606649408
 10
114.8890775331694
 20
213.6547606649408
 10
115.16573900894605
 20
213.6547606649408
 10
115.48880065832407
 20
213.6547606649408
 10
115.868513339043
 20
213.6547606649408
 10
116.31211430827867
 20
213.6547606649408
 10
116.79585927916413
 20
213.6547606649408
 10
117.31893218813451
 20
213.6547606649408
 10
117.9042510434292
 20
213.6547606649408
 10
118.52093288278624
 20
213.6547606649408
 10
119.1678275722444
 20
213.6547606649408
 10
119.85486593402885
 20
213.6547606649408
 10
120.56918599463636
 20
213.6547606649408
 10
121.30272563644601
 20
213.6547606649408
 10
122.05703253243799
 20
213.6547606649408
 10
122.82812940755488
 20
213.6547606649408
 10
123.60624866727683
 20
213.6547606649408
 10
124.38999999999999
 20
213.6547606649408
  0
LWPOLYLINE
  5
146
330
17
100
AcDbEntity
  8
HIDDEN
100
AcDbPolyline
 90
10
 70
0
 10
167.39
 20
213.6547606649408
 10
168.08353892186435
 20
213.6547606649408
 10
168.75716277100395
 20
213.6547606649408
 10
169.38726385619762
 20
213.6547606649408
 10
169.95828541128185
 20
213.6547606649408
 10
170.45090397317745
 20
213.6547606649408
 10
170.84922302181195
 20
213.6547606649408
 10
171.1464602268308
 20
213.6547606649408
 10
171.3231059557698
 20
213.6547606649408
 10
171.39
 20
213.6547606649408
  0
LWPOLYLINE
  5
147
330
17
100
AcDbEntity
  8
HIDDEN
100
AcDbPolyline
 90
18
 70
0
 10
171.39
 20
213.6547606649408
 10
171.3074095930695
 20
213.6547606649408
 10
171.0982882400041
 20
213.6547606649408
 10
170.76961686373318
 20
213.6547606649408
 10
170.33104159974351
 20
213.6547606649408
 10
169.7947328249685
 20
213.6547606649408
 10
169.17014814770343
 20
213.6547606649408
 10
168.47901343480055
 20
213.6547606649408
 10
167.75650506769273
 20
213.6547606649408
 10
167.02349493230724
 20
213.6547606649408
 10
166.30098656519942
 20
213.6547606649408
 10
165.60985185229654
 20
213.6547606649408
 10
164.98526717503148
 20
213.6547606649408
 10
164.44895840025646
 20
213.6547606649408
 10
164.0103831362668
 20
213.6547606649408
 10
163.68171175999586
 20
213.6547606649408
 10
163.47259040693044
 20
213.6547606649408
 10
163.39
 20
213.6547606649408
  0
LWPOLYLINE
  5
148
330
17
100
AcDbEntity
  8
HIDDEN
100
AcDbPolyline
 90
10
 70
0
 10
163.39
 20
213.6547606649408
 10
163.45689404423018
 20
213.6547606649408
 10
163.63353977316916
 20
213.6547606649408
 10
163.93077697818802
 20
213.6547606649408
 10
164.32909602682253
 20
213.6547606649408
 10
164.82171458871812
 20
213.6547606649408
 10
165.39273614380235
 20
213.6547606649408
 10
166.02283722899602
 20
213.6547606649408
 10
166.69646107813563
 20
213.6547606649408
 10
167.39
 20
213.6547606649408
  0
LWPOLYLINE
  5
149
330
17
100
AcDbEntity
  8
HIDDEN
100
AcDbPolyline
 90
10
 70
0
 10
154.79559159102197
 20
213.6547606649408
 10
155.48913051288633
 20
213.6547606649408
 10
156.16275436202594
 20
213.6547606649408
 10
156.79285544721964
 20
213.6547606649408
 10
157.36387700230387
 20
213.6547606649408
 10
157.85649556419946
 20
213.6547606649408
 10
158.25481461283397
 20
213.6547606649408
 10
158.55205181785283
 20
213.6547606649408
 10
158.7286975467918
 20
213.6547606649408
 10
158.795591591022
 20
213.6547606649408
  0
LWPOLYLINE
  5
14A
330
17
100
AcDbEntity
  8
HIDDEN
100
AcDbPolyline
 90
18
 70
0
 10
158.795591591022
 20
213.6547606649408
 10
158.71300118409152
 20
213.6547606649408
 10
158.50387983102613
 20
213.6547606649408
 10
158.17520845475516
 20
213.6547606649408
 10
157.73663319076553
 20
213.6547606649408
 10
157.20032441599048
 20
213.6547606649408
 10
156.57573973872545
 20
213.6547606649408
 10
155.88460502582254
 20
213.6547606649408
 10
155.16209665871474
 20
213.6547606649408
 10
154.42908652332923
 20
213.6547606649408
 10
153.70657815622144
 20
213.6547606649408
 10
153.01544344331853
 20
213.6547606649408
 10
152.3908587660535
 20
213.6547606649408
 10
151.85454999127845
 20
213.6547606649408
 10
151.4159747272888
 20
213.6547606649408
 10
151.08730335101785
 20
213.6547606649408
 10
150.87818199795245
 20
213.6547606649408
 10
150.79559159102197
 20
213.6547606649408
  0
LWPOLYLINE
  5
14B
330
17
100
AcDbEntity
  8
HIDDEN
100
AcDbPolyline
 90
10
 70
0
 10
150.79559159102197
 20
213.6547606649408
 10
150.86248563525217
 20
213.6547606649408
 10
151.03913136419115
 20
213.6547606649408
 10
151.33636856921
 20
213.6547606649408
 10
151.73468761784451
 20
213.6547606649408
 10
152.2273061797401
 20
213.6547606649408
 10
152.79832773482434
 20
213.6547606649408
 10
153.42842882001804
 20
213.6547606649408
 10
154.10205266915762
 20
213.6547606649408
 10
154.79559159102197
 20
213.6547606649408
  0
LWPOLYLINE
  5
14C
330
17
100
AcDbEntity
  8
HIDDEN
100
AcDbPolyline
 90
92
 70
0
 10
146.89
 20
253.6547606649408
 10
146.8032120037063
 20
253.6547606649408
 10
146.71642400741263
 20
253.6547606649408
 10
146.62963601111892
 20
253.6547606649408
 10
146.54284801482524
 20
253.6547606649408
 10
146.45606001853156
 20
253.6547606649408
 10
146.36927202223785
 20
253.6547606649408
 10
146.19787198591513
 20
253.6547606649408
 10
145.94185990956333
 20
253.6547606649408
 10
145.68584783321157
 20
253.6547606649408
 10
145.42983575685977
 20
253.6547606649408
 10
145.17382368050798
 20
253.6547606649408
 10
144.9178116041562
 20
253.6547606649408
 10
144.66179952780442
 20
253.6547606649408
 10
144.24940088591615
 20
253.6547606649408
 10
143.83700224402787
 20
253.6547606649408
 10
143.4246036021396
 20
253.6547606649408
 10
143.01220496025132
 20
253.6547606649408
 10
142.59980631836305
 20
253.6547606649408
 10
142.18740767647478
 20
253.6547606649408
 10
141.70715544678382
 20
253.6547606649408
 10
141.15904962929008
 20
253.6547606649408
 10
140.61094381179637
 20
253.6547606649408
 10
140.06283799430264
 20
253.6547606649408
 10
139.51473217680893
 20
253.6547606649408
 10
138.9666263593152
 20
253.6547606649408
 10
138.4185205418215
 20
253.6547606649408
 10
137.76219186310203
 20
253.6547606649408
 10
137.10586318438257
 20
253.6547606649408
 10
136.44953450566314
 20
253.6547606649408
 10
135.79320582694368
 20
253.6547606649408
 10
135.13687714822424
 20
253.6547606649408
 10
134.48054846950475
 20
253.6547606649408
 10
133.7865638904429
 20
253.6547606649408
 10
133.05492341103857
 20
253.6547606649408
 10
132.32328293163428
 20
253.6547606649408
 10
131.59164245223
 20
253.6547606649408
 10
130.86000197282567
 20
253.6547606649408
 10
130.12836149342138
 20
253.6547606649408
 10
129.39672101401706
 20
253.6547606649408
 10
128.6264562426298
 20
253.6547606649408
 10
127.85619147124258
 20
253.6547606649408
 10
127.08592669985534
 20
253.6547606649408
 10
126.31566192846809
 20
253.6547606649408
 10
125.54539715708086
 20
253.6547606649408
 10
124.77513238569361
 20
253.6547606649408
 10
124.00486761430638
 20
253.6547606649408
 10
123.23460284291912
 20
253.6547606649408
 10
122.46433807153188
 20
253.6547606649408
 10
121.69407330014464
 20
253.6547606649408
 10
120.9238085287574
 20
253.6547606649408
 10
120.15354375737016
 20
253.6547606649408
 10
119.38327898598291
 20
253.6547606649408
 10
118.6516385065786
 20
253.6547606649408
 10
117.9199980271743
 20
253.6547606649408
 10
117.18835754777
 20
253.6547606649408
 10
116.45671706836569
 20
253.6547606649408
 10
115.7250765889614
 20
253.6547606649408
 10
114.99343610955708
 20
253.6547606649408
 10
114.2994515304952
 20
253.6547606649408
 10
113.64312285177576
 20
253.6547606649408
 10
112.9867941730563
 20
253.6547606649408
 10
112.33046549433685
 20
253.6547606649408
 10
111.67413681561739
 20
253.6547606649408
 10
111.01780813689794
 20
253.6547606649408
 10
110.36147945817848
 20
253.6547606649408
 10
109.81337364068477
 20
253.6547606649408
 10
109.26526782319105
 20
253.6547606649408
 10
108.71716200569733
 20
253.6547606649408
 10
108.16905618820361
 20
253.6547606649408
 10
107.62095037070989
 20
253.6547606649408
 10
107.07284455321617
 20
253.6547606649408
 10
106.59259232352518
 20
253.6547606649408
 10
106.18019368163691
 20
253.6547606649408
 10
105.76779503974865
 20
253.6547606649408
 10
105.35539639786037
 20
253.6547606649408
 10
104.9429977559721
 20
253.6547606649408
 10
104.53059911408383
 20
253.6547606649408
 10
104.11820047219555
 20
253.6547606649408
 10
103.86218839584377
 20
253.6547606649408
 10
103.606176319492
 20
253.6547606649408
 10
103.3501642431402
 20
253.6547606649408
 10
103.09415216678842
 20
253.6547606649408
 10
102.83814009043664
 20
253.6547606649408
 10
102.58212801408484
 20
253.6547606649408
 10
102.41072797776211
 20
253.6547606649408
 10
102.32393998146843
 20
253.6547606649408
 10
102.23715198517473
 20
253.6547606649408
 10
102.15036398888105
 20
253.6547606649408
 10
102.06357599258736
 20
253.6547606649408
 10
101.97678799629367
 20
253.6547606649408
 10
101.88999999999999
 20
253.6547606649408
  0
LWPOLYLINE
  5
14D
330
17
100
AcDbEntity
  8
HIDDEN
100
AcDbPolyline
 90
21
 70
0
 10
124.38999999999999
 20
253.6547606649408
 10
125.17375133272314
 20
253.6547606649408
 10
125.95187059244509
 20
253.6547606649408
 10
126.72296746756199
 20
253.6547606649408
 10
127.47727436355395
 20
253.6547606649408
 10
128.2108140053636
 20
253.6547606649408
 10
128.92513406597112
 20
253.6547606649408
 10
129.61217242775558
 20
253.6547606649408
 10
130.25906711721373
 20
253.6547606649408
 10
130.87574895657076
 20
253.6547606649408
 10
131.46106781186546
 20
253.6547606649408
 10
131.98414072083582
 20
253.6547606649408
 10
132.4678856917213
 20
253.6547606649408
 10
132.91148666095697
 20
253.6547606649408
 10
133.2911993416759
 20
253.6547606649408
 10
133.61426099105392
 20
253.6547606649408
 10
133.89092246683057
 20
253.6547606649408
 10
134.10823453994476
 20
253.6547606649408
 10
134.25198490808674
 20
253.6547606649408
 10
134.3459854692527
 20
253.6547606649408
 10
134.39
 20
253.6547606649408
  0
LWPOLYLINE
  5
14E
330
17
100
AcDbEntity
  8
HIDDEN
100
AcDbPolyline
 90
42
 70
0
 10
134.39
 20
253.6547606649408
 10
134.30438799281598
 20
253.6547606649408
 10
134.21877598563196
 20
253.6547606649408
 10
134.12124033053055
 20
253.6547606649408
 10
133.86869725250332
 20
253.6547606649408
 10
133.6161541744761
 20
253.6547606649408
 10
133.3415728812513
 20
253.6547606649408
 10
132.9347622968412
 20
253.6547606649408
 10
132.52795171243108
 20
253.6547606649408
 10
132.0924550583808
 20
253.6547606649408
 10
131.5517761489832
 20
253.6547606649408
 10
131.0110972395856
 20
253.6547606649408
 10
130.4399164939618
 20
253.6547606649408
 10
129.79248115777241
 20
253.6547606649408
 10
129.14504582158304
 20
253.6547606649408
 10
128.47107787268624
 20
253.6547606649408
 10
127.74935122091614
 20
253.6547606649408
 10
127.02762456914604
 20
253.6547606649408
 10
126.28956894840755
 20
253.6547606649408
 10
125.52974136904453
 20
253.6547606649408
 10
124.7699137896815
 20
253.6547606649408
 10
124.01008621031848
 20
253.6547606649408
 10
123.25025863095546
 20
253.6547606649408
 10
122.49043105159242
 20
253.6547606649408
 10
121.75237543085393
 20
253.6547606649408
 10
121.03064877908383
 20
253.6547606649408
 10
120.30892212731372
 20
253.6547606649408
 10
119.63495417841695
 20
253.6547606649408
 10
118.98751884222757
 20
253.6547606649408
 10
118.34008350603818
 20
253.6547606649408
 10
117.76890276041436
 20
253.6547606649408
 10
117.22822385101676
 20
253.6547606649408
 10
116.68754494161917
 20
253.6547606649408
 10
116.25204828756888
 20
253.6547606649408
 10
115.84523770315877
 20
253.6547606649408
 10
115.43842711874868
 20
253.6547606649408
 10
115.16384582552388
 20
253.6547606649408
 10
114.91130274749665
 20
253.6547606649408
 10
114.65875966946942
 20
253.6547606649408
 10
114.56122401436802
 20
253.6547606649408
 10
114.475612007184
 20
253.6547606649408
 10
114.38999999999999
 20
253.6547606649408
  0
LWPOLYLINE
  5
14F
330
17
100
AcDbEntity
  8
HIDDEN
100
AcDbPolyline
 90
21
 70
0
 10
114.38999999999999
 20
253.6547606649408
 10
114.43401453074729
 20
253.6547606649408
 10
114.52801509191323
 20
253.6547606649408
 10
114.67176546005521
 20
253.6547606649408
 10
114.8890775331694
 20
253.6547606649408
 10
115.16573900894605
 20
253.6547606649408
 10
115.48880065832407
 20
253.6547606649408
 10
115.868513339043
 20
253.6547606649408
 10
116.31211430827867
 20
253.6547606649408
 10
116.79585927916413
 20
253.6547606649408
 10
117.31893218813451
 20
253.6547606649408
 10
117.9042510434292
 20
253.6547606649408
 10
118.52093288278624
 20
253.6547606649408
 10
119.1678275722444
 20
253.6547606649408
 10
119.85486593402885
 20
253.6547606649408
 10
120.56918599463636
 20
253.6547606649408
 10
121.30272563644601
 20
253.6547606649408
 10
122.05703253243799
 20
253.6547606649408
 10
122.82812940755488
 20
253.6547606649408
 10
123.60624866727683
 20
253.6547606649408
 10
124.38999999999999
 20
253.6547606649408
  0
LINE
  5
150
330
17
100
AcDbEntity
  8
HIDDEN
100
AcDbLine
 10
97.98440840897999
 20
213.6547606649408
 30
0.0
 11
97.98440840897999
 21
223.6547606649408
 31
0.0
  0
LINE
  5
151
330
17
100
AcDbEntity
  8
HIDDEN
100
AcDbLine
 10
89.98440840897999
 20
213.6547606649408
 30
0.0
 11
89.98440840897999
 21
223.6547606649408
 31
0.0
  0
LINE
  5
152
330
17
100
AcDbEntity
  8
HIDDEN
100
AcDbLine
 10
85.38999999999999
 20
213.6547606649408
 30
0.0
 11
85.38999999999999
 21
223.6547606649408
 31
0.0
  0
LINE
  5
153
330
17
100
AcDbEntity
  8
HIDDEN
100
AcDbLine
 10
77.38999999999999
 20
213.6547606649408
 30
0.0
 11
77.38999999999999
 21
223.6547606649408
 31
0.0
  0
LINE
  5
154
330
17
100
AcDbEntity
  8
HIDDEN
100
AcDbLine
 10
97.98440840897999
 20
213.6547606649408
 30
0.0
 11
97.98440840897999
 21
223.6547606649408
 31
0.0
  0
LINE
  5
155
330
17
100
AcDbEntity
  8
HIDDEN
100
AcDbLine
 10
89.98440840897999
 20
213.6547606649408
 30
0.0
 11
89.98440840897999
 21
223.6547606649408
 31
0.0
  0
LINE
  5
156
330
17
100
AcDbEntity
  8
HIDDEN
100
AcDbLine
 10
128.39
 20
213.6547606649408
 30
0.0
 11
128.39
 21
223.6547606649408
 31
0.0
  0
LINE
  5
157
330
17
100
AcDbEntity
  8
HIDDEN
100
AcDbLine
 10
120.38999999999997
 20
213.6547606649408
 30
0.0
 11
120.38999999999997
 21
223.6547606649408
 31
0.0
  0
LINE
  5
158
330
17
100
AcDbEntity
  8
HIDDEN
100
AcDbLine
 10
128.39
 20
213.6547606649408
 30
0.0
 11
128.39
 21
223.6547606649408
 31
0.0
  0
LINE
  5
159
330
17
100
AcDbEntity
  8
HIDDEN
100
AcDbLine
 10
120.38999999999999
 20
213.6547606649408
 30
0.0
 11
120.38999999999999
 21
223.6547606649408
 31
0.0
  0
LINE
  5
15A
330
17
100
AcDbEntity
  8
HIDDEN
100
AcDbLine
 10
158.795591591022
 20
213.6547606649408
 30
0.0
 11
158.795591591022
 21
223.6547606649408
 31
0.0
  0
LINE
  5
15B
330
17
100
AcDbEntity
  8
HIDDEN
100
AcDbLine
 10
150.79559159102197
 20
213.6547606649408
 30
0.0
 11
150.79559159102197
 21
223.6547606649408
 31
0.0
  0
LINE
  5
15C
330
17
100
AcDbEntity
  8
HIDDEN
100
AcDbLine
 10
171.39
 20
213.6547606649408
 30
0.0
 11
171.39
 21
223.6547606649408
 31
0.0
  0
LINE
  5
15D
330
17
100
AcDbEntity
  8
HIDDEN
100
AcDbLine
 10
163.39
 20
213.6547606649408
 30
0.0
 11
163.39
 21
223.6547606649408
 31
0.0
  0
LINE
  5
15E
330
17
100
AcDbEntity
  8
HIDDEN
100
AcDbLine
 10
158.795591591022
 20
213.6547606649408
 30
0.0
 11
158.795591591022
 21
223.6547606649408
 31
0.0
  0
LINE
  5
15F
330
17
100
AcDbEntity
  8
HIDDEN
100
AcDbLine
 10
150.79559159102197
 20
213.6547606649408
 30
0.0
 11
150.79559159102197
 21
223.6547606649408
 31
0.0
  0
LINE
  5
160
330
17
100
AcDbEntity
  8
HIDDEN
100
AcDbLine
 10
134.39
 20
213.6547606649408
 30
0.0
 11
134.39
 21
253.6547606649408
 31
0.0
  0
LINE
  5
161
330
17
100
AcDbEntity
  8
HIDDEN
100
AcDbLine
 10
114.38999999999999
 20
213.6547606649408
 30
0.0
 11
114.38999999999999
 21
253.6547606649408
 31
0.0
  0
LWPOLYLINE
  5
162
330
17
100
AcDbEntity
  8
VISIBLE
100
AcDbPolyline
 90
102
 70
0
 10
124.38999999999999
 20
223.6547606649408
 10
125.16599141853776
 20
223.6547606649408
 10
125.94198283707554
 20
223.6547606649408
 10
126.71797425561331
 20
223.6547606649408
 10
127.4939656741511
 20
223.6547606649408
 10
128.26995709268888
 20
223.6547606649408
 10
129.04594851122664
 20
223.6547606649408
 10
129.82193992976443
 20
223.6547606649408
 10
130.5902639221867
 20
223.6547606649408
 10
131.35649679839565
 20
223.6547606649408
 10
132.1227296746046
 20
223.6547606649408
 10
132.88896255081357
 20
223.6547606649408
 10
133.65519542702253
 20
223.6547606649408
 10
134.4214283032315
 20
223.6547606649408
 10
135.18766117944045
 20
223.6547606649408
 10
135.9428115611775
 20
223.6547606649408
 10
136.68965007206063
 20
223.6547606649408
 10
137.43648858294378
 20
223.6547606649408
 10
138.1833270938269
 20
223.6547606649408
 10
138.93016560471006
 20
223.6547606649408
 10
139.67700411559318
 20
223.6547606649408
 10
140.42384262647633
 20
223.6547606649408
 10
141.16040031845733
 20
223.6547606649408
 10
141.8784525364145
 20
223.6547606649408
 10
142.59650475437167
 20
223.6547606649408
 10
143.31455697232883
 20
223.6547606649408
 10
144.032609190286
 20
223.6547606649408
 10
144.75066140824316
 20
223.6547606649408
 10
145.46871362620033
 20
223.6547606649408
 10
146.18136352755886
 20
223.6547606649408
 10
146.86159952932564
 20
223.6547606649408
 10
147.54183553109243
 20
223.6547606649408
 10
148.22207153285922
 20
223.6547606649408
 10
148.902307534626
 20
223.6547606649408
 10
149.58254353639276
 20
223.6547606649408
 10
150.26277953815955
 20
223.6547606649408
 10
150.94301553992634
 20
223.6547606649408
 10
151.58019314728372
 20
223.6547606649408
 10
152.2140585704558
 20
223.6547606649408
 10
152.84792399362783
 20
223.6547606649408
 10
153.4817894167999
 20
223.6547606649408
 10
154.11565483997197
 20
223.6547606649408
 10
154.749520263144
 20
223.6547606649408
 10
155.38338568631607
 20
223.6547606649408
 10
155.97843553515355
 20
223.6547606649408
 10
156.55795915425722
 20
223.6547606649408
 10
157.1374827733609
 20
223.6547606649408
 10
157.71700639246455
 20
223.6547606649408
 10
158.29653001156822
 20
223.6547606649408
 10
158.87605363067186
 20
223.6547606649408
 10
159.45557724977553
 20
223.6547606649408
 10
160.00428604396615
 20
223.6547606649408
 10
160.52218001324377
 20
223.6547606649408
 10
161.04007398252136
 20
223.6547606649408
 10
161.55796795179896
 20
223.6547606649408
 10
162.07586192107658
 20
223.6547606649408
 10
162.59375589035415
 20
223.6547606649408
 10
163.11164985963177
 20
223.6547606649408
 10
163.6100745526297
 20
223.6547606649408
 10
164.0598260549285
 20
223.6547606649408
 10
164.5095775572273
 20
223.6547606649408
 10
164.95932905952608
 20
223.6547606649408
 10
165.40908056182488
 20
223.6547606649408
 10
165.85883206412367
 20
223.6547606649408
 10
166.30858356642244
 20
223.6547606649408
 10
166.75306375778752
 20
223.6547606649408
 10
167.1290169070142
 20
223.6547606649408
 10
167.5049700562409
 20
223.6547606649408
 10
167.88092320546755
 20
223.6547606649408
 10
168.25687635469424
 20
223.6547606649408
 10
168.6328295039209
 20
223.6547606649408
 10
169.0087826531476
 20
223.6547606649408
 10
169.38473580237428
 20
223.6547606649408
 10
169.69338079555232
 20
223.6547606649408
 10
169.99080776272226
 20
223.6547606649408
 10
170.2882347298922
 20
223.6547606649408
 10
170.58566169706214
 20
223.6547606649408
 10
170.88308866423208
 20
223.6547606649408
 10
171.18051563140202
 20
223.6547606649408
 10
171.47794259857196
 20
223.6547606649408
 10
171.722483959409
 20
223.6547606649408
 10
171.9376444278389
 20
223.6547606649408
 10
172.1528048962688
 20
223.6547606649408
 10
172.3679653646987
 20
223.6547606649408
 10
172.58312583312858
 20
223.6547606649408
 10
172.79828630155848
 20
223.6547606649408
 10
173.01344676998838
 20
223.6547606649408
 10
173.19219055278845
 20
223.6547606649408
 10
173.32237875474877
 20
223.6547606649408
 10
173.45256695670912
 20
223.6547606649408
 10
173.58275515866944
 20
223.6547606649408
 10
173.71294336062977
 20
223.6547606649408
 10
173.8431315625901
 20
223.6547606649408
 10
173.9733197645504
 20
223.6547606649408
 10
174.08494879680086
 20
223.6547606649408
 10
174.12852754011502
 20
223.6547606649408
 10
174.17210628342917
 20
223.6547606649408
 10
174.21568502674336
 20
223.6547606649408
 10
174.25926377005752
 20
223.6547606649408
 10
174.30284251337167
 20
223.6547606649408
 10
174.34642125668583
 20
223.6547606649408
 10
174.39
 20
223.6547606649408
  0
LWPOLYLINE
  5
163
330
17
100
AcDbEntity
  8
VISIBLE
100
AcDbPolyline
 90
101
 70
0
 10
74.38999999999999
 20
223.6547606649408
 10
74.43401453074729
 20
223.6547606649408
 10
74.4780290614946
 20
223.6547606649408
 10
74.52204359224189
 20
223.6547606649408
 10
74.56605812298919
 20
223.6547606649408
 10
74.6100726537365
 20
223.6547606649408
 10
74.6540871844838
 20
223.6547606649408
 10
74.6981017152311
 20
223.6547606649408
 10
74.81709529160636
 20
223.6547606649408
 10
74.9485853755863
 20
223.6547606649408
 10
75.08007545956625
 20
223.6547606649408
 10
75.21156554354617
 20
223.6547606649408
 10
75.3430556275261
 20
223.6547606649408
 10
75.47454571150604
 20
223.6547606649408
 10
75.60603579548597
 20
223.6547606649408
 10
75.79882730027609
 20
223.6547606649408
 10
76.01613937339027
 20
223.6547606649408
 10
76.23345144650447
 20
223.6547606649408
 10
76.45076351961866
 20
223.6547606649408
 10
76.66807559273286
 20
223.6547606649408
 10
76.88538766584705
 20
223.6547606649408
 10
77.10269973896123
 20
223.6547606649408
 10
77.3674913342054
 20
223.6547606649408
 10
77.66789257104703
 20
223.6547606649408
 10
77.96829380788867
 20
223.6547606649408
 10
78.26869504473032
 20
223.6547606649408
 10
78.56909628157196
 20
223.6547606649408
 10
78.8694975184136
 20
223.6547606649408
 10
79.16989875525523
 20
223.6547606649408
 10
79.50429061090142
 20
223.6547606649408
 10
79.88400329162037
 20
223.6547606649408
 10
80.26371597233933
 20
223.6547606649408
 10
80.64342865305827
 20
223.6547606649408
 10
81.0231413337772
 20
223.6547606649408
 10
81.40285401449617
 20
223.6547606649408
 10
81.78256669521508
 20
223.6547606649408
 10
82.1835754721063
 20
223.6547606649408
 10
82.63782448942807
 20
223.6547606649408
 10
83.09207350674984
 20
223.6547606649408
 10
83.54632252407163
 20
223.6547606649408
 10
84.00057154139341
 20
223.6547606649408
 10
84.45482055871518
 20
223.6547606649408
 10
84.90906957603696
 20
223.6547606649408
 10
85.37315057787997
 20
223.6547606649408
 10
85.89622348685035
 20
223.6547606649408
 10
86.41929639582074
 20
223.6547606649408
 10
86.94236930479109
 20
223.6547606649408
 10
87.46544221376149
 20
223.6547606649408
 10
87.98851512273185
 20
223.6547606649408
 10
88.51158803170223
 20
223.6547606649408
 10
89.03466094067261
 20
223.6547606649408
 10
89.6199797959673
 20
223.6547606649408
 10
90.20529865126198
 20
223.6547606649408
 10
90.79061750655669
 20
223.6547606649408
 10
91.37593636185139
 20
223.6547606649408
 10
91.96125521714607
 20
223.6547606649408
 10
92.5465740724408
 20
223.6547606649408
 10
93.13189292773549
 20
223.6547606649408
 10
93.76425625912368
 20
223.6547606649408
 10
94.40446033652746
 20
223.6547606649408
 10
95.04466441393123
 20
223.6547606649408
 10
95.68486849133501
 20
223.6547606649408
 10
96.32507256873879
 20
223.6547606649408
 10
96.96527664614257
 20
223.6547606649408
 10
97.60548072354634
 20
223.6547606649408
 10
98.27913786122205
 20
223.6547606649408
 10
98.9661762230065
 20
223.6547606649408
 10
99.65321458479094
 20
223.6547606649408
 10
100.34025294657539
 20
223.6547606649408
 10
101.02729130835984
 20
223.6547606649408
 10
101.71432967014428
 20
223.6547606649408
 10
102.40136803192873
 20
223.6547606649408
 10
103.11023175277163
 20
223.6547606649408
 10
103.83546449290836
 20
223.6547606649408
 10
104.56069723304513
 20
223.6547606649408
 10
105.28592997318182
 20
223.6547606649408
 10
106.0111627133186
 20
223.6547606649408
 10
106.73639545345533
 20
223.6547606649408
 10
107.46162819359206
 20
223.6547606649408
 10
108.19932128623819
 20
223.6547606649408
 10
108.95362818223015
 20
223.6547606649408
 10
109.7079350782221
 20
223.6547606649408
 10
110.46224197421408
 20
223.6547606649408
 10
111.21654887020608
 20
223.6547606649408
 10
111.970855766198
 20
223.6547606649408
 10
112.72516266219002
 20
223.6547606649408
 10
113.48506621789024
 20
223.6547606649408
 10
114.25896142286132
 20
223.6547606649408
 10
115.03285662783237
 20
223.6547606649408
 10
115.80675183280341
 20
223.6547606649408
 10
116.58064703777445
 20
223.6547606649408
 10
117.3545422427455
 20
223.6547606649408
 10
118.12843744771654
 20
223.6547606649408
 10
118.90374067093788
 20
223.6547606649408
 10
119.68749200366108
 20
223.6547606649408
 10
120.47124333638418
 20
223.6547606649408
 10
121.25499466910738
 20
223.6547606649408
 10
122.03874600183052
 20
223.6547606649408
 10
122.82249733455367
 20
223.6547606649408
 10
123.60624866727683
 20
223.6547606649408
 10
124.38999999999997
 20
223.6547606649408
  0
LWPOLYLINE
  5
164
330
17
100
AcDbEntity
  8
VISIBLE
100
AcDbPolyline
 90
102
 70
0
 10
124.38999999999999
 20
213.6547606649408
 10
125.16599141853776
 20
213.6547606649408
 10
125.94198283707554
 20
213.6547606649408
 10
126.71797425561331
 20
213.6547606649408
 10
127.4939656741511
 20
213.6547606649408
 10
128.26995709268888
 20
213.6547606649408
 10
129.04594851122664
 20
213.6547606649408
 10
129.82193992976443
 20
213.6547606649408
 10
130.5902639221867
 20
213.6547606649408
 10
131.35649679839565
 20
213.6547606649408
 10
132.1227296746046
 20
213.6547606649408
 10
132.88896255081357
 20
213.6547606649408
 10
133.65519542702253
 20
213.6547606649408
 10
134.4214283032315
 20
213.6547606649408
 10
135.18766117944045
 20
213.6547606649408
 10
135.9428115611775
 20
213.6547606649408
 10
136.68965007206063
 20
213.6547606649408
 10
137.43648858294378
 20
213.6547606649408
 10
138.1833270938269
 20
213.6547606649408
 10
138.93016560471006
 20
213.6547606649408
 10
139.67700411559318
 20
213.6547606649408
 10
140.42384262647633
 20
213.6547606649408
 10
141.16040031845733
 20
213.6547606649408
 10
141.8784525364145
 20
213.6547606649408
 10
142.59650475437167
 20
213.6547606649408
 10
143.31455697232883
 20
213.6547606649408
 10
144.032609190286
 20
213.6547606649408
 10
144.75066140824316
 20
213.6547606649408
 10
145.46871362620033
 20
213.6547606649408
 10
146.18136352755886
 20
213.6547606649408
 10
146.86159952932564
 20
213.6547606649408
 10
147.54183553109243
 20
213.6547606649408
 10
148.22207153285922
 20
213.6547606649408
 10
148.902307534626
 20
213.6547606649408
 10
149.58254353639276
 20
213.6547606649408
 10
150.26277953815955
 20
213.6547606649408
 10
150.94301553992634
 20
213.6547606649408
 10
151.58019314728372
 20
213.6547606649408
 10
152.2140585704558
 20
213.6547606649408
 10
152.84792399362783
 20
213.6547606649408
 10
153.4817894167999
 20
213.6547606649408
 10
154.11565483997197
 20
213.6547606649408
 10
154.749520263144
 20
213.6547606649408
 10
155.38338568631607
 20
213.6547606649408
 10
155.97843553515355
 20
213.6547606649408
 10
156.55795915425722
 20
213.6547606649408
 10
157.1374827733609
 20
213.6547606649408
 10
157.71700639246455
 20
213.6547606649408
 10
158.29653001156822
 20
213.6547606649408
 10
158.87605363067186
 20
213.6547606649408
 10
159.45557724977553
 20
213.6547606649408
 10
160.00428604396615
 20
213.6547606649408
 10
160.52218001324377
 20
213.6547606649408
 10
161.04007398252136
 20
213.6547606649408
 10
161.55796795179896
 20
213.6547606649408
 10
162.07586192107658
 20
213.6547606649408
 10
162.59375589035415
 20
213.6547606649408
 10
163.11164985963177
 20
213.6547606649408
 10
163.6100745526297
 20
213.6547606649408
 10
164.0598260549285
 20
213.6547606649408
 10
164.5095775572273
 20
213.6547606649408
 10
164.95932905952608
 20
213.6547606649408
 10
165.40908056182488
 20
213.6547606649408
 10
165.85883206412367
 20
213.6547606649408
 10
166.30858356642244
 20
213.6547606649408
 10
166.75306375778752
 20
213.6547606649408
 10
167.1290169070142
 20
213.6547606649408
 10
167.5049700562409
 20
213.6547606649408
 10
167.88092320546755
 20
213.6547606649408
 10
168.25687635469424
 20
213.6547606649408
 10
168.6328295039209
 20
213.6547606649408
 10
169.0087826531476
 20
213.6547606649408
 10
169.38473580237428
 20
213.6547606649408
 10
169.69338079555232
 20
213.6547606649408
 10
169.99080776272226
 20
213.6547606649408
 10
170.2882347298922
 20
213.6547606649408
 10
170.58566169706214
 20
213.6547606649408
 10
170.88308866423208
 20
213.6547606649408
 10
171.18051563140202
 20
213.6547606649408
 10
171.47794259857196
 20
213.6547606649408
 10
171.722483959409
 20
213.6547606649408
 10
171.9376444278389
 20
213.6547606649408
 10
172.1528048962688
 20
213.6547606649408
 10
172.3679653646987
 20
213.6547606649408
 10
172.58312583312858
 20
213.6547606649408
 10
172.79828630155848
 20
213.6547606649408
 10
173.01344676998838
 20
213.6547606649408
 10
173.19219055278845
 20
213.6547606649408
 10
173.32237875474877
 20
213.6547606649408
 10
173.45256695670912
 20
213.6547606649408
 10
173.58275515866944
 20
213.6547606649408
 10
173.71294336062977
 20
213.6547606649408
 10
173.8431315625901
 20
213.6547606649408
 10
173.9733197645504
 20
213.6547606649408
 10
174.08494879680086
 20
213.6547606649408
 10
174.12852754011502
 20
213.6547606649408
 10
174.17210628342917
 20
213.6547606649408
 10
174.21568502674336
 20
213.6547606649408
 10
174.25926377005752
 20
213.6547606649408
 10
174.30284251337167
 20
213.6547606649408
 10
174.34642125668583
 20
213.6547606649408
 10
174.39
 20
213.6547606649408
  0
LWPOLYLINE
  5
165
330
17
100
AcDbEntity
  8
VISIBLE
100
AcDbPolyline
 90
101
 70
0
 10
74.38999999999999
 20
213.6547606649408
 10
74.43401453074729
 20
213.6547606649408
 10
74.4780290614946
 20
213.6547606649408
 10
74.52204359224189
 20
213.6547606649408
 10
74.56605812298919
 20
213.6547606649408
 10
74.6100726537365
 20
213.6547606649408
 10
74.6540871844838
 20
213.6547606649408
 10
74.6981017152311
 20
213.6547606649408
 10
74.81709529160636
 20
213.6547606649408
 10
74.9485853755863
 20
213.6547606649408
 10
75.08007545956625
 20
213.6547606649408
 10
75.21156554354617
 20
213.6547606649408
 10
75.3430556275261
 20
213.6547606649408
 10
75.47454571150604
 20
213.6547606649408
 10
75.60603579548597
 20
213.6547606649408
 10
75.79882730027609
 20
213.6547606649408
 10
76.01613937339027
 20
213.6547606649408
 10
76.23345144650447
 20
213.6547606649408
 10
76.45076351961866
 20
213.6547606649408
 10
76.66807559273286
 20
213.6547606649408
 10
76.88538766584705
 20
213.6547606649408
 10
77.10269973896123
 20
213.6547606649408
 10
77.3674913342054
 20
213.6547606649408
 10
77.66789257104703
 20
213.6547606649408
 10
77.96829380788867
 20
213.6547606649408
 10
78.26869504473032
 20
213.6547606649408
 10
78.56909628157196
 20
213.6547606649408
 10
78.8694975184136
 20
213.6547606649408
 10
79.16989875525523
 20
213.6547606649408
 10
79.50429061090142
 20
213.6547606649408
 10
79.88400329162037
 20
213.6547606649408
 10
80.26371597233933
 20
213.6547606649408
 10
80.64342865305827
 20
213.6547606649408
 10
81.0231413337772
 20
213.6547606649408
 10
81.40285401449617
 20
213.6547606649408
 10
81.78256669521508
 20
213.6547606649408
 10
82.1835754721063
 20
213.6547606649408
 10
82.63782448942807
 20
213.6547606649408
 10
83.09207350674984
 20
213.6547606649408
 10
83.54632252407163
 20
213.6547606649408
 10
84.00057154139341
 20
213.6547606649408
 10
84.45482055871518
 20
213.6547606649408
 10
84.90906957603696
 20
213.6547606649408
 10
85.37315057787997
 20
213.6547606649408
 10
85.89622348685035
 20
213.6547606649408
 10
86.41929639582074
 20
213.6547606649408
 10
86.94236930479109
 20
213.6547606649408
 10
87.46544221376149
 20
213.6547606649408
 10
87.98851512273185
 20
213.6547606649408
 10
88.51158803170223
 20
213.6547606649408
 10
89.03466094067261
 20
213.6547606649408
 10
89.6199797959673
 20
213.6547606649408
 10
90.20529865126198
 20
213.6547606649408
 10
90.79061750655669
 20
213.6547606649408
 10
91.37593636185139
 20
213.6547606649408
 10
91.96125521714607
 20
213.6547606649408
 10
92.5465740724408
 20
213.6547606649408
 10
93.13189292773549
 20
213.6547606649408
 10
93.76425625912368
 20
213.6547606649408
 10
94.40446033652746
 20
213.6547606649408
 10
95.04466441393123
 20
213.6547606649408
 10
95.68486849133501
 20
213.6547606649408
 10
96.32507256873879
 20
213.6547606649408
 10
96.96527664614257
 20
213.6547606649408
 10
97.60548072354634
 20
213.6547606649408
 10
98.27913786122205
 20
213.6547606649408
 10
98.9661762230065
 20
213.6547606649408
 10
99.65321458479094
 20
213.6547606649408
 10
100.34025294657539
 20
213.6547606649408
 10
101.02729130835984
 20
213.6547606649408
 10
101.71432967014428
 20
213.6547606649408
 10
102.40136803192873
 20
213.6547606649408
 10
103.11023175277163
 20
213.6547606649408
 10
103.83546449290836
 20
213.6547606649408
 10
104.56069723304513
 20
213.6547606649408
 10
105.28592997318182
 20
213.6547606649408
 10
106.0111627133186
 20
213.6547606649408
 10
106.73639545345533
 20
213.6547606649408
 10
107.46162819359206
 20
213.6547606649408
 10
108.19932128623819
 20
213.6547606649408
 10
108.95362818223015
 20
213.6547606649408
 10
109.7079350782221
 20
213.6547606649408
 10
110.46224197421408
 20
213.6547606649408
 10
111.21654887020608
 20
213.6547606649408
 10
111.970855766198
 20
213.6547606649408
 10
112.72516266219002
 20
213.6547606649408
 10
113.48506621789024
 20
213.6547606649408
 10
114.25896142286132
 20
213.6547606649408
 10
115.03285662783237
 20
213.6547606649408
 10
115.80675183280341
 20
213.6547606649408
 10
116.58064703777445
 20
213.6547606649408
 10
117.3545422427455
 20
213.6547606649408
 10
118.12843744771654
 20
213.6547606649408
 10
118.90374067093788
 20
213.6547606649408
 10
119.68749200366108
 20
213.6547606649408
 10
120.47124333638418
 20
213.6547606649408
 10
121.25499466910738
 20
213.6547606649408
 10
122.03874600183052
 20
213.6547606649408
 10
122.82249733455367
 20
213.6547606649408
 10
123.60624866727683
 20
213.6547606649408
 10
124.38999999999997
 20
213.6547606649408
  0
LWPOLYLINE
  5
166
330
17
100
AcDbEntity
  8
VISIBLE
100
AcDbPolyline
 90
47
 70
0
 10
124.38999999999999
 20
253.6547606649408
 10
125.15671326027264
 20
253.6547606649408
 10
125.92342652054529
 20
253.6547606649408
 10
126.69013978081794
 20
253.6547606649408
 10
127.44996599530107
 20
253.6547606649408
 10
128.2070373914684
 20
253.6547606649408
 10
128.96410878763572
 20
253.6547606649408
 10
129.71296769401368
 20
253.6547606649408
 10
130.45087661400584
 20
253.6547606649408
 10
131.188785533998
 20
253.6547606649408
 10
131.92263129556315
 20
253.6547606649408
 10
132.63209810656647
 20
253.6547606649408
 10
133.3415649175698
 20
253.6547606649408
 10
134.05103172857315
 20
253.6547606649408
 10
134.72847219747985
 20
253.6547606649408
 10
135.40057494270374
 20
253.6547606649408
 10
136.07267768792767
 20
253.6547606649408
 10
136.7185997772866
 20
253.6547606649408
 10
137.34488637474684
 20
253.6547606649408
 10
137.97117297220706
 20
253.6547606649408
 10
138.5821189796368
 20
253.6547606649408
 10
139.15471351199028
 20
253.6547606649408
 10
139.7273080443438
 20
253.6547606649408
 10
140.2999025766973
 20
253.6547606649408
 10
140.81160433547268
 20
253.6547606649408
 10
141.32330609424804
 20
253.6547606649408
 10
141.8350078530234
 20
253.6547606649408
 10
142.29861838316234
 20
253.6547606649408
 10
142.74299242184668
 20
253.6547606649408
 10
143.18736646053105
 20
253.6547606649408
 10
143.6004907928757
 20
253.6547606649408
 10
143.97194885010074
 20
253.6547606649408
 10
144.3434069073258
 20
253.6547606649408
 10
144.7037810671146
 20
253.6547606649408
 10
144.99765184228576
 20
253.6547606649408
 10
145.2915226174569
 20
253.6547606649408
 10
145.58539339262808
 20
253.6547606649408
 10
145.80959312989114
 20
253.6547606649408
 10
146.02218102750285
 20
253.6547606649408
 10
146.23476892511457
 20
253.6547606649408
 10
146.3993817977444
 20
253.6547606649408
 10
146.52801340163782
 20
253.6547606649408
 10
146.65664500553123
 20
253.6547606649408
 10
146.7608269206329
 20
253.6547606649408
 10
146.80388461375526
 20
253.6547606649408
 10
146.84694230687762
 20
253.6547606649408
 10
146.89
 20
253.6547606649408
  0
LWPOLYLINE
  5
167
330
17
100
AcDbEntity
  8
VISIBLE
100
AcDbPolyline
 90
46
 70
0
 10
101.88999999999999
 20
253.6547606649408
 10
101.93401453074729
 20
253.6547606649408
 10
101.9780290614946
 20
253.6547606649408
 10
102.02204359224189
 20
253.6547606649408
 10
102.13478891481483
 20
253.6547606649408
 10
102.26627899879476
 20
253.6547606649408
 10
102.3977690827747
 20
253.6547606649408
 10
102.57830030340278
 20
253.6547606649408
 10
102.79561237651697
 20
253.6547606649408
 10
103.01292444963116
 20
253.6547606649408
 10
103.25991122407659
 20
253.6547606649408
 10
103.56031246091823
 20
253.6547606649408
 10
103.86071369775986
 20
253.6547606649408
 10
104.17244514086968
 20
253.6547606649408
 10
104.55215782158862
 20
253.6547606649408
 10
104.93187050230759
 20
253.6547606649408
 10
105.31158318302653
 20
253.6547606649408
 10
105.76050817630525
 20
253.6547606649408
 10
106.21475719362702
 20
253.6547606649408
 10
106.6690062109488
 20
253.6547606649408
 10
107.17241515087673
 20
253.6547606649408
 10
107.6954880598471
 20
253.6547606649408
 10
108.21856096881748
 20
253.6547606649408
 10
108.77275685095
 20
253.6547606649408
 10
109.35807570624472
 20
253.6547606649408
 10
109.9433945615394
 20
253.6547606649408
 10
110.54439490886529
 20
253.6547606649408
 10
111.18459898626905
 20
253.6547606649408
 10
111.82480306367282
 20
253.6547606649408
 10
112.4683524471038
 20
253.6547606649408
 10
113.15539080888824
 20
253.6547606649408
 10
113.8424291706727
 20
253.6547606649408
 10
114.52946753245715
 20
253.6547606649408
 10
115.24924393282927
 20
253.6547606649408
 10
115.974476672966
 20
253.6547606649408
 10
116.69970941310275
 20
253.6547606649408
 10
117.44363268200355
 20
253.6547606649408
 10
118.19793957799551
 20
253.6547606649408
 10
118.9522464739875
 20
253.6547606649408
 10
119.71494835954192
 20
253.6547606649408
 10
120.48884356451298
 20
253.6547606649408
 10
121.26273876948402
 20
253.6547606649408
 10
122.03874600183052
 20
253.6547606649408
 10
122.82249733455367
 20
253.6547606649408
 10
123.60624866727683
 20
253.6547606649408
 10
124.38999999999999
 20
253.6547606649408
  0
LINE
  5
168
330
17
100
AcDbEntity
  8
VISIBLE
100
AcDbLine
 10
174.39
 20
213.6547606649408
 30
0.0
 11
174.39
 21
223.6547606649408
 31
0.0
  0
LINE
  5
169
330
17
100
AcDbEntity
  8
VISIBLE
100
AcDbLine
 10
74.38999999999999
 20
213.6547606649408
 30
0.0
 11
74.38999999999999
 21
223.6547606649408
 31
0.0
  0
LINE
  5
16A
330
17
100
AcDbEntity
  8
VISIBLE
100
AcDbLine
 10
146.89
 20
223.6547606649408
 30
0.0
 11
146.89
 21
253.6547606649408
 31
0.0
  0
LINE
  5
16B
330
17
100
AcDbEntity
  8
VISIBLE
100
AcDbLine
 10
101.88999999999999
 20
223.6547606649408
 30
0.0
 11
101.88999999999999
 21
253.6547606649408
 31
0.0
  0
LINE
  5
16C
330
17
100
AcDbEntity
  8
CENTER
100
AcDbLine
 10
282.6007
 20
220.6548
 30
0.0
 11
282.6007
 21
256.6548
 31
0.0
  0
LINE
  5
16D
330
17
100
AcDbEntity
  8
CENTER
100
AcDbLine
 10
282.6007
 20
210.6548
 30
0.0
 11
282.6007
 21
226.6548
 31
0.0
  0
LINE
  5
16E
330
17
100
AcDbEntity
  8
CENTER
100
AcDbLine
 10
282.6007
 20
226.6548
 30
0.0
 11
282.6007
 21
210.6548
 31
0.0
  0
LINE
  5
16F
330
17
100
AcDbEntity
  8
CENTER
100
AcDbLine
 10
239.6007
 20
226.6548
 30
0.0
 11
239.6007
 21
210.6548
 31
0.0
  0
LINE
  5
170
330
17
100
AcDbEntity
  8
CENTER
100
AcDbLine
 10
325.6007
 20
226.6548
 30
0.0
 11
325.6007
 21
210.6548
 31
0.0
  0
LINE
  5
171
330
17
100
AcDbEntity
  8
CENTER
100
AcDbLine
 10
313.0063
 20
226.6548
 30
0.0
 11
313.0063
 21
210.6548
 31
0.0
  0
LINE
  5
172
330
17
100
AcDbEntity
  8
CENTER
100
AcDbLine
 10
282.6007
 20
226.6548
 30
0.0
 11
282.6007
 21
210.6548
 31
0.0
  0
LINE
  5
173
330
17
100
AcDbEntity
  8
CENTER
100
AcDbLine
 10
252.1951
 20
226.6548
 30
0.0
 11
252.1951
 21
210.6548
 31
0.0
  0
LINE
  5
174
330
17
100
AcDbEntity
  8
CENTER
100
AcDbLine
 10
282.6007
 20
256.6548
 30
0.0
 11
282.6007
 21
210.6548
 31
0.0
  0
LINE
  5
175
330
17
100
AcDbEntity
  8
CENTER
100
AcDbLine
 10
252.1951
 20
226.6548
 30
0.0
 11
252.1951
 21
210.6548
 31
0.0
  0
LINE
  5
176
330
17
100
AcDbEntity
  8
CENTER
100
AcDbLine
 10
313.0063
 20
226.6548
 30
0.0
 11
313.0063
 21
210.6548
 31
0.0
  0
LINE
  5
177
330
17
100
AcDbEntity
  8
CENTER
100
AcDbLine
 10
257.1007
 20
127.0
 30
0.0
 11
308.1007
 21
127.0
 31
0.0
  0
LINE
  5
178
330
17
100
AcDbEntity
  8
CENTER
100
AcDbLine
 10
282.6007
 20
101.5
 30
0.0
 11
282.6007
 21
152.5
 31
0.0
  0
LINE
  5
179
330
17
100
AcDbEntity
  8
CENTER
100
AcDbLine
 10
275.6007
 20
84.0
 30
0.0
 11
289.6007
 21
84.0
 31
0.0
  0
LINE
  5
17A
330
17
100
AcDbEntity
  8
CENTER
100
AcDbLine
 10
282.6007
 20
77.0
 30
0.0
 11
282.6007
 21
91.0
 31
0.0
  0
LINE
  5
17B
330
17
100
AcDbEntity
  8
CENTER
100
AcDbLine
 10
232.6007
 20
127.0
 30
0.0
 11
246.6007
 21
127.0
 31
0.0
  0
LINE
  5
17C
330
17
100
AcDbEntity
  8
CENTER
100
AcDbLine
 10
239.6007
 20
120.0
 30
0.0
 11
239.6007
 21
134.0
 31
0.0
  0
LINE
  5
17D
330
17
100
AcDbEntity
  8
CENTER
100
AcDbLine
 10
318.6007
 20
127.0
 30
0.0
 11
332.6007
 21
127.0
 31
0.0
  0
LINE
  5
17E
330
17
100
AcDbEntity
  8
CENTER
100
AcDbLine
 10
325.6007
 20
120.0
 30
0.0
 11
325.6007
 21
134.0
 31
0.0
  0
LINE
  5
17F
330
17
100
AcDbEntity
  8
CENTER
100
AcDbLine
 10
306.0063
 20
96.5944
 30
0.0
 11
320.0063
 21
96.5944
 31
0.0
  0
LINE
  5
180
330
17
100
AcDbEntity
  8
CENTER
100
AcDbLine
 10
313.0063
 20
89.5944
 30
0.0
 11
313.0063
 21
103.5944
 31
0.0
  0
LINE
  5
181
330
17
100
AcDbEntity
  8
CENTER
100
AcDbLine
 10
275.6007
 20
170.0
 30
0.0
 11
289.6007
 21
170.0
 31
0.0
  0
LINE
  5
182
330
17
100
AcDbEntity
  8
CENTER
100
AcDbLine
 10
282.6007
 20
163.0
 30
0.0
 11
282.6007
 21
177.0
 31
0.0
  0
LINE
  5
183
330
17
100
AcDbEntity
  8
CENTER
100
AcDbLine
 10
245.1951
 20
96.5944
 30
0.0
 11
259.1951
 21
96.5944
 31
0.0
  0
LINE
  5
184
330
17
100
AcDbEntity
  8
CENTER
100
AcDbLine
 10
252.1951
 20
89.5944
 30
0.0
 11
252.1951
 21
103.5944
 31
0.0
  0
LINE
  5
185
330
17
100
AcDbEntity
  8
CENTER
100
AcDbLine
 10
245.1951
 20
157.4056
 30
0.0
 11
259.1951
 21
157.4056
 31
0.0
  0
LINE
  5
186
330
17
100
AcDbEntity
  8
CENTER
100
AcDbLine
 10
252.1951
 20
150.4056
 30
0.0
 11
252.1951
 21
164.4056
 31
0.0
  0
LINE
  5
187
330
17
100
AcDbEntity
  8
CENTER
100
AcDbLine
 10
306.0063
 20
157.4056
 30
0.0
 11
320.0063
 21
157.4056
 31
0.0
  0
LINE
  5
188
330
17
100
AcDbEntity
  8
CENTER
100
AcDbLine
 10
313.0063
 20
150.4056
 30
0.0
 11
313.0063
 21
164.4056
 31
0.0
  0
CIRCLE
  5
189
330
17
100
AcDbEntity
  8
CENTER
100
AcDbCircle
 10
282.6007
 20
127.0
 30
0.0
 40
43.0
  0
LINE
  5
18A
330
17
100
AcDbEntity
  8
CENTER
100
AcDbLine
 10
124.39
 20
220.6548
 30
0.0
 11
124.39
 21
256.6548
 31
0.0
  0
LINE
  5
18B
330
17
100
AcDbEntity
  8
CENTER
100
AcDbLine
 10
124.39
 20
210.6548
 30
0.0
 11
124.39
 21
226.6548
 31
0.0
  0
LINE
  5
18C
330
17
100
AcDbEntity
  8
CENTER
100
AcDbLine
 10
81.39
 20
226.6548
 30
0.0
 11
81.39
 21
210.6548
 31
0.0
  0
LINE
  5
18D
330
17
100
AcDbEntity
  8
CENTER
100
AcDbLine
 10
124.39
 20
226.6548
 30
0.0
 11
124.39
 21
210.6548
 31
0.0
  0
LINE
  5
18E
330
17
100
AcDbEntity
  8
CENTER
100
AcDbLine
 10
124.39
 20
226.6548
 30
0.0
 11
124.39
 21
210.6548
 31
0.0
  0
LINE
  5
18F
330
17
100
AcDbEntity
  8
CENTER
100
AcDbLine
 10
93.9844
 20
226.6548
 30
0.0
 11
93.9844
 21
210.6548
 31
0.0
  0
LINE
  5
190
330
17
100
AcDbEntity
  8
CENTER
100
AcDbLine
 10
167.39
 20
226.6548
 30
0.0
 11
167.39
 21
210.6548
 31
0.0
  0
LINE
  5
191
330
17
100
AcDbEntity
  8
CENTER
100
AcDbLine
 10
93.9844
 20
226.6548
 30
0.0
 11
93.9844
 21
210.6548
 31
0.0
  0
LINE
  5
192
330
17
100
AcDbEntity
  8
CENTER
100
AcDbLine
 10
124.39
 20
256.6548
 30
0.0
 11
124.39
 21
210.6548
 31
0.0
  0
LINE
  5
193
330
17
100
AcDbEntity
  8
CENTER
100
AcDbLine
 10
154.7956
 20
226.6548
 30
0.0
 11
154.7956
 21
210.6548
 31
0.0
  0
LINE
  5
194
330
17
100
AcDbEntity
  8
CENTER
100
AcDbLine
 10
154.7956
 20
226.6548
 30
0.0
 11
154.7956
 21
210.6548
 31
0.0
  0
DIMENSION
  5
195
330
17
100
AcDbEntity
  8
DIM
100
AcDbDimension
280
0
  2
*D1
  3
EZDXF
 10
214.6007
 20
213.6548
 30
0.0
 11
211.8507
 21
233.6548
 31
0.0
 70
32
 71
5
  1
40
100
AcDbAlignedDimension
 13
232.60067811865474
 23
213.6548
 33
0.0
 14
232.6007
 24
253.6548
 34
0.0
 50
90.0
100
AcDbRotatedDimension
  0
DIMENSION
  5
1A4
330
17
100
AcDbEntity
  8
DIM
100
AcDbDimension
280
0
  2
*D2
  3
EZDXF
 10
260.1007
 20
263.6548
 30
0.0
 11
282.6007
 21
266.4048
 31
0.0
 70
32
 71
5
  1
Ø45
100
AcDbAlignedDimension
 13
260.1007
 23
253.6547606649408
 33
0.0
 14
305.1007
 24
253.6547606649408
 34
0.0
 50
0.0
100
AcDbRotatedDimension
  0
DIMENSION
  5
1B3
330
17
100
AcDbEntity
  8
DIM
100
AcDbDimension
280
0
  2
*D3
  3
EZDXF
 10
232.6007
 20
203.6548
 30
0.0
 11
282.6007
 21
206.4048
 31
0.0
 70
32
 71
5
  1
Ø100
100
AcDbAlignedDimension
 13
232.6007
 23
213.6547606649408
 33
0.0
 14
332.6007
 24
213.6547606649408
 34
0.0
 50
0.0
100
AcDbRotatedDimension
  0
DIMENSION
  5
1C2
330
17
100
AcDbEntity
  8
DIM
100
AcDbDimension
280
0
  2
*D4
  3
EZDXF
 10
222.6007
 20
223.6548
 30
0.0
 11
219.8507
 21
238.6548
 31
0.0
 70
32
 71
5
  1
30
100
AcDbAlignedDimension
 13
232.60067811865474
 23
223.6548
 33
0.0
 14
260.10067811865474
 24
253.6548
 34
0.0
 50
90.0
100
AcDbRotatedDimension
  0
LINE
  5
1D1
330
17
100
AcDbEntity
  8
DIM
100
AcDbLine
 10
292.6007
 20
127.0
 30
0.0
 11
340.6007
 21
127.0
 31
0.0
  0
SOLID
  5
1D2
330
17
100
AcDbEntity
  8
DIM
100
AcDbTrace
 10
292.6007
 20
127.0
 30
0.0
 11
295.6007
 21
126.5
 31
0.0
 12
295.6007
 22
127.5
 32
0.0
 13
295.6007
 23
127.5
 33
0.0
  0
TEXT
  5
1D3
330
17
100
AcDbEntity
  8
DIM
100
AcDbText
 10
341.6007
 20
125.25
 30
0.0
 40
3.5
  1
Ø20 THRU
 11
341.6007
 21
125.25
 31
0.0
100
AcDbText
  0
LINE
  5
1D4
330
17
100
AcDbEntity
  8
DIM
100
AcDbLine
 10
329.1784
 20
125.2111
 30
0.0
 11
340.6007
 21
119.5
 31
0.0
  0
SOLID
  5
1D5
330
17
100
AcDbEntity
  8
DIM
100
AcDbTrace
 10
329.1784
 20
125.2111
 30
0.0
 11
331.6380810396736
 21
123.42225423161464
 31
0.0
 12
332.08529150295135
 22
124.3166829887188
 32
0.0
 13
332.08529150295135
 23
124.3166829887188
 33
0.0
  0
TEXT
  5
1D6
330
17
100
AcDbEntity
  8
DIM
100
AcDbText
 10
341.6007
 20
117.75
 30
0.0
 40
3.5
  1
8X Ø8 THRU EQ SP
 11
341.6007
 21
117.75
 31
0.0
100
AcDbText
  0
LINE
  5
1D7
330
17
100
AcDbEntity
  8
DIM
100
AcDbLine
 10
324.231
 20
116.2335
 30
0.0
 11
340.6007
 21
112.0
 31
0.0
  0
SOLID
  5
1D8
330
17
100
AcDbEntity
  8
DIM
100
AcDbTrace
 10
324.231
 20
116.2335
 30
0.0
 11
327.01025237243255
 21
114.99828493762104
 31
0.0
 12
327.26063280496453
 22
115.96643246718722
 32
0.0
 13
327.26063280496453
 23
115.96643246718722
 33
0.0
  0
TEXT
  5
1D9
330
17
100
AcDbEntity
  8
DIM
100
AcDbText
 10
341.6007
 20
110.25
 30
0.0
 40
3.5
  1
Ø86
 11
341.6007
 21
110.25
 31
0.0
100
AcDbText
  0
LWPOLYLINE
  5
1DA
330
17
100
AcDbEntity
  8
FRAME
100
AcDbPolyline
 90
4
 70
1
 10
230.0
 20
10.0
 10
410.0
 20
10.0
 10
410.0
 20
50.0
 10
230.0
 20
50.0
  0
LINE
  5
1DB
330
17
100
AcDbEntity
  8
TITLE
100
AcDbLine
 10
275.0
 20
10.0
 30
0.0
 11
275.0
 21
50.0
 31
0.0
  0
LINE
  5
1DC
330
17
100
AcDbEntity
  8
TITLE
100
AcDbLine
 10
320.0
 20
10.0
 30
0.0
 11
320.0
 21
50.0
 31
0.0
  0
LINE
  5
1DD
330
17
100
AcDbEntity
  8
TITLE
100
AcDbLine
 10
365.0
 20
10.0
 30
0.0
 11
365.0
 21
50.0
 31
0.0
  0
LINE
  5
1DE
330
17
100
AcDbEntity
  8
TITLE
100
AcDbLine
 10
230.0
 20
20.0
 30
0.0
 11
410.0
 21
20.0
 31
0.0
  0
LINE
  5
1DF
330
17
100
AcDbEntity
  8
TITLE
100
AcDbLine
 10
230.0
 20
30.0
 30
0.0
 11
410.0
 21
30.0
 31
0.0
  0
LINE
  5
1E0
330
17
100
AcDbEntity
  8
TITLE
100
AcDbLine
 10
230.0
 20
40.0
 30
0.0
 11
410.0
 21
40.0
 31
0.0
  0
TEXT
  5
1E1
330
17
100
AcDbEntity
  8
TITLE
100
AcDbText
 10
231.5
 20
47.2
 30
0.0
 40
1.8
  1
TITLE
 11
231.5
 21
47.2
 31
0.0
100
AcDbText
  0
TEXT
  5
1E2
330
17
100
AcDbEntity
  8
TITLE
100
AcDbText
 10
231.5
 20
42.5
 30
0.0
 40
2.5
  1
flange
 11
231.5
 21
42.5
 31
0.0
100
AcDbText
  0
TEXT
  5
1E3
330
17
100
AcDbEntity
  8
TITLE
100
AcDbText
 10
276.5
 20
47.2
 30
0.0
 40
1.8
  1
PART NO.
 11
276.5
 21
47.2
 31
0.0
100
AcDbText
  0
TEXT
  5
1E4
330
17
100
AcDbEntity
  8
TITLE
100
AcDbText
 10
276.5
 20
42.5
 30
0.0
 40
2.5
  1
—
 11
276.5
 21
42.5
 31
0.0
100
AcDbText
  0
TEXT
  5
1E5
330
17
100
AcDbEntity
  8
TITLE
100
AcDbText
 10
321.5
 20
47.2
 30
0.0
 40
1.8
  1
REV
 11
321.5
 21
47.2
 31
0.0
100
AcDbText
  0
TEXT
  5
1E6
330
17
100
AcDbEntity
  8
TITLE
100
AcDbText
 10
321.5
 20
42.5
 30
0.0
 40
2.5
  1
—
 11
321.5
 21
42.5
 31
0.0
100
AcDbText
  0
TEXT
  5
1E7
330
17
100
AcDbEntity
  8
TITLE
100
AcDbText
 10
366.5
 20
47.2
 30
0.0
 40
1.8
  1
DRAWN BY
 11
366.5
 21
47.2
 31
0.0
100
AcDbText
  0
TEXT
  5
1E8
330
17
100
AcDbEntity
  8
TITLE
100
AcDbText
 10
366.5
 20
42.5
 30
0.0
 40
2.5
  1
—
 11
366.5
 21
42.5
 31
0.0
100
AcDbText
  0
TEXT
  5
1E9
330
17
100
AcDbEntity
  8
TITLE
100
AcDbText
 10
231.5
 20
37.2
 30
0.0
 40
1.8
  1
ORGANIZATION
 11
231.5
 21
37.2
 31
0.0
100
AcDbText
  0
TEXT
  5
1EA
330
17
100
AcDbEntity
  8
TITLE
100
AcDbText
 10
231.5
 20
32.5
 30
0.0
 40
2.5
  1
—
 11
231.5
 21
32.5
 31
0.0
100
AcDbText
  0
TEXT
  5
1EB
330
17
100
AcDbEntity
  8
TITLE
100
AcDbText
 10
276.5
 20
37.2
 30
0.0
 40
1.8
  1
DATE
 11
276.5
 21
37.2
 31
0.0
100
AcDbText
  0
TEXT
  5
1EC
330
17
100
AcDbEntity
  8
TITLE
100
AcDbText
 10
276.5
 20
32.5
 30
0.0
 40
2.5
  1
2026-09-24
 11
276.5
 21
32.5
 31
0.0
100
AcDbText
  0
TEXT
  5
1ED
330
17
100
AcDbEntity
  8
TITLE
100
AcDbText
 10
321.5
 20
37.2
 30
0.0
 40
1.8
  1
SCALE
 11
321.5
 21
37.2
 31
0.0
100
AcDbText
  0
TEXT
  5
1EE
330
17
100
AcDbEntity
  8
TITLE
100
AcDbText
 10
321.5
 20
32.5
 30
0.0
 40
2.5
  1
1:1
 11
321.5
 21
32.5
 31
0.0
100
AcDbText
  0
TEXT
  5
1EF
330
17
100
AcDbEntity
  8
TITLE
100
AcDbText
 10
366.5
 20
37.2
 30
0.0
 40
1.8
  1
SHEET
 11
366.5
 21
37.2
 31
0.0
100
AcDbText
  0
TEXT
  5
1F0
330
17
100
AcDbEntity
  8
TITLE
100
AcDbText
 10
366.5
 20
32.5
 30
0.0
 40
2.5
  1
A3 LANDSCAPE
 11
366.5
 21
32.5
 31
0.0
100
AcDbText
  0
TEXT
  5
1F1
330
17
100
AcDbEntity
  8
TITLE
100
AcDbText
 10
231.5
 20
27.2
 30
0.0
 40
1.8
  1
UNITS
 11
231.5
 21
27.2
 31
0.0
100
AcDbText
  0
TEXT
  5
1F2
330
17
100
AcDbEntity
  8
TITLE
100
AcDbText
 10
231.5
 20
22.5
 30
0.0
 40
2.5
  1
mm
 11
231.5
 21
22.5
 31
0.0
100
AcDbText
  0
TEXT
  5
1F3
330
17
100
AcDbEntity
  8
TITLE
100
AcDbText
 10
276.5
 20
27.2
 30
0.0
 40
1.8
  1
STANDARD
 11
276.5
 21
27.2
 31
0.0
100
AcDbText
  0
TEXT
  5
1F4
330
17
100
AcDbEntity
  8
TITLE
100
AcDbText
 10
276.5
 20
22.5
 30
0.0
 40
2.5
  1
ISO
 11
276.5
 21
22.5
 31
0.0
100
AcDbText
  0
TEXT
  5
1F5
330
17
100
AcDbEntity
  8
TITLE
100
AcDbText
 10
321.5
 20
27.2
 30
0.0
 40
1.8
  1
PROJECTION
 11
321.5
 21
27.2
 31
0.0
100
AcDbText
  0
TEXT
  5
1F6
330
17
100
AcDbEntity
  8
TITLE
100
AcDbText
 10
321.5
 20
22.5
 30
0.0
 40
2.5
  1
FIRST ANGLE
 11
321.5
 21
22.5
 31
0.0
100
AcDbText
  0
TEXT
  5
1F7
330
17
100
AcDbEntity
  8
TITLE
100
AcDbText
 10
366.5
 20
27.2
 30
0.0
 40
1.8
  1
TYPE
 11
366.5
 21
27.2
 31
0.0
100
AcDbText
  0
TEXT
  5
1F8
330
17
100
AcDbEntity
  8
TITLE
100
AcDbText
 10
366.5
 20
22.5
 30
0.0
 40
2.5
  1
GEOMETRY DRAWING
 11
366.5
 21
22.5
 31
0.0
100
AcDbText
  0
TEXT
  5
1F9
330
17
100
AcDbEntity
  8
TITLE
100
AcDbText
 10
231.5
 20
17.2
 30
0.0
 40
1.8
  1
MATERIAL
 11
231.5
 21
17.2
 31
0.0
100
AcDbText
  0
TEXT
  5
1FA
330
17
100
AcDbEntity
  8
TITLE
100
AcDbText
 10
231.5
 20
12.5
 30
0.0
 40
2.5
  1
UNSPECIFIED
 11
231.5
 21
12.5
 31
0.0
100
AcDbText
  0
TEXT
  5
1FB
330
17
100
AcDbEntity
  8
TITLE
100
AcDbText
 10
276.5
 20
17.2
 30
0.0
 40
1.8
  1
GENERAL TOL.
 11
276.5
 21
17.2
 31
0.0
100
AcDbText
  0
TEXT
  5
1FC
330
17
100
AcDbEntity
  8
TITLE
100
AcDbText
 10
276.5
 20
12.5
 30
0.0
 40
2.5
  1
UNSPECIFIED
 11
276.5
 21
12.5
 31
0.0
100
AcDbText
  0
TEXT
  5
1FD
330
17
100
AcDbEntity
  8
TITLE
100
AcDbText
 10
321.5
 20
17.2
 30
0.0
 40
1.8
  1
SURFACE FINISH
 11
321.5
 21
17.2
 31
0.0
100
AcDbText
  0
TEXT
  5
1FE
330
17
100
AcDbEntity
  8
TITLE
100
AcDbText
 10
321.5
 20
12.5
 30
0.0
 40
2.5
  1
UNSPECIFIED
 11
321.5
 21
12.5
 31
0.0
100
AcDbText
  0
TEXT
  5
1FF
330
17
100
AcDbEntity
  8
TITLE
100
AcDbText
 10
366.5
 20
17.2
 30
0.0
 40
1.8
  1
SOURCE SHA-256
 11
366.5
 21
17.2
 31
0.0
100
AcDbText
  0
TEXT
  5
200
330
17
100
AcDbEntity
  8
TITLE
100
AcDbText
 10
366.5
 20
12.5
 30
0.0
 40
2.5
  1
ebaee0d9555eb3f3
 11
366.5
 21
12.5
 31
0.0
100
AcDbText
  0
TEXT
  5
201
330
17
100
AcDbEntity
  8
NOTES
100
AcDbText
 10
24.0
 20
45.0
 30
0.0
 40
2.2
  1
GEOMETRY DRAWING - ALL DIMENSIONS IN mm, TAKEN FROM THE CAD GEOMETRY.
 11
24.0
 21
45.0
 31
0.0
100
AcDbText
  0
TEXT
  5
202
330
17
100
AcDbEntity
  8
NOTES
100
AcDbText
 10
24.0
 20
41.0
 30
0.0
 40
2.2
  1
MATERIAL, TOLERANCES, GD&T, DATUMS AND SURFACE FINISH ARE NOT SPECIFIED UNLESS STATED IN THE TITLE BLOCK.
 11
24.0
 21
41.0
 31
0.0
100
AcDbText
  0
TEXT
  5
203
330
17
100
AcDbEntity
  8
NOTES
100
AcDbText
 10
24.0
 20
37.0
 30
0.0
 40
2.2
  1
GENERATED BY CAD DRAWING AI - OPEN-SOURCE OCCT/EZDXF EXECUTOR. NOT PRODUCED BY SOLIDWORKS.
 11
24.0
 21
37.0
 31
0.0
100
AcDbText
  0
TEXT
  5
204
330
17
100
AcDbEntity
  8
NOTES
100
AcDbText
 10
24.0
 20
33.0
 30
0.0
 40
2.2
  1
EXECUTOR: OCCT HLR (8.0.1.0.0) + ezdxf 1.4.4 + matplotlib 3.11.2
 11
24.0
 21
33.0
 31
0.0
100
AcDbText
  0
ENDSEC
  0
SECTION
  2
OBJECTS
  0
DICTIONARY
  5
A
330
0
100
AcDbDictionary
281
1
  3
ACAD_COLOR
350
B
  3
ACAD_GROUP
350
C
  3
ACAD_LAYOUT
350
D
  3
ACAD_MATERIAL
350
E
  3
ACAD_MLEADERSTYLE
350
F
  3
ACAD_MLINESTYLE
350
10
  3
ACAD_PLOTSETTINGS
350
11
  3
ACAD_PLOTSTYLENAME
350
12
  3
ACAD_SCALELIST
350
14
  3
ACAD_TABLESTYLE
350
15
  3
ACAD_VISUALSTYLE
350
16
  3
EZDXF_META
350
2D
  0
DICTIONARY
  5
B
330
A
100
AcDbDictionary
281
1
  0
DICTIONARY
  5
C
330
A
100
AcDbDictionary
281
1
  0
DICTIONARY
  5
D
330
A
100
AcDbDictionary
281
1
  3
Model
350
1A
  3
Layout1
350
1E
  0
DICTIONARY
  5
E
330
A
100
AcDbDictionary
281
1
  3
ByBlock
350
1F
  3
ByLayer
350
20
  3
Global
350
21
  0
DICTIONARY
  5
F
330
A
100
AcDbDictionary
281
1
  3
Standard
350
2C
  0
DICTIONARY
  5
10
330
A
100
AcDbDictionary
281
1
  3
Standard
350
22
  0
DICTIONARY
  5
11
330
A
100
AcDbDictionary
281
1
  0
ACDBDICTIONARYWDFLT
  5
12
330
A
100
AcDbDictionary
281
1
  3
Normal
350
13
100
AcDbDictionaryWithDefault
340
13
  0
ACDBPLACEHOLDER
  5
13
330
12
  0
DICTIONARY
  5
14
330
A
100
AcDbDictionary
281
1
  0
DICTIONARY
  5
15
330
A
100
AcDbDictionary
281
1
  0
DICTIONARY
  5
16
330
A
100
AcDbDictionary
281
1
  3
2dWireframe
350
5A
  3
Basic
350
5B
  3
Brighten
350
5C
  3
ColorChange
350
5D
  3
Conceptual
350
5E
  3
Dim
350
5F
  3
EdgeColorOff
350
60
  3
Facepattern
350
61
  3
Flat
350
62
  3
FlatWithEdges
350
63
  3
Gouraud
350
64
  3
GouraudWithEdges
350
65
  3
Hidden
350
66
  3
JitterOff
350
67
  3
Linepattern
350
68
  3
Modeling
350
69
  3
OverhangOff
350
6A
  3
Realistic
350
6B
  3
Shaded
350
6C
  3
Shaded with edges
350
6D
  3
Shades of Gray
350
6E
  3
Sketchy
350
6F
  3
Thicken
350
70
  3
Wireframe
350
71
  3
X-Ray
350
72
  0
LAYOUT
  5
1A
330
D
100
AcDbPlotSettings
  1

  4
A3
  6

 40
7.5
 41
20.0
 42
7.5
 43
20.0
 44
420.0
 45
297.0
 46
0.0
 47
0.0
 48
0.0
 49
0.0
140
0.0
141
0.0
142
1.0
143
1.0
 70
1024
 72
1
 73
0
 74
5
  7

 75
16
 76
0
 77
2
 78
300
147
1.0
148
0.0
149
0.0
100
AcDbLayout
  1
Model
 70
1
 71
0
 10
0.0
 20
0.0
 11
420.0
 21
297.0
 12
0.0
 22
0.0
 32
0.0
 14
1e+20
 24
1e+20
 34
1e+20
 15
-1e+20
 25
-1e+20
 35
-1e+20
146
0.0
 13
0.0
 23
0.0
 33
0.0
 16
1.0
 26
0.0
 36
0.0
 17
0.0
 27
1.0
 37
0.0
 76
1
330
17
  0
LAYOUT
  5
1E
330
D
100
AcDbPlotSettings
  1

  4
A3
  6

 40
7.5
 41
20.0
 42
7.5
 43
20.0
 44
420.0
 45
297.0
 46
0.0
 47
0.0
 48
0.0
 49
0.0
140
0.0
141
0.0
142
1.0
143
1.0
 70
0
 72
1
 73
0
 74
5
  7

 75
16
 76
0
 77
2
 78
300
147
1.0
148
0.0
149
0.0
100
AcDbLayout
  1
Layout1
 70
1
 71
1
 10
0.0
 20
0.0
 11
420.0
 21
297.0
 12
0.0
 22
0.0
 32
0.0
 14
1e+20
 24
1e+20
 34
1e+20
 15
-1e+20
 25
-1e+20
 35
-1e+20
146
0.0
 13
0.0
 23
0.0
 33
0.0
 16
1.0
 26
0.0
 36
0.0
 17
0.0
 27
1.0
 37
0.0
 76
1
330
1B
  0
MATERIAL
  5
1F
102
{ACAD_REACTORS
330
E
102
}
330
E
100
AcDbMaterial
  1
ByBlock
  2

 70
0
 40
1.0
 71
1
 41
1.0
 91
-1023410177
 42
1.0
 72
1
  3

 73
1
 74
1
 75
1
 44
0.5
 73
0
 45
1.0
 46
1.0
 77
1
  4

 78
1
 79
1
170
1
 48
1.0
171
1
  6

172
1
173
1
174
1
140
1.0
141
1.0
175
1
  7

176
1
177
1
178
1
143
1.0
179
1
  8

270
1
271
1
272
1
145
1.0
146
1.0
273
1
  9

274
1
275
1
276
1
 42
1.0
 72
1
  3

 73
1
 74
1
 75
1
 94
63
  0
MATERIAL
  5
20
102
{ACAD_REACTORS
330
E
102
}
330
E
100
AcDbMaterial
  1
ByLayer
  2

 70
0
 40
1.0
 71
1
 41
1.0
 91
-1023410177
 42
1.0
 72
1
  3

 73
1
 74
1
 75
1
 44
0.5
 73
0
 45
1.0
 46
1.0
 77
1
  4

 78
1
 79
1
170
1
 48
1.0
171
1
  6

172
1
173
1
174
1
140
1.0
141
1.0
175
1
  7

176
1
177
1
178
1
143
1.0
179
1
  8

270
1
271
1
272
1
145
1.0
146
1.0
273
1
  9

274
1
275
1
276
1
 42
1.0
 72
1
  3

 73
1
 74
1
 75
1
 94
63
  0
MATERIAL
  5
21
102
{ACAD_REACTORS
330
E
102
}
330
E
100
AcDbMaterial
  1
Global
  2

 70
0
 40
1.0
 71
1
 41
1.0
 91
-1023410177
 42
1.0
 72
1
  3

 73
1
 74
1
 75
1
 44
0.5
 73
0
 45
1.0
 46
1.0
 77
1
  4

 78
1
 79
1
170
1
 48
1.0
171
1
  6

172
1
173
1
174
1
140
1.0
141
1.0
175
1
  7

176
1
177
1
178
1
143
1.0
179
1
  8

270
1
271
1
272
1
145
1.0
146
1.0
273
1
  9

274
1
275
1
276
1
 42
1.0
 72
1
  3

 73
1
 74
1
 75
1
 94
63
  0
MLINESTYLE
  5
22
102
{ACAD_REACTORS
330
10
102
}
330
10
100
AcDbMlineStyle
  2
Standard
 70
0
  3

 62
256
 51
90.0
 52
90.0
 71
2
 49
0.5
 62
256
  6
BYLAYER
 49
-0.5
 62
256
  6
BYLAYER
  0
MLEADERSTYLE
  5
2C
102
{ACAD_REACTORS
330
F
102
}
330
F
100
AcDbMLeaderStyle
179
2
170
2
171
1
172
0
 90
2
 40
0.0
 41
0.0
173
1
 91
-1056964608
 92
-2
290
1
 42
2.0
291
1
 43
8.0
  3
Standard
 44
4.0
300

342
29
174
1
175
1
176
0
178
1
 93
-1056964608
 45
4.0
292
0
297
0
 46
4.0
 94
-1056964608
 47
1.0
 49
1.0
140
1.0
294
1
141
0.0
177
0
142
1.0
295
0
296
0
143
3.75
271
0
272
9
273
9
  0
DICTIONARY
  5
2D
330
A
100
AcDbDictionary
280
1
281
1
  3
CREATED_BY_EZDXF
350
2E
  3
WRITTEN_BY_EZDXF
350
207
  0
DICTIONARYVAR
  5
2E
330
2D
100
DictionaryVariables
280
0
  1
1.4.4 @ 2026-09-24T16:58:40.378294+00:00
  0
VISUALSTYLE
  5
5A
102
{ACAD_REACTORS
330
16
102
}
330
16
100
AcDbVisualStyle
  2
2dWireframe
 70
4
177
3
291
0
 70
58
 90
2
176
1
 90
2
176
1
 90
0
176
1
 90
0
176
1
 40
0.6
176
1
 40
30.0
176
1
 62
7
420
16777215
176
1
 90
1
176
1
 90
4
176
1
 62
7
176
1
 62
257
176
1
 90
1
176
1
 90
1
176
1
 40
1.0
176
1
 90
8
176
1
 62
7
176
1
 40
1.0
176
1
 90
1
176
1
 90
6
176
1
 90
2
176
1
 62
7
176
1
 90
5
176
1
 90
0
176
1
 90
0
176
1
290
0
176
1
 90
1
176
1
 40
0.0
176
1
 90
0
176
1
290
1
176
1
290
1
176
1
290
0
176
1
290
0
176
1
290
0
176
1
290
0
176
1
290
0
176
1
290
0
176
1
290
0
176
1
 90
50
176
1
 40
0.0
176
1
 40
1.0
176
1
 90
0
176
1
 62
18
420
0
176
1
 90
50
176
1
 90
3
176
1
 62
5
420
255
176
1
290
0
176
1
 90
50
176
1
 90
50
176
1
 90
50
176
1
290
0
176
1
 90
50
176
1
 62
256
176
0
 40
1.0
176
0
 90
2
176
1
  1
strokes_ogs.tif
176
1
290
0
176
1
 40
1.0
176
1
 40
1.0
176
1
  0
VISUALSTYLE
  5
5B
102
{ACAD_REACTORS
330
16
102
}
330
16
100
AcDbVisualStyle
  2
Basic
 70
7
177
3
291
1
 70
58
 90
2
176
1
 90
2
176
1
 90
0
176
1
 90
1
176
1
 40
0.6
176
1
 40
30.0
176
1
 62
7
420
16777215
176
1
 90
1
176
1
 90
4
176
1
 62
7
176
1
 62
257
176
1
 90
1
176
1
 90
1
176
1
 40
1.0
176
1
 90
8
176
1
 62
7
176
1
 40
1.0
176
1
 90
1
176
1
 90
6
176
1
 90
2
176
1
 62
7
176
1
 90
5
176
1
 90
0
176
1
 90
0
176
1
290
0
176
1
 90
1
176
1
 40
0.0
176
1
 90
0
176
1
290
0
176
1
290
1
176
1
290
1
176
1
290
0
176
1
290
0
176
1
290
0
176
1
290
0
176
1
290
0
176
1
290
0
176
1
 90
50
176
1
 40
0.0
176
1
 40
1.0
176
1
 90
0
176
1
 62
18
420
0
176
1
 90
50
176
1
 90
3
176
1
 62
5
420
255
176
1
290
0
176
1
 90
50
176
1
 90
50
176
1
 90
50
176
1
290
0
176
1
 90
50
176
1
 62
256
176
0
 40
1.0
176
0
 90
2
176
1
  1
strokes_ogs.tif
176
1
290
0
176
1
 40
1.0
176
1
 40
1.0
176
1
  0
VISUALSTYLE
  5
5C
102
{ACAD_REACTORS
330
16
102
}
330
16
100
AcDbVisualStyle
  2
Brighten
 70
12
177
3
291
1
 70
58
 90
2
176
1
 90
2
176
1
 90
0
176
1
 90
2
176
1
 40
0.6
176
1
 40
30.0
176
1
 62
7
420
16777215
176
1
 90
1
176
1
 90
4
176
1
 62
7
176
1
 62
257
176
1
 90
1
176
1
 90
1
176
1
 40
1.0
176
1
 90
8
176
1
 62
7
176
1
 40
1.0
176
1
 90
1
176
1
 90
6
176
1
 90
2
176
1
 62
7
176
1
 90
5
176
1
 90
0
176
1
 90
0
176
1
290
0
176
1
 90
1
176
1
 40
0.0
176
1
 90
0
176
1
290
0
176
1
290
1
176
1
290
1
176
1
290
0
176
1
290
0
176
1
290
0
176
1
290
0
176
1
290
0
176
1
290
0
176
1
 90
50
176
1
 40
0.0
176
1
 40
1.0
176
1
 90
0
176
1
 62
18
420
0
176
1
 90
50
176
1
 90
3
176
1
 62
5
420
255
176
1
290
0
176
1
 90
50
176
1
 90
50
176
1
 90
50
176
1
290
0
176
1
 90
50
176
1
 62
256
176
0
 40
1.0
176
0
 90
2
176
1
  1
strokes_ogs.tif
176
1
290
0
176
1
 40
1.0
176
1
 40
1.0
176
1
  0
VISUALSTYLE
  5
5D
102
{ACAD_REACTORS
330
16
102
}
330
16
100
AcDbVisualStyle
  2
ColorChange
 70
16
177
3
291
1
 70
58
 90
2
176
1
 90
2
176
1
 90
0
176
1
 90
2
176
1
 40
0.6
176
1
 40
30.0
176
1
 62
7
420
16777215
176
1
 90
1
176
1
 90
4
176
1
 62
7
176
1
 62
257
176
1
 90
1
176
1
 90
1
176
1
 40
1.0
176
1
 90
8
176
1
 62
7
176
1
 40
1.0
176
1
 90
1
176
1
 90
6
176
1
 90
2
176
1
 62
7
176
1
 90
5
176
1
 90
0
176
1
 90
0
176
1
290
0
176
1
 90
1
176
1
 40
0.0
176
1
 90
0
176
1
290
0
176
1
290
1
176
1
290
1
176
1
290
0
176
1
290
0
176
1
290
0
176
1
290
0
176
1
290
0
176
1
290
0
176
1
 90
50
176
1
 40
0.0
176
1
 40
1.0
176
1
 90
0
176
1
 62
18
420
0
176
1
 90
50
176
1
 90
3
176
1
 62
5
420
255
176
1
290
0
176
1
 90
50
176
1
 90
50
176
1
 90
50
176
1
290
0
176
1
 90
50
176
1
 62
256
176
0
 40
1.0
176
0
 90
2
176
1
  1
strokes_ogs.tif
176
1
290
0
176
1
 40
1.0
176
1
 40
1.0
176
1
  0
VISUALSTYLE
  5
5E
102
{ACAD_REACTORS
330
16
102
}
330
16
100
AcDbVisualStyle
  2
Conceptual
 70
9
177
3
291
0
 70
58
 90
2
176
1
 90
2
176
1
 90
0
176
1
 90
3
176
1
 40
0.6
176
1
 40
30.0
176
1
 62
7
420
16777215
176
1
 90
1
176
1
 90
4
176
1
 62
7
176
1
 62
257
176
1
 90
1
176
1
 90
1
176
1
 40
1.0
176
1
 90
8
176
1
 62
7
176
1
 40
1.0
176
1
 90
1
176
1
 90
6
176
1
 90
2
176
1
 62
7
176
1
 90
5
176
1
 90
0
176
1
 90
0
176
1
290
0
176
1
 90
1
176
1
 40
0.0
176
1
 90
0
176
1
290
0
176
1
290
1
176
1
290
1
176
1
290
0
176
1
290
0
176
1
290
0
176
1
290
0
176
1
290
0
176
1
290
0
176
1
 90
50
176
1
 40
0.0
176
1
 40
1.0
176
1
 90
0
176
1
 62
18
420
0
176
1
 90
50
176
1
 90
3
176
1
 62
5
420
255
176
1
290
0
176
1
 90
50
176
1
 90
50
176
1
 90
50
176
1
290
0
176
1
 90
50
176
1
 62
256
176
0
 40
1.0
176
0
 90
2
176
1
  1
strokes_ogs.tif
176
1
290
0
176
1
 40
1.0
176
1
 40
1.0
176
1
  0
VISUALSTYLE
  5
5F
102
{ACAD_REACTORS
330
16
102
}
330
16
100
AcDbVisualStyle
  2
Dim
 70
11
177
3
291
1
 70
58
 90
2
176
1
 90
2
176
1
 90
0
176
1
 90
2
176
1
 40
0.6
176
1
 40
30.0
176
1
 62
7
420
16777215
176
1
 90
1
176
1
 90
4
176
1
 62
7
176
1
 62
257
176
1
 90
1
176
1
 90
1
176
1
 40
1.0
176
1
 90
8
176
1
 62
7
176
1
 40
1.0
176
1
 90
1
176
1
 90
6
176
1
 90
2
176
1
 62
7
176
1
 90
5
176
1
 90
0
176
1
 90
0
176
1
290
0
176
1
 90
1
176
1
 40
0.0
176
1
 90
0
176
1
290
0
176
1
290
1
176
1
290
1
176
1
290
0
176
1
290
0
176
1
290
0
176
1
290
0
176
1
290
0
176
1
290
0
176
1
 90
50
176
1
 40
0.0
176
1
 40
1.0
176
1
 90
0
176
1
 62
18
420
0
176
1
 90
50
176
1
 90
3
176
1
 62
5
420
255
176
1
290
0
176
1
 90
50
176
1
 90
50
176
1
 90
50
176
1
290
0
176
1
 90
50
176
1
 62
256
176
0
 40
1.0
176
0
 90
2
176
1
  1
strokes_ogs.tif
176
1
290
0
176
1
 40
1.0
176
1
 40
1.0
176
1
  0
VISUALSTYLE
  5
60
102
{ACAD_REACTORS
330
16
102
}
330
16
100
AcDbVisualStyle
  2
EdgeColorOff
 70
22
177
3
291
1
 70
58
 90
2
176
1
 90
2
176
1
 90
0
176
1
 90
2
176
1
 40
0.6
176
1
 40
30.0
176
1
 62
7
420
16777215
176
1
 90
1
176
1
 90
4
176
1
 62
7
176
1
 62
257
176
1
 90
1
176
1
 90
1
176
1
 40
1.0
176
1
 90
8
176
1
 62
7
176
1
 40
1.0
176
1
 90
1
176
1
 90
6
176
1
 90
2
176
1
 62
7
176
1
 90
5
176
1
 90
0
176
1
 90
0
176
1
290
0
176
1
 90
1
176
1
 40
0.0
176
1
 90
0
176
1
290
0
176
1
290
1
176
1
290
1
176
1
290
0
176
1
290
0
176
1
290
0
176
1
290
0
176
1
290
0
176
1
290
0
176
1
 90
50
176
1
 40
0.0
176
1
 40
1.0
176
1
 90
0
176
1
 62
18
420
0
176
1
 90
50
176
1
 90
3
176
1
 62
5
420
255
176
1
290
0
176
1
 90
50
176
1
 90
50
176
1
 90
50
176
1
290
0
176
1
 90
50
176
1
 62
256
176
0
 40
1.0
176
0
 90
2
176
1
  1
strokes_ogs.tif
176
1
290
0
176
1
 40
1.0
176
1
 40
1.0
176
1
  0
VISUALSTYLE
  5
61
102
{ACAD_REACTORS
330
16
102
}
330
16
100
AcDbVisualStyle
  2
Facepattern
 70
15
177
3
291
1
 70
58
 90
2
176
1
 90
2
176
1
 90
0
176
1
 90
2
176
1
 40
0.6
176
1
 40
30.0
176
1
 62
7
420
16777215
176
1
 90
1
176
1
 90
4
176
1
 62
7
176
1
 62
257
176
1
 90
1
176
1
 90
1
176
1
 40
1.0
176
1
 90
8
176
1
 62
7
176
1
 40
1.0
176
1
 90
1
176
1
 90
6
176
1
 90
2
176
1
 62
7
176
1
 90
5
176
1
 90
0
176
1
 90
0
176
1
290
0
176
1
 90
1
176
1
 40
0.0
176
1
 90
0
176
1
290
0
176
1
290
1
176
1
290
1
176
1
290
0
176
1
290
0
176
1
290
0
176
1
290
0
176
1
290
0
176
1
290
0
176
1
 90
50
176
1
 40
0.0
176
1
 40
1.0
176
1
 90
0
176
1
 62
18
420
0
176
1
 90
50
176
1
 90
3
176
1
 62
5
420
255
176
1
290
0
176
1
 90
50
176
1
 90
50
176
1
 90
50
176
1
290
0
176
1
 90
50
176
1
 62
256
176
0
 40
1.0
176
0
 90
2
176
1
  1
strokes_ogs.tif
176
1
290
0
176
1
 40
1.0
176
1
 40
1.0
176
1
  0
VISUALSTYLE
  5
62
102
{ACAD_REACTORS
330
16
102
}
330
16
100
AcDbVisualStyle
  2
Flat
 70
0
177
3
291
1
 70
58
 90
2
176
1
 90
2
176
1
 90
0
176
1
 90
2
176
1
 40
0.6
176
1
 40
30.0
176
1
 62
7
420
16777215
176
1
 90
1
176
1
 90
4
176
1
 62
7
176
1
 62
257
176
1
 90
1
176
1
 90
1
176
1
 40
1.0
176
1
 90
8
176
1
 62
7
176
1
 40
1.0
176
1
 90
1
176
1
 90
6
176
1
 90
2
176
1
 62
7
176
1
 90
5
176
1
 90
0
176
1
 90
0
176
1
290
0
176
1
 90
1
176
1
 40
0.0
176
1
 90
0
176
1
290
0
176
1
290
1
176
1
290
1
176
1
290
0
176
1
290
0
176
1
290
0
176
1
290
0
176
1
290
0
176
1
290
0
176
1
 90
50
176
1
 40
0.0
176
1
 40
1.0
176
1
 90
0
176
1
 62
18
420
0
176
1
 90
50
176
1
 90
3
176
1
 62
5
420
255
176
1
290
0
176
1
 90
50
176
1
 90
50
176
1
 90
50
176
1
290
0
176
1
 90
50
176
1
 62
256
176
0
 40
1.0
176
0
 90
2
176
1
  1
strokes_ogs.tif
176
1
290
0
176
1
 40
1.0
176
1
 40
1.0
176
1
  0
VISUALSTYLE
  5
63
102
{ACAD_REACTORS
330
16
102
}
330
16
100
AcDbVisualStyle
  2
FlatWithEdges
 70
1
177
3
291
1
 70
58
 90
2
176
1
 90
2
176
1
 90
0
176
1
 90
2
176
1
 40
0.6
176
1
 40
30.0
176
1
 62
7
420
16777215
176
1
 90
1
176
1
 90
4
176
1
 62
7
176
1
 62
257
176
1
 90
1
176
1
 90
1
176
1
 40
1.0
176
1
 90
8
176
1
 62
7
176
1
 40
1.0
176
1
 90
1
176
1
 90
6
176
1
 90
2
176
1
 62
7
176
1
 90
5
176
1
 90
0
176
1
 90
0
176
1
290
0
176
1
 90
1
176
1
 40
0.0
176
1
 90
0
176
1
290
0
176
1
290
1
176
1
290
1
176
1
290
0
176
1
290
0
176
1
290
0
176
1
290
0
176
1
290
0
176
1
290
0
176
1
 90
50
176
1
 40
0.0
176
1
 40
1.0
176
1
 90
0
176
1
 62
18
420
0
176
1
 90
50
176
1
 90
3
176
1
 62
5
420
255
176
1
290
0
176
1
 90
50
176
1
 90
50
176
1
 90
50
176
1
290
0
176
1
 90
50
176
1
 62
256
176
0
 40
1.0
176
0
 90
2
176
1
  1
strokes_ogs.tif
176
1
290
0
176
1
 40
1.0
176
1
 40
1.0
176
1
  0
VISUALSTYLE
  5
64
102
{ACAD_REACTORS
330
16
102
}
330
16
100
AcDbVisualStyle
  2
Gouraud
 70
2
177
3
291
1
 70
58
 90
2
176
1
 90
2
176
1
 90
0
176
1
 90
2
176
1
 40
0.6
176
1
 40
30.0
176
1
 62
7
420
16777215
176
1
 90
1
176
1
 90
4
176
1
 62
7
176
1
 62
257
176
1
 90
1
176
1
 90
1
176
1
 40
1.0
176
1
 90
8
176
1
 62
7
176
1
 40
1.0
176
1
 90
1
176
1
 90
6
176
1
 90
2
176
1
 62
7
176
1
 90
5
176
1
 90
0
176
1
 90
0
176
1
290
0
176
1
 90
1
176
1
 40
0.0
176
1
 90
0
176
1
290
0
176
1
290
1
176
1
290
1
176
1
290
0
176
1
290
0
176
1
290
0
176
1
290
0
176
1
290
0
176
1
290
0
176
1
 90
50
176
1
 40
0.0
176
1
 40
1.0
176
1
 90
0
176
1
 62
18
420
0
176
1
 90
50
176
1
 90
3
176
1
 62
5
420
255
176
1
290
0
176
1
 90
50
176
1
 90
50
176
1
 90
50
176
1
290
0
176
1
 90
50
176
1
 62
256
176
0
 40
1.0
176
0
 90
2
176
1
  1
strokes_ogs.tif
176
1
290
0
176
1
 40
1.0
176
1
 40
1.0
176
1
  0
VISUALSTYLE
  5
65
102
{ACAD_REACTORS
330
16
102
}
330
16
100
AcDbVisualStyle
  2
GouraudWithEdges
 70
3
177
3
291
1
 70
58
 90
2
176
1
 90
2
176
1
 90
0
176
1
 90
2
176
1
 40
0.6
176
1
 40
30.0
176
1
 62
7
420
16777215
176
1
 90
1
176
1
 90
4
176
1
 62
7
176
1
 62
257
176
1
 90
1
176
1
 90
1
176
1
 40
1.0
176
1
 90
8
176
1
 62
7
176
1
 40
1.0
176
1
 90
1
176
1
 90
6
176
1
 90
2
176
1
 62
7
176
1
 90
5
176
1
 90
0
176
1
 90
0
176
1
290
0
176
1
 90
1
176
1
 40
0.0
176
1
 90
0
176
1
290
0
176
1
290
1
176
1
290
1
176
1
290
0
176
1
290
0
176
1
290
0
176
1
290
0
176
1
290
0
176
1
290
0
176
1
 90
50
176
1
 40
0.0
176
1
 40
1.0
176
1
 90
0
176
1
 62
18
420
0
176
1
 90
50
176
1
 90
3
176
1
 62
5
420
255
176
1
290
0
176
1
 90
50
176
1
 90
50
176
1
 90
50
176
1
290
0
176
1
 90
50
176
1
 62
256
176
0
 40
1.0
176
0
 90
2
176
1
  1
strokes_ogs.tif
176
1
290
0
176
1
 40
1.0
176
1
 40
1.0
176
1
  0
VISUALSTYLE
  5
66
102
{ACAD_REACTORS
330
16
102
}
330
16
100
AcDbVisualStyle
  2
Hidden
 70
6
177
3
291
0
 70
58
 90
2
176
1
 90
2
176
1
 90
0
176
1
 90
1
176
1
 40
0.6
176
1
 40
30.0
176
1
 62
7
420
16777215
176
1
 90
1
176
1
 90
4
176
1
 62
7
176
1
 62
257
176
1
 90
1
176
1
 90
1
176
1
 40
1.0
176
1
 90
8
176
1
 62
7
176
1
 40
1.0
176
1
 90
1
176
1
 90
6
176
1
 90
2
176
1
 62
7
176
1
 90
5
176
1
 90
0
176
1
 90
0
176
1
290
0
176
1
 90
1
176
1
 40
0.0
176
1
 90
0
176
1
290
0
176
1
290
1
176
1
290
1
176
1
290
0
176
1
290
0
176
1
290
0
176
1
290
0
176
1
290
0
176
1
290
0
176
1
 90
50
176
1
 40
0.0
176
1
 40
1.0
176
1
 90
0
176
1
 62
18
420
0
176
1
 90
50
176
1
 90
3
176
1
 62
5
420
255
176
1
290
0
176
1
 90
50
176
1
 90
50
176
1
 90
50
176
1
290
0
176
1
 90
50
176
1
 62
256
176
0
 40
1.0
176
0
 90
2
176
1
  1
strokes_ogs.tif
176
1
290
0
176
1
 40
1.0
176
1
 40
1.0
176
1
  0
VISUALSTYLE
  5
67
102
{ACAD_REACTORS
330
16
102
}
330
16
100
AcDbVisualStyle
  2
JitterOff
 70
20
177
3
291
1
 70
58
 90
2
176
1
 90
2
176
1
 90
0
176
1
 90
2
176
1
 40
0.6
176
1
 40
30.0
176
1
 62
7
420
16777215
176
1
 90
1
176
1
 90
4
176
1
 62
7
176
1
 62
257
176
1
 90
1
176
1
 90
1
176
1
 40
1.0
176
1
 90
8
176
1
 62
7
176
1
 40
1.0
176
1
 90
1
176
1
 90
6
176
1
 90
2
176
1
 62
7
176
1
 90
5
176
1
 90
0
176
1
 90
0
176
1
290
0
176
1
 90
1
176
1
 40
0.0
176
1
 90
0
176
1
290
0
176
1
290
1
176
1
290
1
176
1
290
0
176
1
290
0
176
1
290
0
176
1
290
0
176
1
290
0
176
1
290
0
176
1
 90
50
176
1
 40
0.0
176
1
 40
1.0
176
1
 90
0
176
1
 62
18
420
0
176
1
 90
50
176
1
 90
3
176
1
 62
5
420
255
176
1
290
0
176
1
 90
50
176
1
 90
50
176
1
 90
50
176
1
290
0
176
1
 90
50
176
1
 62
256
176
0
 40
1.0
176
0
 90
2
176
1
  1
strokes_ogs.tif
176
1
290
0
176
1
 40
1.0
176
1
 40
1.0
176
1
  0
VISUALSTYLE
  5
68
102
{ACAD_REACTORS
330
16
102
}
330
16
100
AcDbVisualStyle
  2
Linepattern
 70
14
177
3
291
1
 70
58
 90
2
176
1
 90
2
176
1
 90
0
176
1
 90
2
176
1
 40
0.6
176
1
 40
30.0
176
1
 62
7
420
16777215
176
1
 90
1
176
1
 90
4
176
1
 62
7
176
1
 62
257
176
1
 90
1
176
1
 90
1
176
1
 40
1.0
176
1
 90
8
176
1
 62
7
176
1
 40
1.0
176
1
 90
1
176
1
 90
6
176
1
 90
2
176
1
 62
7
176
1
 90
5
176
1
 90
0
176
1
 90
0
176
1
290
0
176
1
 90
1
176
1
 40
0.0
176
1
 90
0
176
1
290
0
176
1
290
1
176
1
290
1
176
1
290
0
176
1
290
0
176
1
290
0
176
1
290
0
176
1
290
0
176
1
290
0
176
1
 90
50
176
1
 40
0.0
176
1
 40
1.0
176
1
 90
0
176
1
 62
18
420
0
176
1
 90
50
176
1
 90
3
176
1
 62
5
420
255
176
1
290
0
176
1
 90
50
176
1
 90
50
176
1
 90
50
176
1
290
0
176
1
 90
50
176
1
 62
256
176
0
 40
1.0
176
0
 90
2
176
1
  1
strokes_ogs.tif
176
1
290
0
176
1
 40
1.0
176
1
 40
1.0
176
1
  0
VISUALSTYLE
  5
69
102
{ACAD_REACTORS
330
16
102
}
330
16
100
AcDbVisualStyle
  2
Modeling
 70
10
177
3
291
0
 70
58
 90
2
176
1
 90
2
176
1
 90
0
176
1
 90
2
176
1
 40
0.6
176
1
 40
30.0
176
1
 62
7
420
16777215
176
1
 90
1
176
1
 90
4
176
1
 62
7
176
1
 62
257
176
1
 90
1
176
1
 90
1
176
1
 40
1.0
176
1
 90
8
176
1
 62
7
176
1
 40
1.0
176
1
 90
1
176
1
 90
6
176
1
 90
2
176
1
 62
7
176
1
 90
5
176
1
 90
0
176
1
 90
0
176
1
290
0
176
1
 90
1
176
1
 40
0.0
176
1
 90
0
176
1
290
0
176
1
290
1
176
1
290
1
176
1
290
0
176
1
290
0
176
1
290
0
176
1
290
0
176
1
290
0
176
1
290
0
176
1
 90
50
176
1
 40
0.0
176
1
 40
1.0
176
1
 90
0
176
1
 62
18
420
0
176
1
 90
50
176
1
 90
3
176
1
 62
5
420
255
176
1
290
0
176
1
 90
50
176
1
 90
50
176
1
 90
50
176
1
290
0
176
1
 90
50
176
1
 62
256
176
0
 40
1.0
176
0
 90
2
176
1
  1
strokes_ogs.tif
176
1
290
0
176
1
 40
1.0
176
1
 40
1.0
176
1
  0
VISUALSTYLE
  5
6A
102
{ACAD_REACTORS
330
16
102
}
330
16
100
AcDbVisualStyle
  2
OverhangOff
 70
21
177
3
291
1
 70
58
 90
2
176
1
 90
2
176
1
 90
0
176
1
 90
2
176
1
 40
0.6
176
1
 40
30.0
176
1
 62
7
420
16777215
176
1
 90
1
176
1
 90
4
176
1
 62
7
176
1
 62
257
176
1
 90
1
176
1
 90
1
176
1
 40
1.0
176
1
 90
8
176
1
 62
7
176
1
 40
1.0
176
1
 90
1
176
1
 90
6
176
1
 90
2
176
1
 62
7
176
1
 90
5
176
1
 90
0
176
1
 90
0
176
1
290
0
176
1
 90
1
176
1
 40
0.0
176
1
 90
0
176
1
290
0
176
1
290
1
176
1
290
1
176
1
290
0
176
1
290
0
176
1
290
0
176
1
290
0
176
1
290
0
176
1
290
0
176
1
 90
50
176
1
 40
0.0
176
1
 40
1.0
176
1
 90
0
176
1
 62
18
420
0
176
1
 90
50
176
1
 90
3
176
1
 62
5
420
255
176
1
290
0
176
1
 90
50
176
1
 90
50
176
1
 90
50
176
1
290
0
176
1
 90
50
176
1
 62
256
176
0
 40
1.0
176
0
 90
2
176
1
  1
strokes_ogs.tif
176
1
290
0
176
1
 40
1.0
176
1
 40
1.0
176
1
  0
VISUALSTYLE
  5
6B
102
{ACAD_REACTORS
330
16
102
}
330
16
100
AcDbVisualStyle
  2
Realistic
 70
8
177
3
291
0
 70
58
 90
2
176
1
 90
2
176
1
 90
0
176
1
 90
2
176
1
 40
0.6
176
1
 40
30.0
176
1
 62
7
420
16777215
176
1
 90
1
176
1
 90
4
176
1
 62
7
176
1
 62
257
176
1
 90
1
176
1
 90
1
176
1
 40
1.0
176
1
 90
8
176
1
 62
7
176
1
 40
1.0
176
1
 90
1
176
1
 90
6
176
1
 90
2
176
1
 62
7
176
1
 90
5
176
1
 90
0
176
1
 90
0
176
1
290
0
176
1
 90
1
176
1
 40
0.0
176
1
 90
0
176
1
290
0
176
1
290
1
176
1
290
1
176
1
290
0
176
1
290
0
176
1
290
0
176
1
290
0
176
1
290
0
176
1
290
0
176
1
 90
50
176
1
 40
0.0
176
1
 40
1.0
176
1
 90
0
176
1
 62
18
420
0
176
1
 90
50
176
1
 90
3
176
1
 62
5
420
255
176
1
290
0
176
1
 90
50
176
1
 90
50
176
1
 90
50
176
1
290
0
176
1
 90
50
176
1
 62
256
176
0
 40
1.0
176
0
 90
2
176
1
  1
strokes_ogs.tif
176
1
290
0
176
1
 40
1.0
176
1
 40
1.0
176
1
  0
VISUALSTYLE
  5
6C
102
{ACAD_REACTORS
330
16
102
}
330
16
100
AcDbVisualStyle
  2
Shaded
 70
27
177
3
291
0
 70
58
 90
2
176
1
 90
2
176
1
 90
0
176
1
 90
2
176
1
 40
0.6
176
1
 40
30.0
176
1
 62
7
420
16777215
176
1
 90
1
176
1
 90
4
176
1
 62
7
176
1
 62
257
176
1
 90
1
176
1
 90
1
176
1
 40
1.0
176
1
 90
8
176
1
 62
7
176
1
 40
1.0
176
1
 90
1
176
1
 90
6
176
1
 90
2
176
1
 62
7
176
1
 90
5
176
1
 90
0
176
1
 90
0
176
1
290
0
176
1
 90
1
176
1
 40
0.0
176
1
 90
0
176
1
290
0
176
1
290
1
176
1
290
1
176
1
290
0
176
1
290
0
176
1
290
0
176
1
290
0
176
1
290
0
176
1
290
0
176
1
 90
50
176
1
 40
0.0
176
1
 40
1.0
176
1
 90
0
176
1
 62
18
420
0
176
1
 90
50
176
1
 90
3
176
1
 62
5
420
255
176
1
290
0
176
1
 90
50
176
1
 90
50
176
1
 90
50
176
1
290
0
176
1
 90
50
176
1
 62
256
176
0
 40
1.0
176
0
 90
2
176
1
  1
strokes_ogs.tif
176
1
290
0
176
1
 40
1.0
176
1
 40
1.0
176
1
  0
VISUALSTYLE
  5
6D
102
{ACAD_REACTORS
330
16
102
}
330
16
100
AcDbVisualStyle
  2
Shaded with edges
 70
26
177
3
291
0
 70
58
 90
2
176
1
 90
2
176
1
 90
0
176
1
 90
2
176
1
 40
0.6
176
1
 40
30.0
176
1
 62
7
420
16777215
176
1
 90
1
176
1
 90
4
176
1
 62
7
176
1
 62
257
176
1
 90
1
176
1
 90
1
176
1
 40
1.0
176
1
 90
8
176
1
 62
7
176
1
 40
1.0
176
1
 90
1
176
1
 90
6
176
1
 90
2
176
1
 62
7
176
1
 90
5
176
1
 90
0
176
1
 90
0
176
1
290
0
176
1
 90
1
176
1
 40
0.0
176
1
 90
0
176
1
290
0
176
1
290
1
176
1
290
1
176
1
290
0
176
1
290
0
176
1
290
0
176
1
290
0
176
1
290
0
176
1
290
0
176
1
 90
50
176
1
 40
0.0
176
1
 40
1.0
176
1
 90
0
176
1
 62
18
420
0
176
1
 90
50
176
1
 90
3
176
1
 62
5
420
255
176
1
290
0
176
1
 90
50
176
1
 90
50
176
1
 90
50
176
1
290
0
176
1
 90
50
176
1
 62
256
176
0
 40
1.0
176
0
 90
2
176
1
  1
strokes_ogs.tif
176
1
290
0
176
1
 40
1.0
176
1
 40
1.0
176
1
  0
VISUALSTYLE
  5
6E
102
{ACAD_REACTORS
330
16
102
}
330
16
100
AcDbVisualStyle
  2
Shades of Gray
 70
23
177
3
291
0
 70
58
 90
2
176
1
 90
2
176
1
 90
0
176
1
 90
2
176
1
 40
0.6
176
1
 40
30.0
176
1
 62
7
420
16777215
176
1
 90
1
176
1
 90
4
176
1
 62
7
176
1
 62
257
176
1
 90
1
176
1
 90
1
176
1
 40
1.0
176
1
 90
8
176
1
 62
7
176
1
 40
1.0
176
1
 90
1
176
1
 90
6
176
1
 90
2
176
1
 62
7
176
1
 90
5
176
1
 90
0
176
1
 90
0
176
1
290
0
176
1
 90
1
176
1
 40
0.0
176
1
 90
0
176
1
290
0
176
1
290
1
176
1
290
1
176
1
290
0
176
1
290
0
176
1
290
0
176
1
290
0
176
1
290
0
176
1
290
0
176
1
 90
50
176
1
 40
0.0
176
1
 40
1.0
176
1
 90
0
176
1
 62
18
420
0
176
1
 90
50
176
1
 90
3
176
1
 62
5
420
255
176
1
290
0
176
1
 90
50
176
1
 90
50
176
1
 90
50
176
1
290
0
176
1
 90
50
176
1
 62
256
176
0
 40
1.0
176
0
 90
2
176
1
  1
strokes_ogs.tif
176
1
290
0
176
1
 40
1.0
176
1
 40
1.0
176
1
  0
VISUALSTYLE
  5
6F
102
{ACAD_REACTORS
330
16
102
}
330
16
100
AcDbVisualStyle
  2
Sketchy
 70
24
177
3
291
0
 70
58
 90
2
176
1
 90
2
176
1
 90
0
176
1
 90
1
176
1
 40
0.6
176
1
 40
30.0
176
1
 62
7
420
16777215
176
1
 90
1
176
1
 90
4
176
1
 62
7
176
1
 62
257
176
1
 90
1
176
1
 90
1
176
1
 40
1.0
176
1
 90
8
176
1
 62
7
176
1
 40
1.0
176
1
 90
1
176
1
 90
6
176
1
 90
2
176
1
 62
7
176
1
 90
5
176
1
 90
0
176
1
 90
0
176
1
290
0
176
1
 90
1
176
1
 40
0.0
176
1
 90
0
176
1
290
0
176
1
290
1
176
1
290
1
176
1
290
0
176
1
290
0
176
1
290
0
176
1
290
0
176
1
290
0
176
1
290
0
176
1
 90
50
176
1
 40
0.0
176
1
 40
1.0
176
1
 90
0
176
1
 62
18
420
0
176
1
 90
50
176
1
 90
3
176
1
 62
5
420
255
176
1
290
0
176
1
 90
50
176
1
 90
50
176
1
 90
50
176
1
290
0
176
1
 90
50
176
1
 62
256
176
0
 40
1.0
176
0
 90
2
176
1
  1
strokes_ogs.tif
176
1
290
0
176
1
 40
1.0
176
1
 40
1.0
176
1
  0
VISUALSTYLE
  5
70
102
{ACAD_REACTORS
330
16
102
}
330
16
100
AcDbVisualStyle
  2
Thicken
 70
13
177
3
291
1
 70
58
 90
2
176
1
 90
2
176
1
 90
0
176
1
 90
2
176
1
 40
0.6
176
1
 40
30.0
176
1
 62
7
420
16777215
176
1
 90
1
176
1
 90
4
176
1
 62
7
176
1
 62
257
176
1
 90
1
176
1
 90
1
176
1
 40
1.0
176
1
 90
8
176
1
 62
7
176
1
 40
1.0
176
1
 90
1
176
1
 90
6
176
1
 90
2
176
1
 62
7
176
1
 90
5
176
1
 90
0
176
1
 90
0
176
1
290
0
176
1
 90
1
176
1
 40
0.0
176
1
 90
0
176
1
290
0
176
1
290
1
176
1
290
1
176
1
290
0
176
1
290
0
176
1
290
0
176
1
290
0
176
1
290
0
176
1
290
0
176
1
 90
50
176
1
 40
0.0
176
1
 40
1.0
176
1
 90
0
176
1
 62
18
420
0
176
1
 90
50
176
1
 90
3
176
1
 62
5
420
255
176
1
290
0
176
1
 90
50
176
1
 90
50
176
1
 90
50
176
1
290
0
176
1
 90
50
176
1
 62
256
176
0
 40
1.0
176
0
 90
2
176
1
  1
strokes_ogs.tif
176
1
290
0
176
1
 40
1.0
176
1
 40
1.0
176
1
  0
VISUALSTYLE
  5
71
102
{ACAD_REACTORS
330
16
102
}
330
16
100
AcDbVisualStyle
  2
Wireframe
 70
5
177
3
291
0
 70
58
 90
2
176
1
 90
2
176
1
 90
0
176
1
 90
0
176
1
 40
0.6
176
1
 40
30.0
176
1
 62
7
420
16777215
176
1
 90
1
176
1
 90
4
176
1
 62
7
176
1
 62
257
176
1
 90
1
176
1
 90
1
176
1
 40
1.0
176
1
 90
8
176
1
 62
7
176
1
 40
1.0
176
1
 90
1
176
1
 90
6
176
1
 90
2
176
1
 62
7
176
1
 90
5
176
1
 90
0
176
1
 90
0
176
1
290
0
176
1
 90
1
176
1
 40
0.0
176
1
 90
0
176
1
290
0
176
1
290
1
176
1
290
1
176
1
290
0
176
1
290
0
176
1
290
0
176
1
290
0
176
1
290
0
176
1
290
0
176
1
 90
50
176
1
 40
0.0
176
1
 40
1.0
176
1
 90
0
176
1
 62
18
420
0
176
1
 90
50
176
1
 90
3
176
1
 62
5
420
255
176
1
290
0
176
1
 90
50
176
1
 90
50
176
1
 90
50
176
1
290
0
176
1
 90
50
176
1
 62
256
176
0
 40
1.0
176
0
 90
2
176
1
  1
strokes_ogs.tif
176
1
290
0
176
1
 40
1.0
176
1
 40
1.0
176
1
  0
VISUALSTYLE
  5
72
102
{ACAD_REACTORS
330
16
102
}
330
16
100
AcDbVisualStyle
  2
X-Ray
 70
25
177
3
291
0
 70
58
 90
2
176
1
 90
2
176
1
 90
0
176
1
 90
2
176
1
 40
0.5
176
1
 40
30.0
176
1
 62
7
420
16777215
176
1
 90
1
176
1
 90
4
176
1
 62
7
176
1
 62
257
176
1
 90
1
176
1
 90
1
176
1
 40
1.0
176
1
 90
8
176
1
 62
7
176
1
 40
1.0
176
1
 90
1
176
1
 90
6
176
1
 90
2
176
1
 62
7
176
1
 90
5
176
1
 90
0
176
1
 90
0
176
1
290
0
176
1
 90
1
176
1
 40
0.0
176
1
 90
0
176
1
290
0
176
1
290
1
176
1
290
1
176
1
290
0
176
1
290
0
176
1
290
0
176
1
290
0
176
1
290
0
176
1
290
0
176
1
 90
50
176
1
 40
0.0
176
1
 40
1.0
176
1
 90
0
176
1
 62
18
420
0
176
1
 90
50
176
1
 90
3
176
1
 62
5
420
255
176
1
290
0
176
1
 90
50
176
1
 90
50
176
1
 90
50
176
1
290
0
176
1
 90
50
176
1
 62
256
176
0
 40
1.0
176
0
 90
2
176
1
  1
strokes_ogs.tif
176
1
290
0
176
1
 40
1.0
176
1
 40
1.0
176
1
  0
DICTIONARYVAR
  5
207
330
2D
100
DictionaryVariables
280
0
  1
1.4.4 @ 2026-09-24T16:58:40.416044+00:00
  0
ENDSEC
  0
EOF
